sale_id;date_time;store_id;unit_value;amount;description;product_id
640c12802f75df0d5e450931;2023-01-26 12:42:37;625035bee612a77bf7ffb15a;2.99;1.0;MACARRAO INSTANTANEO NISSIN TALHARIM FRANGO SC 99G;62504970d0b5080e877fb2ad
640bdec75ea4e53a3be9f603;2022-11-28 12:06:58;625035bee612a77bf7ffb15a;45.99;0.16;QUEIJO MUSSARELA RIO JAGUARIBE FATIADO KG;636135470f70386ec98d9c5e
640be9069defb3548a672610;2022-12-10 18:51:42;625035bee612a77bf7ffb15a;7.99;3.0;CAFE SANTA CLARA VACUO PREMIUM SC 250G;6250495c0d00b80e87a66409
640be583924a5b4ae9050a90;2022-12-06 13:40:56;625035bee612a77bf7ffb15a;2.49;1.0;CREME DE LEITE CCGL TRAD UHT TP 200G;62a72e5e208b8b4c1f38bece
640c13772fc2fd140e9dc463;2023-01-27 16:22:13;625035bee612a77bf7ffb15a;5.49;1.0;TEMPERO EM PO SAZON LEGUMES SC 60G 12X1;62504960f79ae30e8733db94
640c050197b4b82178d05362;2023-01-10 18:32:51;625035bee612a77bf7ffb15a;6.99;1.0;PAO RABELO FORMA INTEGRAL PC 400G;6250495f9c935c0e87669d3b
640c10222819be02a9214376;2023-01-23 09:08:05;625035bee612a77bf7ffb15a;3.39;1.0;CHEIRO VERDE PROCESSADO SC;6250495b66f1f10e87d6b01a
640be58f71ad644ae998b5eb;2022-12-06 19:07:50;625035bee612a77bf7ffb15a;4.99;1.0;APARELHO DE BARBEAR BIC ACQUA3 CR 2X1;6250495bd2ef350e873109f4
640c0adf9e3f3b31f822cc6d;2023-01-17 20:35:03;625035bee612a77bf7ffb15a;2.49;2.0;MACARRAO INSTANTANEO NISSIN TURMA DA MONICA GALINHA SC 85G;625049700ef37f0e87fd58fb
640befc4fe87c3669bcfe619;2022-12-18 10:09:58;625035bee612a77bf7ffb15a;15.99;1.0;SOBREMESA LACTEA NESTLE CHANDELLE CHOC BDJ 720G 8X1;62504965871cf00e8766ab55
640c05075c983221788be566;2023-01-10 20:40:18;625035bee612a77bf7ffb15a;3.39;1.0;CHEIRO VERDE PROCESSADO SC;6250495b66f1f10e87d6b01a
640bea8ed77844593e955f83;2022-12-12 16:23:37;625035bee612a77bf7ffb15a;2.29;1.0;OLEO CAPILAR SKAFE NATUHAIR VITAMINA E AP 10ML;625049678ef6fb0e8759ca76
640bd4a7b964971bb09b720a;2022-11-18 08:01:53;625035bee612a77bf7ffb15a;3.99;1.0;FOSFORO PARANA CX 40X10;6250495d35982e0e8740d47a
640be3ed17812046b29fadfe;2022-12-04 09:44:26;625035bee612a77bf7ffb15a;4.49;1.0;ELASTICO PARA CABELO RABICO REF 641117 SC 6X1;62504965cc9cdf0e87bd6cce
640bd9933a1d712bb14d8cda;2022-11-24 11:22:48;625035bee612a77bf7ffb15a;7.49;1.0;REFRIGERANTE COCA COLA GF 2LT;6250495f009be40e87ae07ca
640c077f7dffad289169e777;2023-01-13 18:52:05;625035bee612a77bf7ffb15a;12.99;0.49;MACA NACIONAL KG;6250495bf443ab0e8763f185
640bcde6f6bf0e03b1205db6;2022-11-10 08:59:43;625035bee612a77bf7ffb15a;17.99;1.0;SHAMPOO NIELY GOLD BS 275ML + CONDICIONADOR ARGAN 175ML;6250495eedb5e00e87b078e2
640c0c8f655b4d5f7008a759;2023-01-19 22:32:31;625035bee612a77bf7ffb15a;4.89;0.385;BATATA DOCE KG;6250495b20af2b0e87f023e6
640c164dbdc69b2804d2ac1f;2023-01-30 16:38:39;625035bee612a77bf7ffb15a;0.79;1.0;REFRESCO FRISCO GUARANA SC 25G;6250495fc1a0f50e879e0e68
640c00873a54d1151f7205ea;2023-01-05 17:13:08;625035bee612a77bf7ffb15a;4.99;1.0;SABONETE FRANCIS ROSAS DE VERSAILLES CX 90G;6250495fc1dda10e876bdd03
640befc6514690669b22f9ea;2022-12-18 10:41:13;625035bee612a77bf7ffb15a;8.99;1.0;AMACIANTE DE ROUPAS DOWNY CONC INTENSO GF 500ML;62a72ebcb7f15a4c1ffaac7e
640bf21fc0ff8f6cecca8d80;2022-12-21 12:31:36;625035bee612a77bf7ffb15a;3.99;1.0;CREME DE LEITE BETANIA UHT SUPER CREMOSO TRAD TP 200G;6250495d3da6c10e872edeca
640bf1504348ce6aff1e6cc7;2022-12-20 11:39:03;625035bee612a77bf7ffb15a;5.49;1.065;BANANA NANICA KG;6250495bc674b30e87f14adc
640bffb95cf49c12713074cb;2023-01-04 20:45:43;625035bee612a77bf7ffb15a;16.49;1.0;CORTE DE FRANGO PERDIGAO FILEZINHO DE PEITO SASSAMI BDJ 1KG;6250495d36f5610e87a2742a
640c088205d0822b8f82d4ef;2023-01-14 17:50:09;625035bee612a77bf7ffb15a;1.69;1.0;MACARRAO INSTANTANEO RICHESTER YOI CARNE SC 74,3G;62504968b6edaf0e874069e5
640bcbdbcba1d17c6f9a6b7c;2022-11-07 20:44:03;625035bee612a77bf7ffb15a;8.99;1.0;ABS ALWAYS NOITES TRANQUILAS SECA C ABAS SC LV8 PG7;6250495bce981d0e87b44241
640bcd45521886016f0bd6a0;2022-11-09 19:01:34;625035bee612a77bf7ffb15a;1.69;2.0;MACARRAO INSTANTANEO RICHESTER YOI CARNE SC 74,3G;62504968b6edaf0e874069e5
640bffb455ab1812710b04d6;2023-01-04 19:02:08;625035bee612a77bf7ffb15a;5.49;1.0;LEITE UHT ELEGE INTEGRAL TP 1LT;6250495e437f080e87f8c3de
640bd98cfd40612bb16687f3;2022-11-24 07:12:56;625035bee612a77bf7ffb15a;6.99;1.0;DESINFETANTE URCA PINHO FLORAL GF 2LT;6250495d6c8c850e87ce293b
640bd4bfbae49f1bb05d1ba9;2022-11-18 18:37:14;625035bee612a77bf7ffb15a;1.79;5.0;MACARRAO INSTANTANEO NISSIN MIOJO GALINHA CAIPIRA SC 85G;6250495ec30b710e8715fddf
640bc66170d90b6925c9c96b;2022-11-01 17:39:42;625035bee612a77bf7ffb15a;5.49;1.0;PAO RABELO LEITE PC 350G;6250495f3989900e87fb65d4
640bca4860a2e57807eb3fd6;2022-11-05 20:09:49;625035bee612a77bf7ffb15a;2.79;1.0;SABONETE EVEN SUAVE LIMAO E CHA VERDE SC 85G;62504965e791ff0e87af97d8
640bf15b8356376affe2bd81;2022-12-20 19:15:38;625035bee612a77bf7ffb15a;8.99;1.0;SACO FREEZER BILLA BAG 27X32CM SC 50X1;62504965b9d85f0e8743f78f
640c027cc88b531a5bc0e86f;2023-01-07 10:35:21;625035bee612a77bf7ffb15a;3.79;1.0;POLPA DE FRUTA MAIS POLPAS ACEROLA SC 500G;62504966c577590e8766131f
640c0f60c956c67f6ba21fcd;2023-01-22 07:40:56;625035bee612a77bf7ffb15a;3.19;1.0;POLPA DE FRUTA KIPOLPAS ABACAXI SC 500G ;6250495f7a04320e871b8f25
640be9dda5458556c30e5895;2022-12-11 14:34:07;625035bee612a77bf7ffb15a;8.99;1.0;BEBIDA ENERGETICA RED BULL THE SUMMER COCO LA 250ML;625049645ea03f0e87832ee3
640bcb0eb845dc7a728e54ff;2022-11-06 10:30:52;625035bee612a77bf7ffb15a;5.99;1.0;MACARRAO ESTRELA SEMOLA NINHO SC 500G;6250495e758e930e87315786
640be7fa297b0f51a45dae8c;2022-12-09 17:51:27;625035bee612a77bf7ffb15a;10.99;1.0;OLEO DE SOJA SOYA GF 900ML;6250495ebd25ed0e8742ab1c
640c17385b895c2af4d731c9;2023-01-31 08:45:44;625035bee612a77bf7ffb15a;7.99;1.0;BOLACHA ERIKA ESPECIAL ALHO PC 300G;6250495ce8c4e10e87394b71
640bffb0d8f5e9127108b35a;2023-01-04 18:09:13;625035bee612a77bf7ffb15a;2.69;1.0;IOGURTE BETANIA INTEG LARANJA CENOURA E MEL CP 170G;6254de7faa3d682766f74962
640be9d78c56e256c304879f;2022-12-11 11:36:06;625035bee612a77bf7ffb15a;15.99;0.212;BROCOLIS KG;6250495b1702e20e870e0707
640c0d6ad55cc46ca4b5e82d;2023-01-20 17:16:22;625035bee612a77bf7ffb15a;3.29;1.0;SABAO EM BARRA AGUIAR COCO SC 200G;6250495fa9e7150e879ffda4
640befbffe5e09669b1b3ca8;2022-12-18 09:15:06;625035bee612a77bf7ffb15a;32.99;1.0;FRALDA TURMA DA MONICA BABY SHORTINHO JUMBO XG SC 24X1;6347cef05d1073756e246cb9
640c14a1a7ad841d7eca4b8a;2023-01-28 09:23:32;625035bee612a77bf7ffb15a;10.99;1.0;CORTE DE FRANGO SADIA SOBRECOXA CORTES MENORES BDJ 1KG  ;6250496f6454fb0e87915747
640bf9cd615ae402b1f12177;2022-12-29 20:30:36;625035bee612a77bf7ffb15a;8.49;2.0;OLEO DE SOJA SOYA GF 900ML;6250495ebd25ed0e8742ab1c
640c0e90108efc7cb53ecd21;2023-01-21 15:20:14;625035bee612a77bf7ffb15a;1.79;2.0;CREME CULINARIO DAMARE TP 200G;62a72ead4b8af94c1fdd4fbd
640bfc4ea78c2a098fd18987;2022-12-31 08:13:19;625035bee612a77bf7ffb15a;3.29;9.0;ACUCAR CRISTAL SAMUKA SC 1KG;62504970a1b4990e87d991a8
640bc92c60480875903653c9;2022-11-04 21:23:55;625035bee612a77bf7ffb15a;74.99;1.0;FRALDA PAMPERS PANTS AJUSTE TOTAL VESTE FACIL GIGA M 84X1;6250496a65c3170e87581893
640c103c6a224702a96a0929;2023-01-23 21:30:07;625035bee612a77bf7ffb15a;2.69;1.0;BISCOITO RECHEADO RICHESTER ESCURETO PC 125G;62a741e0801f05713d8756af
640c1659ee61b12804909328;2023-01-30 20:27:21;625035bee612a77bf7ffb15a;27.99;1.0;LEITE EM PO NESTLE NINHO INTEGRAL SC 750G;6250496af0c4a40e874cfe62
640bc83ad48a5c7293a4c85c;2022-11-03 12:53:48;625035bee612a77bf7ffb15a;2.99;1.295;LARANJA KG;6250495b10dcbf0e87d93203
640bcfb431d2020b90d2c342;2022-11-12 09:24:55;625035bee612a77bf7ffb15a;14.99;3.0;CORTE DE FRANGO SUPER FRANGO FILEZINHO SASSAMI SC 1KG;62a72ebd76c0c64c1fde81f3
640c0c6e920a0c5f70d9dfae;2023-01-19 07:56:05;625035bee612a77bf7ffb15a;8.49;0.355;TOMATE KG;6250495befd4f30e8754e347
640beb57965d235b7582e9a3;2022-12-13 17:21:45;625035bee612a77bf7ffb15a;2.69;1.0;BISCOITO RECHEADO RICHESTER AMORI CHOCOLATE PC 125G;62a72eca0d1e524c1ff255c7
640be3e40a933a46b23b97b0;2022-12-04 07:14:10;625035bee612a77bf7ffb15a;1.79;1.0;CALDO EM PO MAGGI GALINHA CX 35G 5X1;6250496518509b0e878d4835
640bf14a9cbd636affe6f9bd;2022-12-20 08:40:49;625035bee612a77bf7ffb15a;16.99;2.0;MINGAU NESTLE MUCILON MULTICEREAIS SC 600G;625049613a8f130e875354bd
640bf9bb63a58e02b19c1ec7;2022-12-29 16:29:30;625035bee612a77bf7ffb15a;2.09;1.0;CALDO EM TABLET MAGGI BACON CX 57G 6X1;62504963796a2e0e87da1503
640bfeca0e64550ff58c270c;2023-01-03 18:38:08;625035bee612a77bf7ffb15a;12.99;1.0;CORTE DE FRANGO SADIA SOBRECOXA CORTES MENORES BDJ 1KG  ;6250496f6454fb0e87915747
640c094eab014a2d8e6214f0;2023-01-15 11:16:41;625035bee612a77bf7ffb15a;1.99;1.0;PASTILHA HALLS CEREJA 28G;62504964c19c250e87459da9
640be3232538d2448eaafbbe;2022-12-03 18:02:56;625035bee612a77bf7ffb15a;3.59;2.0;BOLACHA RABELO DAGUA PC 180G;6250497de28bab0e876f5931
640bcd3cc486bb016f912860;2022-11-09 12:16:31;625035bee612a77bf7ffb15a;22.99;1.0;LEITE DE SOJA SOY+ EM PO SEM LACTOSE ORIGINAL LA 300G;6250495efd99ae0e87cee14a
640c0182fb0e7617efac11e1;2023-01-06 17:41:02;625035bee612a77bf7ffb15a;4.49;1.0;CHOCOLATE WAFER LACTA BIS XTRA OREO SC 45G;62504964b20f820e8759b996
640c05b919a22b23845e010f;2023-01-11 07:44:36;625035bee612a77bf7ffb15a;5.29;0.305;CHUCHU KG;6250495b9624600e87f68534
640bcb184aed737a72c0add7;2022-11-06 13:21:42;625035bee612a77bf7ffb15a;4.49;1.0;BISCOITO SALGADO FORTALEZA COCKTAIL CEBOLA E SALSA PC 100G;6250495c3dff450e87a751d9
640bcb0715494c7a72c14f2b;2022-11-06 08:30:53;625035bee612a77bf7ffb15a;4.49;1.0;REFRIGERANTE PEPSI COLA GF 1LT;6250495fa490890e87a56801
640bd8da3617bd29b8b1b83e;2022-11-23 16:39:05;625035bee612a77bf7ffb15a;8.99;0.564;MORTADELA SEARA CONFIANCA SUINA FATIADA KG;6250495b1ceb300e87aad372
640befc71ecb6e669b66c1ea;2022-12-18 10:50:39;625035bee612a77bf7ffb15a;8.49;1.0;SABONETE LIQUIDO LUX BOTANICALS ORQUIDEA NEGRA SC 200ML;62e48e2a5697c4121a2b84de
640be5937719814ae964076e;2022-12-06 20:00:48;625035bee612a77bf7ffb15a;2.79;1.0;SABONETE EVEN SUAVE ALOE VERA E MENTA SC 85G;625049656a54d00e8785e7fc
640be8eee12859548aca2073;2022-12-10 09:52:34;625035bee612a77bf7ffb15a;3.49;1.372;ABOBORA JACARE KG ;6250495bf1802f0e87a2e750
640bc74d83c6ef6d809c840a;2022-11-02 11:07:28;625035bee612a77bf7ffb15a;7.49;1.0;FAROFA DE MANDIOCA YOKI COM CEBOLA SC 200G;625049645da6340e87018dd8
640bf2193d80f26cec384078;2022-12-21 09:19:24;625035bee612a77bf7ffb15a;2.49;6.0;CREME DE LEITE CCGL TRAD UHT TP 200G;62a72e5e208b8b4c1f38bece
640bdec29936603a3b7db6d3;2022-11-28 10:00:33;625035bee612a77bf7ffb15a;3.79;2.0;CERVEJA BRAHMA DUPLO MALTE LA 350ML;625049678a0adc0e8701b4e9
640bfaf66703d205b651b6e4;2022-12-30 19:29:38;625035bee612a77bf7ffb15a;3.99;2.0;BISCOITO DE POLVILHO PEPULHA QUEIJO PC 80G ;625049632d36d00e8741dfe4
640bd995103a652bb143d4ab;2022-11-24 13:13:11;625035bee612a77bf7ffb15a;6.99;1.0;MARGARINA PURO SABOR COM SAL PT 500G;6250495e45e6a00e878504c0
640c128e638c3c0d5eaf4d91;2023-01-26 20:51:59;625035bee612a77bf7ffb15a;35.99;1.0;BATATA PALITO BEM BRASIL BATATA CRINKLE SC 2KG;625049672105b00e87cf0a44
640c11cd8862a0087f24ea5e;2023-01-25 19:33:22;625035bee612a77bf7ffb15a;5.49;1.0;PAO RABELO HOT DOG PC 400G;6250495f4901520e878553d9
640be65d7711974cc0d6cb04;2022-12-07 19:34:05;625035bee612a77bf7ffb15a;13.99;1.0;SUCO MONT BLANC TINTO INTEGRAL DE UVA GF 1,5LT;6250e9fb707fe64dc51e7c5b
640c10f5ffd73c0563af1453;2023-01-24 14:25:11;625035bee612a77bf7ffb15a;3.99;1.0;BISCOITO DE POLVILHO PEPULHA CEBOLA PC 80G;62504963f7832d0e879be6de
640c0f6d8995197f6b977093;2023-01-22 11:16:58;625035bee612a77bf7ffb15a;6.99;1.0;CEREAL NESTLE NESTON 3 CEREAIS EM FLOCOS SC 210G;6250495cfd195d0e873d2fde
640c137957be58140e5a897e;2023-01-27 16:45:26;625035bee612a77bf7ffb15a;1.99;2.0;MOLHO DE TOMATE FUGINI TRADICIONAL SC 300G;6250495ebd89cf0e879d957e
640bd15c870ee7120cea66d6;2022-11-14 10:45:40;625035bee612a77bf7ffb15a;4.99;1.0;UVA VITORIA NOVIM BDJ 500G;6250496d3673410e87ce9d30
640c041d539dc41f41eea0d5;2023-01-09 09:55:05;625035bee612a77bf7ffb15a;14.99;0.306;PAO  KG;6250495a0a398c0e87675e61
640bd0a72323e21068627555;2022-11-13 11:36:37;625035bee612a77bf7ffb15a;2.49;1.0;CHOCOLATE EM BARRA SNICKERS SC 45G;62504965ccf01a0e87050a4a
640beef4bef14664a7f8ca23;2022-12-17 18:15:38;625035bee612a77bf7ffb15a;5.99;1.0;ESMALTE IMPALA CREMOSO APERTE O PLAY PRONTA PRO BAILE 7,5ML;6250496fa582fb0e876abad1
640c0a00d1c40e2fbcdbe928;2023-01-16 11:47:26;625035bee612a77bf7ffb15a;1.99;6.0;FARINHA DE MILHO CLARAMIL CUSCUZ SC 500G;62504970638c610e87f1ee2e
640bf08db2b7c568aa256627;2022-12-19 17:53:04;625035bee612a77bf7ffb15a;5.49;10.0;ARROZ BRANCO CAMIL SC 1KG;62504982b931af0e87ead65a
640c13800811a7140e45b4f1;2023-01-27 18:04:59;625035bee612a77bf7ffb15a;5.99;1.0;MACARRAO FORTALEZA SEMOLA PARAFUSO SC 500G;6250495ea73fd10e87be51fb
640bd81e2ede9727805250fd;2022-11-22 10:02:56;625035bee612a77bf7ffb15a;4.49;1.0;BISCOITO RECHEADO PIRAQUE MALTADO COBERTO PC 80G;62504968a2df550e875244dd
640bf585cd8201767d9ade65;2022-12-24 09:58:04;625035bee612a77bf7ffb15a;4.49;1.0;MILHO VERDE QUERO EM CONSERVA LA 170G;625049654720970e87cc03ae
640bcbcacbca627c6fca94de;2022-11-07 11:39:20;625035bee612a77bf7ffb15a;5.49;1.0;BISCOITO SORTIDO FORTALEZA POPULAR FOFITOS LEITE PC 400G;6250497d35cda90e8738531b
640c041cdaaa871f41c4b538;2023-01-09 09:48:12;625035bee612a77bf7ffb15a;5.69;1.0;BEBIDA LACTEA BETANIA POL MORAN BDJ 540G 6X1;6250495e38894c0e8795cac9
640befbb8c700c669b6fbfa5;2022-12-18 08:17:29;625035bee612a77bf7ffb15a;8.99;0.34;CEBOLA BRANCA KG;6250495bad4f820e87177f0e
640c05cb29b2882384d03201;2023-01-11 19:04:00;625035bee612a77bf7ffb15a;7.99;1.0;REFRIGERANTE COCA COLA GF 1,5LT;6250495fc7eb6b0e877c3305
640bf1478061536aff427d9d;2022-12-20 07:19:50;625035bee612a77bf7ffb15a;3.69;1.0;IOGURTE BETANIA YOBEM DESN AMEIXA GF 170G;62a72eb7bea12b4c1fc215b4
640bc90ef755fb7590a3ff62;2022-11-04 08:34:26;625035bee612a77bf7ffb15a;2.29;1.0;LAVA LOUCAS YPE CAPIM LIMAO GF 500ML;62504963aa382d0e87a0cf9b
640c14babc50621d7effd09a;2023-01-28 15:14:48;625035bee612a77bf7ffb15a;15.99;1.0;SORVETE FRUT BISS PAVE PT 1,5LT;632b3d6db6075a47f58c33b9
640bcdf8bfc7a103b1a53e7a;2022-11-10 21:51:05;625035bee612a77bf7ffb15a;12.99;1.0;BATATA FRITA PRINGLES ORIGINAL PT 114G;625049661fb8690e877e9658
640bec143beda25d400eb9e9;2022-12-14 15:56:42;625035bee612a77bf7ffb15a;17.99;1.058;LINGUICA AURORA SUINA KG;6250495bd86fdf0e870b2a41
640bcd4a1baeb4016face0fe;2022-11-09 21:55:57;625035bee612a77bf7ffb15a;2.19;1.0;BEBIDA LACTEA NESTLE NESCAU UHT CHOC TP 180ML;62b58991c664a75cd7975a5d
640bf1608671c36aff7588ad;2022-12-20 21:18:53;625035bee612a77bf7ffb15a;5.49;0.715;GOIABA KG;6250495b35fe8d0e87d7cc9d
640bcdeb49ba3b03b18da567;2022-11-10 12:07:16;625035bee612a77bf7ffb15a;7.99;1.0;CHOCOLATE WAFER LACTA BIS ORIGINAL SC 126G;6250495c5c2aea0e8773e6e9
640bf086426de468aa70f380;2022-12-19 12:29:09;625035bee612a77bf7ffb15a;2.69;0.49;CENOURA KG;6250495bc359040e870e593b
640bea8ed77844593e955f83;2022-12-12 16:23:37;625035bee612a77bf7ffb15a;7.99;1.0;DESINFETANTE PINHO SOL ORIG GF 500ML;6250495d67388a0e875a4f5f
640bfae5876a2005b641a796;2022-12-30 15:35:54;625035bee612a77bf7ffb15a;13.99;1.0;PAO PLUSVITA FORMA INTEGRAL 12 GRAOS DIET PC 350G;6250495f45d4c40e8750b5ec
640bcc841be7717ea4be2280;2022-11-08 17:04:57;625035bee612a77bf7ffb15a;2.49;1.165;MELAO JAPONES KG;6250495b26dd770e87968ee1
640c028c34e3461a5b297d90;2023-01-07 16:21:00;625035bee612a77bf7ffb15a;7.99;1.0;DESINFETANTE PINHO SOL LIMAO GF 500ML;6250495dec98400e87dd77a3
640bf14e00dfd96affb8ab08;2022-12-20 10:49:33;625035bee612a77bf7ffb15a;1.99;1.146;MELAO SAPIER KG;625049700a24000e87725ec2
640c0a0dcec8ef2fbcf60994;2023-01-16 19:13:36;625035bee612a77bf7ffb15a;8.99;1.0;BISCOITO MARIA LIANE ORIGINAL PC 200G;62504980cba97e0e874b65fb
640bcb0fa550457a72b1b87b;2022-11-06 10:40:26;625035bee612a77bf7ffb15a;2.79;5.0;BEBIDA LACTEA NESTLE NESCAU UHT CHOC Z LACT TP 200ML;625049616aa1a10e87360e0b
640bf229cff9e66cec1c49ba;2022-12-21 18:58:00;625035bee612a77bf7ffb15a;46.99;0.538;QUEIJO COALHO FP LATICINIO PECA RETANGULAR ATE 500G KG ;6250495b92684e0e8743feea
640bcd3e6d10ee016fd2be49;2022-11-09 15:26:50;625035bee612a77bf7ffb15a;2.79;1.7;LARANJA KG;6250495b10dcbf0e87d93203
640bc75dd2606f6d80277501;2022-11-02 18:40:44;625035bee612a77bf7ffb15a;8.99;1.0;PAO PULLMAN FORMA INTEGRAL PC 400G;6250496f216b1a0e8758fe99
640bcbc634caea7c6ffe4131;2022-11-07 09:13:24;625035bee612a77bf7ffb15a;9.99;1.0;PAO PANE VITA INTEGRAL FORMA PC 500G;6250495fa5a6f30e87e99382
640bc744d72dca6d8015cdbe;2022-11-02 08:43:19;625035bee612a77bf7ffb15a;2.39;1.0;AGUA SANITARIA CLORITO GF 1LT;6250496509f5a00e87524d85
640c077b77c5042891631d90;2023-01-13 17:57:10;625035bee612a77bf7ffb15a;4.99;1.0;LEITE UHT BETANIA INTEGRAL TP 1LT;6250495e959c790e8771e6e8
640c0f72c7aec87f6b8bebe2;2023-01-22 12:38:58;625035bee612a77bf7ffb15a;2.39;1.0;SUCO DEL VALLE KAPO MORANGO TP 200ML;62504960b5f56e0e87c776db
640be7eb796e1e51a458f2f0;2022-12-09 09:23:10;625035bee612a77bf7ffb15a;3.79;1.0;POLPA DE FRUTA MAIS POLPAS ACEROLA SC 500G;62504966c577590e8766131f
640bcd48999ca8016f36e89a;2022-11-09 20:17:01;625035bee612a77bf7ffb15a;14.99;1.0;OVOS CAIPIRA RIO PALHANO BDJ 15X1;6325b0b15286e83c01c8ef51
640bd0ac2b5f5a106888dd62;2022-11-13 13:33:25;625035bee612a77bf7ffb15a;2.69;1.0;BARRA DE FRUTAS SUPINO BANANA CHOCOLATE BRANCO SC 24G;6250495cbf64ae0e87bf9704
640be1fca3cc1f4290bf48b1;2022-12-02 09:32:48;625035bee612a77bf7ffb15a;3.19;4.0;CREME DE LEITE ITAMBE TRAD TP 200G;6250495d17bf250e8794d585
640bc75dc50c7a6d801d2120;2022-11-02 18:56:52;625035bee612a77bf7ffb15a;3.69;2.0;BISCOITO RECHEADO PIRAQUE MALTADO COBERTO PC 80G;62504968a2df550e875244dd
640be58933d38b4ae98cbd79;2022-12-06 17:16:14;625035bee612a77bf7ffb15a;7.49;1.0;CHA BARAO DE COTEGIPE CAMOMILA ERVA DOCE ERVAS CX 15G;62504967ea2d790e8785385f
640bd8d57b12a529b80afe5b;2022-11-23 10:55:17;625035bee612a77bf7ffb15a;3.59;1.0;MOLHO DE TOMATE FUGINI MANJERICAO SC 340G;6250495e8675860e87728681
640bfc652df19d098f3326af;2022-12-31 12:05:02;625035bee612a77bf7ffb15a;23.99;1.0;SHAMPOO ELSEVE 375ML + CONDICIONADOR REPAR TOTAL 5 BS 170ML;62504965b787450e879e51d5
640be57e53ffa84ae975def1;2022-12-06 10:14:11;625035bee612a77bf7ffb15a;8.49;1.0;MARGARINA DELINE COM SAL PT 500G;6250495e97d2ce0e87fe4c7c
640be12fe4d6094071f4941f;2022-12-01 20:14:00;625035bee612a77bf7ffb15a;6.99;1.0;CEREAL NESTLE NESTON 3 CEREAIS EM FLOCOS SC 210G;6250495cfd195d0e873d2fde
640c0424c73dd31f416819ea;2023-01-09 12:39:23;625035bee612a77bf7ffb15a;5.29;1.0;ARROZ BRANCO CAMIL SC 1KG;62504982b931af0e87ead65a
640bedd201cddf61d5820b52;2022-12-16 14:56:54;625035bee612a77bf7ffb15a;2.29;1.0;CERVEJA DEVASSA TROPICAL LAGER LA 350ML;62504963d8ec9e0e87341e84
640be660609fc44cc00dc2ee;2022-12-07 20:39:25;625035bee612a77bf7ffb15a;14.99;0.2;CEBOLA BRANCA KG;6250495bad4f820e87177f0e
640befbd02b7af669b5944b9;2022-12-18 08:40:52;625035bee612a77bf7ffb15a;16.99;1.0;MINGAU NESTLE MUCILON MULTICEREAIS SC 600G;625049613a8f130e875354bd
640bfdcea6e46d0d6b88ff60;2023-01-02 11:48:42;625035bee612a77bf7ffb15a;3.49;1.0;MACARRAO BONSABOR SEMOLA ESPAGUETE SC 400G;625049709816c00e8782fa6b
640bea90283371593e33ac47;2022-12-12 17:37:38;625035bee612a77bf7ffb15a;12.99;1.0;BOMBOM DE CHOCOLATE GAROTO SORTIDO CX 250G;625049666961da0e8705e750
640c10f99bcf0a0563a4abdb;2023-01-24 17:03:58;625035bee612a77bf7ffb15a;2.29;1.0;BISCOITO WAFER RICHESTER AMORI MAX CHOCOLATE M AMARGO PC 87G;6250496dc811450e87fac6b8
640bc84b4bb48372932c7763;2022-11-03 21:28:28;625035bee612a77bf7ffb15a;9.99;1.0;BOMBOM DE CHOCOLATE NESTLE SORTIDO ESPECIALIDADES CX 251G;6250495cf7751a0e876d43b0
640bd5bf1fb5e520d09526b6;2022-11-19 08:51:58;625035bee612a77bf7ffb15a;10.99;0.835;ABACATE KG;6250495b244c4a0e87bbd6f5
640c088605ecf12b8f0a4fb1;2023-01-14 19:01:09;625035bee612a77bf7ffb15a;7.99;1.0;CREME DENTAL COLGATE MAX PROT ANTICARIES CX 180G;6250495da42bc80e879d0dea
640bddea7483d23782627d03;2022-11-27 11:09:30;625035bee612a77bf7ffb15a;7.99;1.0;MARGARINA QUALY ORIGINAL COM SAL PT 500G;6250495e68ec9e0e87766bf1
640c1035b997e202a96ebb12;2023-01-23 19:25:30;625035bee612a77bf7ffb15a;1.79;2.0;MACARRAO INSTANTANEO NISSIN NOSSO SABOR CARNE DE SOL SC 74G;62504970415c9b0e877e95cf
640c088f789a452b8fc18612;2023-01-14 22:53:46;625035bee612a77bf7ffb15a;8.99;10.0;MASSA PARA PASTEL BIG MASSA SC 1KG;6250495e9e73ad0e87faa64b
640be2122f57eb4290f3767a;2022-12-02 18:37:11;625035bee612a77bf7ffb15a;3.99;1.0;OREGANO NATUVIDA SC 15G;6250495e2f88270e87ef1ae6
640be3f7f84b4f46b2e85731;2022-12-04 12:06:08;625035bee612a77bf7ffb15a;6.95;1.0;AGUA SANITARIA LIMPA FACIL GF 5LT;625049630314550e87c52801
640c0b92e3fbb34087770176;2023-01-18 08:05:37;625035bee612a77bf7ffb15a;4.99;1.0;SALGADO  FOLHADO DE FRANGO;6250495a5580640e87a8bcb7
640bf218c08de26cec0c5210;2022-12-21 08:43:35;625035bee612a77bf7ffb15a;4.49;1.0;DUETO PREDILECTA MILHO VERDE E ERVILHA EM CONSERVA SC 170G;625049671a17500e876c6c71
640bd15ff8c5fc120c10af5f;2022-11-14 12:09:08;625035bee612a77bf7ffb15a;2.49;1.0;CHOCOLATE EM BARRA SNICKERS SC 45G;62504965ccf01a0e87050a4a
640bffaba3f57c1271b15047;2023-01-04 16:12:15;625035bee612a77bf7ffb15a;0.79;1.0;REFRESCO FRISCO MANGA SC 25G;6250495bebadc40e872eb366
640c05bdb0c0fa238483ab9f;2023-01-11 10:24:06;625035bee612a77bf7ffb15a;4.19;1.0;ARROZ BRANCO DO SITIO 1KG;63b5b26181a75b61cd833200
640bd775b9eda825fd87ce77;2022-11-21 18:49:45;625035bee612a77bf7ffb15a;7.99;1.0;PAO PANE VITA INTEGRAL FORMA PC 500G;6250495fa5a6f30e87e99382
640c1659f5d0042804fc850e;2023-01-30 20:15:10;625035bee612a77bf7ffb15a;7.79;1.0;REFRIGERANTE PEPSI COLA GF 2LT;6250495f1a26830e87a378fa
640c029bda16051a5b317092;2023-01-07 20:58:45;625035bee612a77bf7ffb15a;6.99;0.605;CEBOLA BRANCA KG;6250495bad4f820e87177f0e
640bcd466a38d8016f086aae;2022-11-09 19:40:58;625035bee612a77bf7ffb15a;6.49;1.0;SABAO EM PO BRILHANTE LIMPEZA TOTAL SC 400G;625049662974df0e87885c62
640be21716999242901e0cca;2022-12-02 20:02:22;625035bee612a77bf7ffb15a;7.99;1.0;SAL BR SPICES ROSA DO HIMALAIA FINO SC 250G;6250496861f3e60e87eb9358
640be9d829ee3056c3d21cce;2022-12-11 12:01:54;625035bee612a77bf7ffb15a;32.99;1.0;LEITE EM PO ITAMBE INTEGRAL SC 1KG;6250495ef1f7de0e8736ffdd
640bd0a8eceb2d10686226e8;2022-11-13 11:52:17;625035bee612a77bf7ffb15a;7.49;2.0;BEBIDA LACTEA 3 CORACOES CAPPUCCINO PRONTO CHOCOLAT GF 260ML;625049695385bb0e87064ac9
640c05d0c3aa7623843c3ae0;2023-01-11 20:29:28;625035bee612a77bf7ffb15a;2.69;1.0;BARRA DE SEMENTES LEVITTA CROCANTE GERGELIM LINHACA SC 10G;6250495ca7c2680e872b96b5
640bd99f4200442bb1056d9f;2022-11-24 19:30:01;625035bee612a77bf7ffb15a;16.99;1.0;ESPETINHO JUNDIAI BOVINO TEMP CX 480G ;62a72e59f5387f4c1f903d4b
640bd164de4e90120cb68627;2022-11-14 17:02:18;625035bee612a77bf7ffb15a;18.99;1.942;PEIXE CARA TILAPIA KG;6250495b01649e0e87e161fe
640c1753e3e2392af4b3926d;2023-01-31 19:07:49;625035bee612a77bf7ffb15a;2.99;1.0;CHA NATUVIDA ERVA DOCE SC 40G;6250495c0ab3c70e87c832fb
640c0c72a0010e5f70b41f4a;2023-01-19 10:00:11;625035bee612a77bf7ffb15a;6.99;1.0;FARINHA DE TRIGO DONA MARIA COM FERMENTO SC 1KG;625049633782810e8747a93f
640bd3c915e71117e0b3cb4f;2022-11-17 07:52:24;625035bee612a77bf7ffb15a;11.99;1.0;MANTEIGA ISIS COM SAL PT 200G;6250497e28e4df0e87998bab
640beef4e7a41964a7cdd504;2022-12-17 18:11:55;625035bee612a77bf7ffb15a;2.39;5.0;SUCO DEL VALLE KAPO UVA TP 200ML;6250497f9769fc0e8732a851
640bc83184e0a372937675f4;2022-11-03 07:28:03;625035bee612a77bf7ffb15a;5.49;2.0;BISCOITO CREAM CRACKER FORTALEZA LEGITIMO PC 350G;625049702e1bf90e87c8dfd2
640bcdf698058e03b144fc48;2022-11-10 19:54:31;625035bee612a77bf7ffb15a;24.99;1.0;AZEITE DE OLIVA ALMA LUSA EXTRA VIRGEM GF 500ML;625049680ad7dc0e878d95c5
640bd4a829243a1bb01c2cea;2022-11-18 08:17:37;625035bee612a77bf7ffb15a;1.19;1.0;SALGADINHO SALSITO CHURRASCO SC 32G;625049626fc0c60e877198a8
640c14b2167d141d7ee0252b;2023-01-28 12:51:06;625035bee612a77bf7ffb15a;4.99;1.0;ABS CLINOFF NOTURNO C ABAS SC LV8 PG7;625049664a651f0e87c7528d
640bca3e627697780714a2d8;2022-11-05 17:33:50;625035bee612a77bf7ffb15a;2.29;1.0;MAIONESE FUGINI TRADICIONAL SC 200G;62504962215f830e87a6e2e5
640bd8d52c66c229b8e26b1a;2022-11-23 10:50:30;625035bee612a77bf7ffb15a;1.49;1.0;REFRIGERANTE ANTARCTICA SODA LIMONADA GF 200ML;6250496674d2cb0e87bd0524
640bc746ac5c476d8023aa76;2022-11-02 09:16:20;625035bee612a77bf7ffb15a;24.99;0.398;LINGUICA PERDIGAO SUINA KG;6250495b648e590e87aac4f7
640c11ca57c2a2087f967495;2023-01-25 18:26:59;625035bee612a77bf7ffb15a;18.99;1.0;SABONETE LIQUIDO VULT FACIAL PELE OLEOSA BS 85ML;636af9caf9477056d059321b
640bcdf15a44f903b1561f96;2022-11-10 18:05:46;625035bee612a77bf7ffb15a;4.79;1.0;REFRIGERANTE INDAIA REFRI COLA GF 2LT;6250497ea51d070e8757462d
640bff9be8634712713dbaf1;2023-01-04 08:09:32;625035bee612a77bf7ffb15a;18.49;0.68;MACA NACIONAL KG;6250495bf443ab0e8763f185
640becec2f34ec5f7a884dba;2022-12-15 18:20:58;625035bee612a77bf7ffb15a;5.99;1.0;BISCOITO CRACKER CLUB SOCIAL QUEIJO PC 141G;6250495c9651c90e87e1a719
640bd30c03bfd215fecf1338;2022-11-16 15:41:52;625035bee612a77bf7ffb15a;6.99;1.0;PAO RABELO FORMA INTEGRAL PC 400G;6250495f9c935c0e87669d3b
640be053a526473e5554cd33;2022-11-30 15:36:28;625035bee612a77bf7ffb15a;8.49;1.0;REQUEIJAO ISIS TRADICIONAL CP 200G;6250e9fa73be394dc5a53318
640bca1f6d3c487807c7ae0d;2022-11-05 08:06:58;625035bee612a77bf7ffb15a;1.79;1.0;LAVA LOUCAS LIMPA FACIL LIMAO GF 500ML;62504980d163640e873d0be6
640bf8a7671d1c7e899b95a7;2022-12-28 19:14:54;625035bee612a77bf7ffb15a;3.29;1.0;ACUCAR CRISTAL CAETE SC 1KG;625049701d1cd90e87c35051
640be7104dc2284f16c1afad;2022-12-08 09:17:59;625035bee612a77bf7ffb15a;3.59;3.0;POLPA DE FRUTA MAIS POLPAS GOIABA SC 500G;62504966c528230e8792e398
640be04f6005003e555085a1;2022-11-30 12:28:42;625035bee612a77bf7ffb15a;35.9;0.246;QUEIJO MUSSARELA SERVE BEM FATIADO KG;62a741bd246eff713dd0848b
640bff9b74aa1d1271659c52;2023-01-04 08:33:34;625035bee612a77bf7ffb15a;2.89;1.0;LAVA LOUCAS MINUANO LIMAO GF 500ML;6250495d386fad0e87ca3de1
640bc64f2263bd6925545c23;2022-11-01 08:03:19;625035bee612a77bf7ffb15a;3.79;1.0;ALVEJANTE BRILUX CLORO ATIV PERFUMADO LAVANDA GF 1LT;62a72e335a88234c1f0883ee
640bea83f97afc593e14c294;2022-12-12 08:18:45;625035bee612a77bf7ffb15a;3.29;1.0;MACARRAO CORACAO NORDESTINO SEMOLA ESPAGUETE SC 400G;6250496fffc28c0e87e6b2b3
640bd4b36957521bb0064799;2022-11-18 12:36:34;625035bee612a77bf7ffb15a;6.29;28.0;GOMA FRESCA NOSSA GOMA SC 1KG;62504961fcf5440e87214cef
640bcfc13067770b90bec0fe;2022-11-12 13:02:47;625035bee612a77bf7ffb15a;2.49;1.04;BANANA PRATA KG;6250495b591e3e0e87d73d29
640c103ad516a002a95f1bdf;2023-01-23 20:44:13;625035bee612a77bf7ffb15a;1.79;4.0;HAMBURGUER SEARA TEXAS BURGER MISTO SC 56G;6250495c20c0b00e8753bb8c
640bf8995ddea67e89afe1b5;2022-12-28 14:44:00;625035bee612a77bf7ffb15a;2.39;3.0;MACARRAO INSTANTANEO NISSIN TURMA DA MONICA GALINHA SC 85G;625049700ef37f0e87fd58fb
640c1036fde68802a982fc77;2023-01-23 19:32:58;625035bee612a77bf7ffb15a;6.99;1.0;LEITE UHT BETANIA LACTOLIVRE ZERO LACTOSE SEMIDESNATA TP 1LT;6250495eb53d700e874f40cc
640beee577826c64a7147766;2022-12-17 12:29:57;625035bee612a77bf7ffb15a;8.99;1.0;RAPADURA ENGENHO LEARENA NATURAL SC 750G;6250496126dc4f0e8789ecb1
640be8f8e2b461548a34ffc0;2022-12-10 12:53:49;625035bee612a77bf7ffb15a;2.49;1.0;ALFACE UN;6250497d03a3700e87f8db5b
640bdca23030e333efc18f83;2022-11-26 14:30:51;625035bee612a77bf7ffb15a;3.59;5.0;ARROZ PARBOILIZADO PANELACO SC 1KG;62504970d46d770e873fccaa
640bf441ba6f2e72a4e9c49d;2022-12-23 21:44:19;625035bee612a77bf7ffb15a;1.49;1.0;LAVA LOUCAS LIMPA FACIL NEUTRO GF 500ML;62504980407ecc0e8737fafc
640bc66c5979c36925d8652d;2022-11-01 20:21:43;625035bee612a77bf7ffb15a;3.99;2.0;ARROZ BRANCO PAI JOAO SC 1KG;62504963ffde6e0e877c7a7c
640bcbd09e8f027c6fcd8202;2022-11-07 17:25:10;625035bee612a77bf7ffb15a;10.99;0.532;ABACATE KG;6250495b244c4a0e87bbd6f5
640c086fce613b2b8f85cc40;2023-01-14 10:56:58;625035bee612a77bf7ffb15a;28.99;0.666;SOBREPALETA SUINA CONG SEM OSSO KG;6250495a319aeb0e870fd0a0
640bc66abc24f86925158604;2022-11-01 19:49:15;625035bee612a77bf7ffb15a;5.29;1.0;CLIPES ACC GALVANIZADO 2/0 CX 100X1;63498ca85ead8535a78c0632
640bc842e986e87293eba36c;2022-11-03 18:26:08;625035bee612a77bf7ffb15a;2.99;1.0;LAVA LOUCAS YPE MACA GF 500ML;6250495d593b300e87c9cf62
640be58bfa11634ae90cbf40;2022-12-06 17:58:31;625035bee612a77bf7ffb15a;13.99;1.0;LEITE EM PO NESTLE MOLICO DESNATADO LA 280G;6250495ea2a0a50e87892c23
640be8fae22ac9548af9a003;2022-12-10 14:01:21;625035bee612a77bf7ffb15a;0.99;2.0;ESPONJA BETTANIN BRILHUS MULTIUSO DUPLA FACE SC;6250495d14297a0e8766eeae
640c0f660b81967f6b70d97f;2023-01-22 09:37:17;625035bee612a77bf7ffb15a;3.49;1.0;BEBIDA DE SOJA ADES SOY FORCE PESSEGO TP 200ML;62a72e4f9a783e4c1f824034
640bcec7c5c370064e4c1226;2022-11-11 18:11:15;625035bee612a77bf7ffb15a;2.59;1.0;MACARRAO ESTRELA SEMOLA GOSTOSO ESPAGUETE SC 400G;6250497039edf50e87b3af43
640bca471a6a6578077e6cff;2022-11-05 19:38:54;625035bee612a77bf7ffb15a;8.99;1.0;PAO PULLMAN FORMA TRADICIONAL PC 400G;6250496f1913610e87ddf56e
640bcc833219bc7ea4480bf3;2022-11-08 16:34:38;625035bee612a77bf7ffb15a;17.99;0.094;PAO DE MILHO  KG;62fb88933985901dd44ac6b4
640bf9c003a44802b153df59;2022-12-29 17:44:41;625035bee612a77bf7ffb15a;2.59;6.0;MACARRAO ESTRELA SEMOLA GOSTOSO ESPAGUETE SC 400G;6250497039edf50e87b3af43
640bd4a7c241641bb029dcc9;2022-11-18 07:39:03;625035bee612a77bf7ffb15a;3.99;2.0;FLANELA LIMPOTEX CORES 39CM X 59CM;6250495d5065af0e8776e56d
640bcb1148cce17a729cdf4e;2022-11-06 11:09:46;625035bee612a77bf7ffb15a;34.99;0.198;QUEIJO MUSSARELA BETANIA FATIADO KG;6250495be8244a0e878464d4
640bd3dbc68a4a17e0c955e9;2022-11-17 18:57:06;625035bee612a77bf7ffb15a;4.19;1.0;POLPA DE FRUTA KIPOLPAS ABACAXI SC 500G ;6250495f7a04320e871b8f25
640c15a9da0199255e24c5a9;2023-01-29 08:04:21;625035bee612a77bf7ffb15a;2.19;2.0;BISCOITO WAFER RICHESTER AMORI CHOCOLATE PC 80G;625049829cd4290e8753f053
640be3f239633f46b21fe507;2022-12-04 10:51:00;625035bee612a77bf7ffb15a;50.99;1.0;SABAO LIQUIDO ARIEL CLASSICO GF 3LT;62504965374d0f0e879187f6
640c016cf5d29917ef4650f0;2023-01-06 09:09:47;625035bee612a77bf7ffb15a;1.99;1.0;FOSFORO PARANA ECO CX 100X1;6250498086713c0e87eef6e0
640bd1585445d2120c991dce;2022-11-14 07:44:50;625035bee612a77bf7ffb15a;9.99;1.0;PAO VISCONTI INTEGRAL FORMA PC 400G;62504965bb84ae0e879fac72
640bf89e25878c7e8959f8f8;2022-12-28 16:51:58;625035bee612a77bf7ffb15a;29.99;2.014;CUPIM BOVINO KG;6250495b94339d0e87a06101
640bf8a1d0ece17e89251dca;2022-12-28 17:46:11;625035bee612a77bf7ffb15a;14.49;0.462;SALSICHA PERDIGAO KG ;6250495bf297ab0e8796dc93
640be71004dfe64f1680826d;2022-12-08 09:12:39;625035bee612a77bf7ffb15a;8.99;1.0;REFRIGERANTE COCA COLA GF 2LT;6250495f009be40e87ae07ca
640c1378cadebb140eb63279;2023-01-27 16:35:03;625035bee612a77bf7ffb15a;8.29;1.0;OLEO DE SOJA SOYA GF 900ML;6250495ebd25ed0e8742ab1c
640bcc8620078c7ea4878149;2022-11-08 17:59:14;625035bee612a77bf7ffb15a;3.99;1.0;CREME DE LEITE BETANIA UHT SUPER CREMOSO TRAD TP 200G;6250495d3da6c10e872edeca
640bf309b040406fab59a2f2;2022-12-22 10:57:49;625035bee612a77bf7ffb15a;3.39;2.0;ACUCAR CRISTAL SAMUKA SC 1KG;62504970a1b4990e87d991a8
640bdde752324937826bdd24;2022-11-27 10:43:00;625035bee612a77bf7ffb15a;8.99;1.0;UVA VITORIA NOVIM BDJ 500G;6250496d3673410e87ce9d30
640bf0803e9aea68aab88e19;2022-12-19 08:34:47;625035bee612a77bf7ffb15a;16.99;1.386;GALINHA TICA DO FRANGO PE SECO KG;6250495abfa5d90e874b7f26
640bd779116b7225fd1be5c2;2022-11-21 20:34:54;625035bee612a77bf7ffb15a;20.99;1.0;OLEO DE GIRASSOL SALADA GF 900ML;6250497e5cfc100e87340fe7
640bd4c1f9ad781bb0352689;2022-11-18 19:16:45;625035bee612a77bf7ffb15a;2.99;1.0;TORRADA VISCONTI TRADICIONAL SC 120G;625049693326160e872cce4b
640bd4ab7827c61bb07ba127;2022-11-18 09:18:54;625035bee612a77bf7ffb15a;1.79;3.0;FARINHA DE MILHO DONA CLARA FLOCAO TRADICIONAL SC 500G;625049704968700e87d81181
640bd822cab6de27803efc38;2022-11-22 13:16:24;625035bee612a77bf7ffb15a;1.99;1.0;SALGADINHO DELICITOS QUEIJO SC 50G;6250495fd1398d0e878c6c65
640c03629722041cf86b2fa6;2023-01-08 10:27:34;625035bee612a77bf7ffb15a;3.29;1.0;COUVE MANTEIGA UN;6250497d7df1c70e879f39ea
640bec1d1c2c285d40759276;2022-12-14 19:33:10;625035bee612a77bf7ffb15a;5.99;1.0;APARELHO DE BARBEAR GILLETTE PRESTOBARBA ULTRAGRIP2 CR 2X1;625049806c64820e8708ff36
640c0783d5ce9a28916f2714;2023-01-13 19:52:28;625035bee612a77bf7ffb15a;3.49;1.0;SALGADINHO ELMA CHIPS CHEETOS ONDA REQUEIJAO SC 45G;62504968702c590e87797102
640bf57eade00e767deb1f89;2022-12-24 08:29:48;625035bee612a77bf7ffb15a;9.99;1.0;LIMPADOR MULTIUSO AZULIM ORIGINAL GF 500ML 3X1;6250496d55619b0e87c60f06
640be7fda8d38351a44d5f82;2022-12-09 19:03:19;625035bee612a77bf7ffb15a;2.69;2.0;PEDRA SANITARIA HIGIE PLUS LAVANDA CX 35G;62f43a93454b325a3ca13895
640c0a04a425e82fbc087628;2023-01-16 15:01:22;625035bee612a77bf7ffb15a;18.99;1.0;AZEITE DE OLIVA ALMA LUSA EXTRA VIRGEM GF 500ML;625049680ad7dc0e878d95c5
640bca26d1a59c7807b51ddf;2022-11-05 10:06:33;625035bee612a77bf7ffb15a;9.99;1.0;SABAO LIQUIDO OMO LAVAGEM PERFEITA SC 700ML;62a72ecc7cb9274c1f660ac9
640be901700743548aec854d;2022-12-10 17:19:44;625035bee612a77bf7ffb15a;8.49;1.0;CAFE SANTA CLARA SOLUVEL DESCAFEINADO SC 50G;6250495cf5743a0e8718d9a0
640c018fd4825d17efdc994b;2023-01-06 20:39:08;625035bee612a77bf7ffb15a;4.99;1.0;LEITE UHT BETANIA INTEGRAL TP 1LT;6250495e959c790e8771e6e8
640bc9141763497590ffe473;2022-11-04 11:24:33;625035bee612a77bf7ffb15a;11.99;1.0;MANTEIGA ISIS COM SAL PT 200G;6250497e28e4df0e87998bab
640c10ebe5b9ad0563f2f6a1;2023-01-24 08:34:21;625035bee612a77bf7ffb15a;7.49;0.265;CENOURA KG;6250495bc359040e870e593b
640bd30d1a804915fe69e9bb;2022-11-16 16:03:23;625035bee612a77bf7ffb15a;1.79;1.0;BISCOITO WAFER RICHESTER AMORI MORANGO PC 80G;6250496faddc7c0e87584185
640c094ad81cb72d8e3c3c94;2023-01-15 10:27:45;625035bee612a77bf7ffb15a;3.79;2.0;BISCOITO SORTIDO FORTALEZA POPULAR FOFITOS COCO PC 400G;6250495cb16e730e8787167a
640bdca23d760633ef2a67d1;2022-11-26 14:23:00;625035bee612a77bf7ffb15a;3.69;2.0;BISCOITO SORTIDO FORTALEZA POPULAR FOFITOS COCO PC 400G;6250495cb16e730e8787167a
640be20088153f42903f4431;2022-12-02 10:28:39;625035bee612a77bf7ffb15a;3.49;1.0;ALFACE CRESPA HIDROPONICA UN;62523bc454962d4902f3c88c
640c11bbb485ad087ff27182;2023-01-25 09:55:57;625035bee612a77bf7ffb15a;5.49;1.0;PAO RABELO ITALIANINHO PC 350G;6250495fec46390e8728b485
640bd098a273681068aee93d;2022-11-13 07:12:43;625035bee612a77bf7ffb15a;3.99;1.0;PAPEL HIGIENICO FLORAL PERFUMADO PC 30MT 4X1;6250495f7b4f050e87b02d95
640be8f16bd7de548ae9a318;2022-12-10 10:40:19;625035bee612a77bf7ffb15a;6.99;1.0;FARINHA DE MANDIOCA GOSTOZZO BRANCA SC 1KG;62504970e4cf9d0e87681af7
640c0e98c920447cb5d4a713;2023-01-21 17:51:55;625035bee612a77bf7ffb15a;2.29;1.0;BARRA DE CEREAL RITTER MORANGO COM CHOCOLATE SC 25G;6250496129b3290e87f159fc
640bfece845f2c0ff52e6c3d;2023-01-03 19:38:25;625035bee612a77bf7ffb15a;2.99;1.0;MAIONESE PREDILECTA SC 200G ;625049804d03f00e8705e98f
640bcb051f9a117a72ac7e33;2022-11-06 07:44:37;625035bee612a77bf7ffb15a;5.29;1.0;BEBIDA LACTEA ISIS POL BANANA COM MACA BDJ 540G 6X1;6250496cb07e480e87de46c2
640bf7a759f7ec7c10aacc08;2022-12-27 17:21:52;625035bee612a77bf7ffb15a;6.99;1.0;CHOCOLATE EM BARRA GAROTO BRANCO SC 80G;639960ddc5222e6a51bcc840
640be64963c75d4cc0e7935a;2022-12-07 07:22:18;625035bee612a77bf7ffb15a;1.49;3.0;BEBIDA LACTEA NESTLE NESCAU UHT CHOC TP 180ML;62b58991c664a75cd7975a5d
640c042ac5e96b1f41d89002;2023-01-09 16:59:03;625035bee612a77bf7ffb15a;1.69;1.0;SAL ALTEZA IODADO REFINADO SC 1KG;6250495f76b0ff0e87dc313e
640be20e140a124290931f03;2022-12-02 15:21:45;625035bee612a77bf7ffb15a;6.99;1.0;DESODORANTE AEROSOL MONANGE FRUTAS VERMELHAS 48H 150ML;6250496498a4060e873f195b
640bcc7bfe2c7d7ea4709d81;2022-11-08 09:13:27;625035bee612a77bf7ffb15a;47.99;0.204;BACON SEARA DEFUMADO MANTA KG;6250495ae742af0e87c51427
640c1752ce97e62af4007fa9;2023-01-31 18:50:34;625035bee612a77bf7ffb15a;25.99;2.0;COMPOSTO LACTEO EM PO PARMALAT MAX INTEGRAL SC 750G;6250496b44db570e875a1906
640bcc7a4caad97ea46a1ed4;2022-11-08 08:08:39;625035bee612a77bf7ffb15a;6.49;1.0;SUCO DAFRUTA NECTAR PREMIUM UVA TP 1LT;62504960be87650e8710e292
640bced36874ec064e441fd3;2022-11-11 20:55:28;625035bee612a77bf7ffb15a;9.99;0.035;PIMENTA DE CHEIRO KG;6250495bb9ac490e878513e9
640bcfb8d8bbc80b90b2cf1a;2022-11-12 10:25:54;625035bee612a77bf7ffb15a;12.99;1.0;LAVA LOUCAS LIMPEBEM NEUTRO GF 5LT;6321cca07768867361f97cfd
640c14b7ba3f2b1d7ed64d49;2023-01-28 14:32:48;625035bee612a77bf7ffb15a;35.99;0.418;MIUDOS DE FRANGO TICA DO FRANGO CORACAO SC KG;6250495b6b8b960e87b8e04b
640be9d90ed73656c3f6500d;2022-12-11 12:07:37;625035bee612a77bf7ffb15a;8.99;1.0;BOMBOM DE CHOCOLATE GAROTO SORTIDO CX 250G;625049666961da0e8705e750
640bd99005aab52bb18c3534;2022-11-24 10:14:37;625035bee612a77bf7ffb15a;3.49;0.587;ABOBORA JACARE KG ;6250495bf1802f0e87a2e750
640bf79b496e017c101f65d2;2022-12-27 09:29:08;625035bee612a77bf7ffb15a;3.99;1.0;IOGURTE ISIS FRUTISIS BICAMADA POL INTEG MORAN CP 150G;6250495ef17bb90e875c6335
640c069f3d158e25ff8c409a;2023-01-12 20:20:05;625035bee612a77bf7ffb15a;7.89;1.0;CAFE PILAO TRADICIONAL ALMOFADA SC 250G;6250495c8a18230e8798bf35
640bcc7d81101d7ea4eb3126;2022-11-08 10:35:10;625035bee612a77bf7ffb15a;19.99;0.26;SALSICHA PERDIGAO KG ;6250495bf297ab0e8796dc93
640be59288c8ed4ae9a99d47;2022-12-06 19:46:59;625035bee612a77bf7ffb15a;4.49;0.69;MACAXEIRA KG;6250495bbe45120e876c0347
640c05cc4586df238404ba6a;2023-01-11 19:12:02;625035bee612a77bf7ffb15a;3.99;1.0;AGUA SANITARIA YPE CLORO ATIV 3 GF 1LT;6250495b2a5b980e87aa89ca
640be3181de2f1448e15bece;2022-12-03 13:54:17;625035bee612a77bf7ffb15a;1.59;6.0;HAMBURGUER REZENDE MISTO SC 56G;6250495c09f03d0e870db615
640bfeb3e2626b0ff5f2d233;2023-01-03 09:27:38;625035bee612a77bf7ffb15a;18.99;0.15;MACA ARGENTINA KG;6250495b8be00e0e874d556e
640bdecff3177c3a3b84c759;2022-11-28 18:28:26;625035bee612a77bf7ffb15a;16.99;0.952;COSTELA SUINA CONGELADA COM OSSO KG;6250495aabd67b0e87046ec2
640c078116b93f28911d28bb;2023-01-13 19:28:03;625035bee612a77bf7ffb15a;5.19;1.0;BISCOITO CREAM CRACKER FORTALEZA TOSTADINHA PC 350G;62504968c6635f0e87aa92f8
640c15b502ca78255ef23f4f;2023-01-29 10:23:41;625035bee612a77bf7ffb15a;5.19;1.0;LEITE CONDENSADO BETANIA SEMIDESNATADO TP 395G;6250495ed7b9fc0e87c63c21
640c17570a50902af4174b67;2023-01-31 19:57:47;625035bee612a77bf7ffb15a;2.39;1.0;FARINHA DE MILHO MARATA FLOCAO TRADICIONAL SC 500G;6250495d86e4ae0e877d7471
640bd0a57dd622106827a657;2022-11-13 11:10:46;625035bee612a77bf7ffb15a;4.89;1.0;FARINHA DE MANDIOCA BAIANA AMARELA SC 1KG;62504962ad37ac0e876b67a5
640c0f67721ff47f6b690930;2023-01-22 10:01:15;625035bee612a77bf7ffb15a;29.99;1.0;LEITE EM PO ITAMBE INTEGRAL SC 1KG;6250495ef1f7de0e8736ffdd
640bd3c466c15717e0268376;2022-11-17 07:12:10;625035bee612a77bf7ffb15a;6.99;2.0;CREME VEGETAL FAVORITA MANTEIGA COM SAL PT 200G;62e5dffe2609630ef30e5b2c
640bfc619a45a4098f7a484f;2022-12-31 11:22:43;625035bee612a77bf7ffb15a;4.59;1.0;IOGURTE DANONE DANONINHO PETIT MORAN GF 70G;6250496260ad690e872b3bbf
640bd6ab191b3c240a0f7d22;2022-11-20 07:06:22;625035bee612a77bf7ffb15a;1.79;1.0;BISCOITO WAFER RICHESTER AMORI MOUSSE DE LIMAO PC 80G;6250496f8189b20e87df2f7a
640bdc83ee453933ef2cce2c;2022-11-26 08:16:30;625035bee612a77bf7ffb15a;1.05;4.0;HAMBURGUER REZENDE MISTO SC 56G;6250495c09f03d0e870db615
640c0ac431bde931f84d2052;2023-01-17 07:31:00;625035bee612a77bf7ffb15a;6.49;0.82;GOIABA KG;6250495b35fe8d0e87d7cc9d
640bf5a78b5815767da4ff2d;2022-12-24 17:00:24;625035bee612a77bf7ffb15a;3.79;1.0;CREME DENTAL SORRISO DENTES BRANCOS CX 120G;6250496ccd61b60e87fa798e
640c0e84a4ce1b7cb5e044a3;2023-01-21 11:31:59;625035bee612a77bf7ffb15a;2.99;1.0;MAIONESE PREDILECTA SC 200G ;625049804d03f00e8705e98f
640bcb1169b9767a72f13b68;2022-11-06 11:10:14;625035bee612a77bf7ffb15a;2.49;2.0;CERVEJA BOHEMIA PURO MALTE RETORNAVEL GF 300ML;625049648890e40e875f3b7c
640bd31348daf815fe7bb21a;2022-11-16 18:37:15;625035bee612a77bf7ffb15a;3.99;3.0;IOGURTE ISIS FRUTISIS BICAMADA POL INTEG MORAN CP 150G;6250495ef17bb90e875c6335
640c007f3266da151f941a13;2023-01-05 11:51:54;625035bee612a77bf7ffb15a;1.89;1.0;BISCOITO WAFER BAUDUCCO LIMAO PC 78G;625049643ef4330e87af6316
640becec3235425f7a82a8e3;2022-12-15 18:26:14;625035bee612a77bf7ffb15a;6.49;1.0;PIMENTAO VERMELHO BLOCKY REI 150G;62504980510f0e0e87b7ce91
640c12843e74fd0d5e0fea90;2023-01-26 17:03:58;625035bee612a77bf7ffb15a;5.29;1.0;BOLACHA NOSSA SENHORA DE FATIMA NEUDA PC 400G;6250495cfe3c080e878f49e2
640c027a1eeb5d1a5b6e2d12;2023-01-07 10:03:18;625035bee612a77bf7ffb15a;6.99;1.0;KETCHUP TAMBAU TRADICIONAL BS 830G;6250495c9676cc0e876d2704
640bf3054ad1966fab383024;2022-12-22 09:56:58;625035bee612a77bf7ffb15a;13.99;1.0;SABAO EM PO BRILHANTE HIGIENE TOTAL SC 800G;6250496670565f0e8716a27e
640bdae358d9da2f1dab1d18;2022-11-25 11:17:13;625035bee612a77bf7ffb15a;6.99;2.0;CAFE SANTA CLARA VACUO PREMIUM SC 250G;6250495c0d00b80e87a66409
640bfdca323fb80d6b0a5f7d;2023-01-02 10:18:43;625035bee612a77bf7ffb15a;1.39;1.0;REFRESCO FRISCO MORANGO SC 25G;6250495fadbea40e87428098
640bd0a79570fd10686ad554;2022-11-13 11:29:48;625035bee612a77bf7ffb15a;7.45;1.0;REFRIGERANTE COCA COLA GF 2LT;6250495f009be40e87ae07ca
640be30f62bb60448e6126cd;2022-12-03 10:44:14;625035bee612a77bf7ffb15a;1.99;10.0;FARINHA DE MILHO MARATA FLOCAO TRADICIONAL SC 500G;6250495d86e4ae0e877d7471
640bf42dabdedb72a48c2b66;2022-12-23 16:51:16;625035bee612a77bf7ffb15a;12.99;1.0;DESODORANTE AEROSOL DOVE ORIGINAL 48H 150ML;625049622e7ee50e872076a6
640bd3d19a939117e015734d;2022-11-17 12:00:51;625035bee612a77bf7ffb15a;4.99;1.0;BEBIDA LACTEA ISIS POL GRAVIOLA SC 900G;6250495e31ca550e871cf66e
640c077c10dc7b2891591860;2023-01-13 18:01:48;625035bee612a77bf7ffb15a;6.99;0.34;CEBOLA BRANCA KG;6250495bad4f820e87177f0e
640bfb0076382c05b6a0f584;2022-12-30 21:52:55;625035bee612a77bf7ffb15a;8.79;1.0;AMACIANTE DE ROUPAS DOWNY CONC SPORT GF 450ML;62504969a265210e879c19f8
640c0b9dfcdc0d4087b9d309;2023-01-18 12:27:51;625035bee612a77bf7ffb15a;4.19;1.0;POLPA DE FRUTA KIPOLPAS ABACAXI SC 500G ;6250495f7a04320e871b8f25
640be9d1cf038356c325ea97;2022-12-11 10:29:20;625035bee612a77bf7ffb15a;4.49;3.0;ARROZ PARBOILIZADO PANELACO SC 1KG;62504970d46d770e873fccaa
640bffa603db4112719b1aef;2023-01-04 12:41:02;625035bee612a77bf7ffb15a;8.49;0.565;TOMATE KG;6250495befd4f30e8754e347
640bd81fff556f2780218260;2022-11-22 10:29:13;625035bee612a77bf7ffb15a;22.99;1.0;DESODORANTE STICK OLD SPICE VIP ACTIVE DEFENSE 50G;6250496bc318a00e87fa74eb
640c088e0c5d6c2b8f0b8618;2023-01-14 21:24:12;625035bee612a77bf7ffb15a;0.79;1.0;REFRESCO FRISCO LARANJA SC 25G;6250495f12173d0e8740afcb
640bd22de13c3d1400bc5fe8;2022-11-15 12:05:49;625035bee612a77bf7ffb15a;11.49;1.0;SHAMPOO SEDA JUNTINHAS CACHOS DEFINIDOS BS 300ML;6333f069dff38c180a4bce91
640bf7ab34d6af7c107c79ef;2022-12-27 18:16:19;625035bee612a77bf7ffb15a;3.99;1.0;MILHO VERDE FUGINI EM CONSERVA SC 170G;6250496ae13c900e877cd09b
640bcc8bef2ec37ea450b33e;2022-11-08 20:18:11;625035bee612a77bf7ffb15a;4.99;0.725;BATATA INGLESA KG;6250495b468da50e87b28476
640bcb044c58cb7a7283b9c1;2022-11-06 07:11:32;625035bee612a77bf7ffb15a;2.79;0.285;CENOURA KG;6250495bc359040e870e593b
640c1291e157f10d5e1ed2d1;2023-01-26 21:57:53;625035bee612a77bf7ffb15a;2.19;1.0;BISCOITO WAFER RICHESTER AMORI CHOCOLATE PC 80G;625049829cd4290e8753f053
640bc842a2a884729386c8de;2022-11-03 18:24:07;625035bee612a77bf7ffb15a;11.99;0.2;MARIA MALUCA  KG ;62ce5f5b17b9cb35687de5ff
640c10eaea02b50563042f10;2023-01-24 07:46:41;625035bee612a77bf7ffb15a;13.99;1.98;FRANGO TICA DO FRANGO KG;6250497d50aee20e874c9726
640be7100e4bbf4f1614bffa;2022-12-08 09:04:38;625035bee612a77bf7ffb15a;3.99;1.0;KETCHUP ODERICH PICANTE BS 200G;625049615d66790e870b1241
640c0f7411bd3c7f6b92f413;2023-01-22 13:49:34;625035bee612a77bf7ffb15a;4.49;2.0;MACARRAO FORTALEZA SEMOLA ESPAGUETE IMPERADOR SC 500G;6250497094bc470e873e4202
640bd6b99a8b93240a354984;2022-11-20 10:40:59;625035bee612a77bf7ffb15a;10.99;0.885;ABACATE KG;6250495b244c4a0e87bbd6f5
640bddd27c4c573782dd6512;2022-11-27 07:18:35;625035bee612a77bf7ffb15a;3.99;1.0;DESINFETANTE MEU LAR FLORAL GF 2LT;625049616ed2c10e877900ae
640bd76a40050a25fd33bfdd;2022-11-21 10:43:24;625035bee612a77bf7ffb15a;9.99;1.0;MACA NACIONAL PC 1KG;62b3049a9904337c4cd90d46
640bcfc9f1669d0b9033e6c8;2022-11-12 16:38:56;625035bee612a77bf7ffb15a;14.99;0.354;PAO  KG;6250495a0a398c0e87675e61
640bdf93b92d213c2b65bf43;2022-11-29 18:20:55;625035bee612a77bf7ffb15a;1.79;1.0;CHOCOLATE GAROTO BATON ORIGINAL AO LEITE SC 16G;6250495c32b1bb0e8792b818
640bd3e19a89c417e0cb98db;2022-11-17 20:30:40;625035bee612a77bf7ffb15a;9.99;2.0;OLEO DE SOJA SOYA GF 900ML;6250495ebd25ed0e8742ab1c
640c0c6ee8ea5a5f70af31e2;2023-01-19 07:54:01;625035bee612a77bf7ffb15a;25.99;1.0;DESODORANTE AEROSOL GIOVANNA BABY BLUE 150ML 2X1 30% SEG;62c9130b52188f2932c14674
640bc66dc8bb3b692536646c;2022-11-01 20:47:00;625035bee612a77bf7ffb15a;5.49;0.675;BANANA NANICA KG;6250495bc674b30e87f14adc
640c041e14d52d1f4134fe58;2023-01-09 10:22:27;625035bee612a77bf7ffb15a;9.99;1.0;UVA PASSAS EXCELENCIA PRETA BDJ 150G;62504964466bf10e8765284a
640c0c70bda2da5f70f5fe33;2023-01-19 09:25:45;625035bee612a77bf7ffb15a;4.99;1.0;CAFE SANTA CLARA SOLUVEL CLASSICO SC 50G;6250495caf15a80e872b8b47
640bf7a2e911a27c105a1085;2022-12-27 13:55:22;625035bee612a77bf7ffb15a;4.29;1.0;ACUCAR CRISTAL SAMUKA SC 1KG;62504970a1b4990e87d991a8
640bf9a56d27da02b1e3b700;2022-12-29 08:41:51;625035bee612a77bf7ffb15a;9.99;1.0;TAPETE SAO JOSE ATOALHADO 40CM X 60CM;6250496534ac2c0e87911488
640bfec5a12e810ff5e305eb;2023-01-03 17:22:13;625035bee612a77bf7ffb15a;1.79;1.0;BOMBOM DE CHOCOLATE LACTA OURO BRANCO SC 20G;6250495c6d36b40e8752e8bd
640bf43841050f72a47b62d6;2022-12-23 19:23:17;625035bee612a77bf7ffb15a;14.99;1.0;CHIA ASTER EM GRAOS SC 120G;62504967a308810e87ac6061
640bcdf5fdb3b503b11c7046;2022-11-10 19:43:31;625035bee612a77bf7ffb15a;3.99;1.0;SABONETE PROTEX FOR MEN 10X SPORT SC 85G;62504963a266940e8754cfdf
640be9da5bc4c356c3a4cfcb;2022-12-11 12:34:52;625035bee612a77bf7ffb15a;5.49;1.0;CHOCOLATE EM BARRA HERSHEYS EXTRA CREMOSO SC 92G;62f8cab7ff326d6c2cf8b1fc
640c05c097f0cd238449f1eb;2023-01-11 12:33:42;625035bee612a77bf7ffb15a;15.99;1.0;CORTE DE FRANGO REGINA PEITO BDJ 1KG;6250495dfe0ab60e878a8734
640bedc227563061d5d18e9e;2022-12-16 07:45:35;625035bee612a77bf7ffb15a;23.9;0.218;PRESUNTO SEARA PERU FATIADO KG;6250495a1f3ebe0e87438c79
640bd0ac5f0d871068ce328a;2022-11-13 13:35:43;625035bee612a77bf7ffb15a;6.49;0.165;TOMATE KG;6250495befd4f30e8754e347
640be9c94e729c56c37cb33a;2022-12-11 08:12:57;625035bee612a77bf7ffb15a;3.39;1.0;CHEIRO VERDE PROCESSADO SC;6250495b66f1f10e87d6b01a
640bc7501c8b816d80e6ad3c;2022-11-02 11:50:43;625035bee612a77bf7ffb15a;9.99;0.264;CEBOLA ROXA KG;6250495b250e280e875b4be0
640c029e310bc91a5bb16dc5;2023-01-07 22:32:58;625035bee612a77bf7ffb15a;11.99;1.0;VINHO BR QUINTA DO MORGADO TINTO SUAVE GF 750ML;62504960a07bb80e87212f69
640beef8cf2d0b64a72269d7;2022-12-17 19:10:57;625035bee612a77bf7ffb15a;6.99;1.0;PAO RABELO FORMA INTEGRAL PC 400G;6250495f9c935c0e87669d3b
640c09fb8aa59d2fbcda6089;2023-01-16 09:50:46;625035bee612a77bf7ffb15a;7.99;1.0;AMACIANTE DE ROUPAS YPE CONC ACONCHEGO SC 1LT;6337d174eca59a1ada751d3c
640bc6575cc7a0692587c375;2022-11-01 11:37:39;625035bee612a77bf7ffb15a;6.19;1.0;REFRIGERANTE ANTARCTICA SUKITA LARANJA GF 2LT;6250495f0a156f0e87b20ee9
640c0bb3db7077408714aa9f;2023-01-18 22:24:37;625035bee612a77bf7ffb15a;3.69;1.0;IOGURTE DANONE DANONINHO PETIT MORAN PRECIF BDJ 80G 2X1;6250497ee2fc090e8760cbcc
640bd319aaf92315fe6bf31a;2022-11-16 20:45:50;625035bee612a77bf7ffb15a;1.99;1.0;SALGADINHO DELICITOS PIMENTA SC 50G;6250495f0da2ac0e870cf21d
640c027968f5841a5bbb580e;2023-01-07 09:41:16;625035bee612a77bf7ffb15a;9.99;0.582;REPOLHO VERDE KG;6250497d2250670e877ae0cd
640bd15c6f67d3120c96949f;2022-11-14 10:21:43;625035bee612a77bf7ffb15a;37.99;0.418;QUEIJO MUSSARELA BETANIA FATIADO KG;6250495be8244a0e878464d4
640c0ad99e025f31f80fa969;2023-01-17 18:41:50;625035bee612a77bf7ffb15a;4.49;1.0;BATATA FRITA ELMA CHIPS RUFFLES CHURRASCO SC 40G;636af9cbc332b356d0be3524
640c10fd6cae2e05635d3886;2023-01-24 18:24:36;625035bee612a77bf7ffb15a;7.99;1.0;BOLACHA ERIKA ESPECIAL CEBOLINHA PC 300G;6250495c86e3f10e87251f63
640c069a284b9825ff674019;2023-01-12 19:02:17;625035bee612a77bf7ffb15a;46.99;0.116;QUEIJO COALHO RIO JAGUARIBE FATIADO KG;63eec2ef5bf49a3c75ecf7b1
640c11b739d175087f554663;2023-01-25 07:16:42;625035bee612a77bf7ffb15a;3.29;1.0;MACARRAO CORACAO NORDESTINO SEMOLA ESPAGUETE SC 400G;6250496fffc28c0e87e6b2b3
640c1655b24186280453f6de;2023-01-30 19:18:01;625035bee612a77bf7ffb15a;5.79;1.0;PAO BM REQUEIJAO PC 330G;62b5899124a3a65cd72b7e9d
640c0b997c6068408734bb10;2023-01-18 10:50:12;625035bee612a77bf7ffb15a;12.99;0.495;CEBOLA BRANCA KG;6250495bad4f820e87177f0e
640bca21000310780766a0cf;2022-11-05 08:37:41;625035bee612a77bf7ffb15a;24.99;0.21;MORTADELA SEARA BOLOGNA DEFUMADA FATIADA KG;6250495a2683d20e87886e14
640bc92ad70c52759067adb4;2022-11-04 20:31:22;625035bee612a77bf7ffb15a;2.49;1.39;BANANA PRATA KG;6250495b591e3e0e87d73d29
640c0a04d9d0da2fbcd2348d;2023-01-16 15:23:03;625035bee612a77bf7ffb15a;6.99;1.0;SALGADO  COXINHA DE FRANGO;6250495a4795a50e87293b02
640bd6b71f7bd7240a339a4f;2022-11-20 10:22:54;625035bee612a77bf7ffb15a;6.49;7.0;GELEIA DE MOCOTO DUCOPO NATURAL CP 180G;6250495d416ef40e87f132d2
640c03619bb5161cf88d788a;2023-01-08 10:10:33;625035bee612a77bf7ffb15a;3.29;1.0;COUVE MANTEIGA UN;6250497d7df1c70e879f39ea
640bd3daa2380017e08e0c04;2022-11-17 18:35:17;625035bee612a77bf7ffb15a;5.29;2.0;BOLACHA NOSSA SENHORA DE FATIMA NEUDA PC 400G;6250495cfe3c080e878f49e2
640be4a6781a3148ad7507ea;2022-12-05 07:31:45;625035bee612a77bf7ffb15a;2.39;1.0;SUCO DEL VALLE KAPO UVA TP 200ML;6250497f9769fc0e8732a851
640be206b993dc429063c064;2022-12-02 12:14:26;625035bee612a77bf7ffb15a;3.99;2.0;ARROZ PARBOILIZADO PANELACO SC 1KG;62504970d46d770e873fccaa
640be7f96b9ca251a4b56665;2022-12-09 17:38:58;625035bee612a77bf7ffb15a;5.99;0.585;MANGA COITE KG;6250495b9743500e87c00be9
640c042db5b1751f4187806a;2023-01-09 17:57:45;625035bee612a77bf7ffb15a;3.99;1.0;MACARRAO INSTANTANEO CUP NOODLES GALINHA CAIPIRA CP 69G;625049649e8bf60e8777a1c4
640c164b9770522804269218;2023-01-30 14:35:45;625035bee612a77bf7ffb15a;4.79;1.0;VELA VIWACE BRANCA  N10 SC 8X1;62504968a2e0630e87bc22da
640be65dd9bda94cc04211f6;2022-12-07 19:33:10;625035bee612a77bf7ffb15a;14.99;0.375;CEBOLA BRANCA KG;6250495bad4f820e87177f0e
640c0c8c43c82a5f7001625b;2023-01-19 20:41:58;625035bee612a77bf7ffb15a;4.49;1.27;MACAXEIRA KG;6250495bbe45120e876c0347
640bfaec3f5b0205b6a87671;2022-12-30 17:24:50;625035bee612a77bf7ffb15a;24.99;2.0;SABAO LIQUIDO MARILUX LAVANDA E SONHOS GF 5LT;6250496558a5380e87e55b0c
640bf096e973a068aa01c318;2022-12-19 20:36:54;625035bee612a77bf7ffb15a;6.99;1.0;FARINHA DE MANDIOCA GOSTOZZO AMARELA SC 1KG;625049704975710e87c98fc5
640c10fc98241805631043cb;2023-01-24 18:02:26;625035bee612a77bf7ffb15a;5.99;1.0;FERMENTO EM PO ROYAL QUIMICO PT 100G;6250495d3751560e8769763a
640c06995f94b225ff84dbd9;2023-01-12 18:58:08;625035bee612a77bf7ffb15a;2.69;1.0;CHOCOLATE EM BARRA NESTLE KIT KAT ORIGINAL SC 41,5G;62504962c8c4610e875fa485
640bddf01b982037825a90b0;2022-11-27 12:17:37;625035bee612a77bf7ffb15a;14.49;0.544;SALSICHA REZENDE KG;6250495b28a5e10e87eb64bf
640bcb17a856037a72ae6942;2022-11-06 12:57:13;625035bee612a77bf7ffb15a;4.19;1.0;POLPA DE FRUTA MAIS POLPAS CAJU SC 500G;62504966060b2f0e87019ff6
640bd3c582c07017e03acff7;2022-11-17 07:14:52;625035bee612a77bf7ffb15a;16.99;1.0;DESODORANTE AEROSOL DOVE MEN CARE CLEAN COMFORT 24H 150ML;6250495d97e6dc0e872be6c3
640becf0f32f015f7a477793;2022-12-15 19:54:48;625035bee612a77bf7ffb15a;2.59;1.0;BISCOITO RECHEADO BAUDUCCO CHOCOLATE PC 140G;6250495cb99f850e87473cad
640bfafc0f4c9f05b63c0261;2022-12-30 20:44:07;625035bee612a77bf7ffb15a;1.99;3.0;PASTILHA HALLS MORANGO 28G;6250496a7dd1800e873ca7a5
640c06a12aadde25fff6a874;2023-01-12 21:01:21;625035bee612a77bf7ffb15a;7.49;1.0;REFRIGERANTE COCA COLA GF 2LT;6250495f009be40e87ae07ca
640bdf8af1b1f73c2b7226bd;2022-11-29 10:48:57;625035bee612a77bf7ffb15a;52.99;0.088;QUEIJO COALHO NILTON FATIADO KG;6250495b3317f00e87de6509
640c165723b6ba28046bfb41;2023-01-30 19:39:55;625035bee612a77bf7ffb15a;5.99;1.0;BISCOITO SORTIDO FORTALEZA PETIT CRACKER PC 400G;6250495ce1071e0e87d2751e
640bd8d2d33b5129b891951a;2022-11-23 08:02:02;625035bee612a77bf7ffb15a;2.49;3.0;CHOCOLATE EM BARRA SNICKERS SC 45G;62504965ccf01a0e87050a4a
640bd0999851611068e92a07;2022-11-13 07:39:32;625035bee612a77bf7ffb15a;1.39;1.0;MOLHO DE TOMATE FUGINI PENEIRADO SC 300G;62a72e47e21d7e4c1fe7eb41
640bc832ee7e77729360ccf5;2022-11-03 07:57:00;625035bee612a77bf7ffb15a;0.79;12.0;REFRIGERANTE PEPSI COLA GF 200ML;62504966c2fd540e878a7757
640c0176bcc60717ef2ce3e3;2023-01-06 13:19:38;625035bee612a77bf7ffb15a;4.99;1.0;BISCOITO ROSQUINHA RANCHEIRO COCO ZERO LACTOSE PC 300G;62504980ca2caa0e871b3c64
640be4acb7d99548adc53ca2;2022-12-05 10:50:50;625035bee612a77bf7ffb15a;47.99;1.0;LEITE EM PO NESTLE NESTOGENO 2 LA 800G;6250495e3e19ff0e87e823da
640bfc6f13509e098fc1de57;2022-12-31 14:26:00;625035bee612a77bf7ffb15a;1.99;2.0;LAVA LOUCAS YPE LIMAO GF 500ML;6250495dffd04b0e87a609a0
640bcfc63aee370b909d69f4;2022-11-12 15:32:46;625035bee612a77bf7ffb15a;6.49;0.424;TOMATE KG;6250495befd4f30e8754e347
640c127cf478c70d5e2fd06b;2023-01-26 10:46:41;625035bee612a77bf7ffb15a;4.99;1.0;ACUCAR DEMERARA DA BARRA SC 1KG;62c9130b3ce10e293219e5a1
640bd23070c3581400582ac2;2022-11-15 13:54:12;625035bee612a77bf7ffb15a;6.99;1.0;CEREAL NESTLE NESCAU BALL CHOCOLATE AO LEITE SC 75G;6321cca0cad34a736165ff0f
640beed7ff145f64a7365a4f;2022-12-17 08:16:04;625035bee612a77bf7ffb15a;12.99;2.0;POLPA DE FRUTA NOSSA FRUTA MARACUJA SC 400G;6250496bc45f520e8740cf29
640bddf5e668de3782573999;2022-11-27 13:57:49;625035bee612a77bf7ffb15a;2.39;1.0;SUCO DEL VALLE KAPO MORANGO TP 200ML;62504960b5f56e0e87c776db
640c1101908ca205638a0cf8;2023-01-24 19:34:15;625035bee612a77bf7ffb15a;9.99;2.0;OVOS SAO JOSE CAIPIRA SERTANEJO GRANDE BDJ 10X1 ;62504961bd5e5d0e877f176d
640bceb6bdd16e064ed56589;2022-11-11 09:38:03;625035bee612a77bf7ffb15a;2.49;1.0;BISCOITO RECHEADO TRAKINAS TORTINHA DE LIMAO PC 126G;635995f6fcd06821770b5b6a
640c15afef5831255e180d0c;2023-01-29 09:27:42;625035bee612a77bf7ffb15a;3.99;1.0;BISCOITO CREAM CRACKER MARILAN ESPECIAL PC 350G;6250496bb5ff170e87420d72
640bf098f0b7d268aab04bfe;2022-12-19 21:23:39;625035bee612a77bf7ffb15a;4.79;1.0;SABAO EM PO ALA FLOR DE CEREJEIRA E LAVANDA SC 500G;6250495fa8d2120e87a6ece5
640bf7a03df47a7c1057ca56;2022-12-27 11:59:36;625035bee612a77bf7ffb15a;6.99;0.19;PIMENTAO VERDE KG;6250495bca7a350e8741b903
640bf3117f49176fab964840;2022-12-22 14:56:22;625035bee612a77bf7ffb15a;5.99;1.0;APARELHO DE BARBEAR GILLETTE PRESTOBARBA ULTRAGRIP2 CR 2X1;625049806c64820e8708ff36
640bf79f1bc4157c10cad496;2022-12-27 11:19:44;625035bee612a77bf7ffb15a;3.49;5.0;IOGURTE NESTLE INTEG NATURAL CP 170G;6250495ebbfe170e87231793
640becee3a75a25f7af74b4a;2022-12-15 19:03:19;625035bee612a77bf7ffb15a;2.29;5.0;BARRA DE CEREAL RITTER MORANGO COM CHOCOLATE SC 25G;6250496129b3290e87f159fc
640bffb6baf71a1271c04e9f;2023-01-04 19:36:45;625035bee612a77bf7ffb15a;12.99;1.0;FOLHA DEPILATORIA DEPIMIEL FACIAL ALOE VERA SC 16X1;6250496d0531ed0e87f3578f
640bd9a27412372bb1b530fe;2022-11-24 21:35:26;625035bee612a77bf7ffb15a;8.49;1.0;CANUDINHO DE FESTA BM CROCANTE SC 255G;62504963247b330e87a41e2a
640be587783f2b4ae9d25da1;2022-12-06 16:06:38;625035bee612a77bf7ffb15a;2.99;1.0;LA DE ACO SAMPA CLEAN INOX SC 10G;6250496276a4730e87be0c60
640bf586f833e4767d78ee15;2022-12-24 10:11:45;625035bee612a77bf7ffb15a;6.99;1.0;REQUEIJAO ISIS TRADICIONAL CP 200G;6250e9fa73be394dc5a53318
640bca38adb61878075356c3;2022-11-05 16:03:13;625035bee612a77bf7ffb15a;24.99;1.0;SABAO EM PO BRILHANTE LIMPEZA TOTAL SC 1,6KG;62504966db49b50e8746e143
640be4bb80295c48ad4ad207;2022-12-05 18:55:15;625035bee612a77bf7ffb15a;11.99;1.0;OVOS EMAPE BRANCO GRANDE BDJ 20X1;62a72ea8d3fa694c1fb5bb7b
640bf15c7d09e26aff258467;2022-12-20 19:28:45;625035bee612a77bf7ffb15a;13.49;1.0;SORVETE FRUT BISS FLOCOS PT 1LT;6250496094646b0e87951d25
640beb5e2452db5b7538a9cd;2022-12-13 20:09:42;625035bee612a77bf7ffb15a;6.99;1.0;BISCOITO SEQUILHO FORTALEZA LEITE PC 250G;6250496bdef0f40e87fcbfdc
640bf7a97c6c7b7c1025ecc5;2022-12-27 17:59:27;625035bee612a77bf7ffb15a;3.29;1.0;PAPEL HIGIENICO ROSA BRANCA FS NEUTRO PC 30MT 4X1;62504962c747cc0e87073591
640bf7af9a64677c10b10f51;2022-12-27 19:35:22;625035bee612a77bf7ffb15a;8.99;1.0;BOLO  MARACUJA BDJ UN;62a741bda83562713d5a275b
640bd3118942ca15febb710e;2022-11-16 18:06:56;625035bee612a77bf7ffb15a;2.49;2.0;MOLHO DE TOMATE PREDILECTA TRADICIONAL SC 300G;6250496eeb22fa0e87c9807c
640c10f6f6de010563cccc37;2023-01-24 15:36:47;625035bee612a77bf7ffb15a;4.99;2.0;BARRA DE SEMENTES RITTER NUTS CHIA QUINOA E LINHACA SC 30G;6250495c7841300e8770c14c
640c0185945f5017ef690c50;2023-01-06 18:32:50;625035bee612a77bf7ffb15a;4.99;1.0;PAO VISCONTI FORMA PC 400G;625049652655ca0e87f4edac
640bd5e67a77c420d0e2483c;2022-11-19 21:32:41;625035bee612a77bf7ffb15a;7.99;2.0;EMPANADO SEARA TEKITOS CARNE DE FRANGO CX 300G;62504960bf7e620e87c41bb0
640c04ee1725db21787dc372;2023-01-10 08:20:47;625035bee612a77bf7ffb15a;8.49;1.0;REQUEIJAO ISIS TRADICIONAL CP 200G;6250e9fa73be394dc5a53318
640bcfb8b153860b901c2759;2022-11-12 10:23:46;625035bee612a77bf7ffb15a;4.99;1.0;MINGAU NUTRIBOM AVEIA E ARROZ SC 230G;6250495ec7e9590e8761382a
640bdcac07d40833eff11d5d;2022-11-26 16:33:07;625035bee612a77bf7ffb15a;35.99;1.0;COMPOSTO LACTEO EM PO ITAMBE PROFISSIONAL SC 1KG;62a72ea16c484a4c1fe9832f
640bcb169704a47a72fab391;2022-11-06 12:24:51;625035bee612a77bf7ffb15a;7.99;1.0;BISCOITO CREAM CRACKER FORTALEZA CRISTAL PC 414G;62a72ec55e8e9b4c1fac0b86
640bddea482feb3782374d23;2022-11-27 11:09:56;625035bee612a77bf7ffb15a;1.39;1.0;FARINHA DE MILHO SAO BRAZ FLOCAO TRADICIONAL SC 500G;62504970b9a7e40e87fbc40a
640c10f1e8b04e0563a97f2c;2023-01-24 11:14:12;625035bee612a77bf7ffb15a;36.99;0.486;LINGUICA PERDIGAO CALABRESA KG;6250497d400c600e876b85a1
640c08778e2b002b8fe95766;2023-01-14 13:50:28;625035bee612a77bf7ffb15a;18.99;1.09;MACA ARGENTINA KG;6250495b8be00e0e874d556e
640bf423d735cd72a4fe00fd;2022-12-23 12:49:35;625035bee612a77bf7ffb15a;5.99;0.675;TOMATE KG;6250495befd4f30e8754e347
640bdf8600d9d33c2b6e8fc2;2022-11-29 08:13:22;625035bee612a77bf7ffb15a;11.49;2.0;AMACIANTE DE ROUPAS YPE DILUIDO INTENSO GF 2LT GTS 400ML;62504981768a4b0e87f8e009
640c035600ebd81cf8b95b6e;2023-01-08 07:21:14;625035bee612a77bf7ffb15a;6.99;2.0;SALGADO  RISOLE DE CARNE;6250495aefe4280e87178e52
640bd162cd1203120c9ba165;2022-11-14 15:13:22;625035bee612a77bf7ffb15a;2.99;1.0;MOLHO INGLES REGINA GF 150ML;6250497fbc064e0e8712ae70
640bcb135b652d7a720bdd07;2022-11-06 11:38:10;625035bee612a77bf7ffb15a;2.29;1.0;LAVA LOUCAS YPE NEUTRO GF 500ML;6250495d6aa3350e8788d912
640bd6b0113226240a871fa6;2022-11-20 08:26:48;625035bee612a77bf7ffb15a;7.49;1.0;LIMPA PISOS AZULIM TRAD LAVANDA GF 1LT;625049629f8f300e87cf7c32
640be3e83d10dc46b206040e;2022-12-04 08:39:57;625035bee612a77bf7ffb15a;1.49;2.0;REFRIGERANTE ANTARCTICA SUKITA LARANJA GF 200ML;625049665abd800e878c1e11
640bd6ba9c6c8a240ac5f143;2022-11-20 10:55:39;625035bee612a77bf7ffb15a;1.79;3.0;MACARRAO INSTANTANEO NISSIN MIOJO GALINHA CAIPIRA SC 85G;6250495ec30b710e8715fddf
640bd4b70262951bb00e869b;2022-11-18 16:12:21;625035bee612a77bf7ffb15a;10.98;1.0;MARGARINA PURO SABOR COM SAL PT 1KG;6250495e261ce80e87f27ee0
640c016fc5ef0217ef7595c4;2023-01-06 10:13:43;625035bee612a77bf7ffb15a;6.99;10.0;FEIJAO CARIOCA DONA DE SC 1KG;62504961b5c98d0e87092cda
640c1757deddd12af4ceb38f;2023-01-31 19:49:24;625035bee612a77bf7ffb15a;9.99;1.0;VELA AVE MARIA VOTIVA 7 DIAS BRANCO SC 300G;634f1bc940f39d46ca885c1e
640bd82a3705912780c9d3ea;2022-11-22 19:02:23;625035bee612a77bf7ffb15a;14.99;0.31;CEBOLA BRANCA KG;6250495bad4f820e87177f0e
640c10f2c5d9d405634d257a;2023-01-24 11:56:19;625035bee612a77bf7ffb15a;2.99;1.0;REFRIGERANTE PEPSI COLA LA 350ML;6250495f114ef10e8797e3f4
640bd6bb9cd545240a045aef;2022-11-20 11:14:28;625035bee612a77bf7ffb15a;1.39;1.0;LAVA LOUCAS LIMPA FACIL MACA GF 500ML;62504964ae70a80e87dc8b45
640bd1626cf7ca120c7c2680;2022-11-14 15:19:33;625035bee612a77bf7ffb15a;14.99;0.172;PAO  KG;6250495a0a398c0e87675e61
640bedc6bf522261d5c585d6;2022-12-16 09:11:25;625035bee612a77bf7ffb15a;1.79;1.0;SABONETE ALBANY HOMEM MULTIACAO SC 85G;6250496456e3130e87f76843
640bcfbb94f0790b90b13372;2022-11-12 11:13:25;625035bee612a77bf7ffb15a;1.59;1.0;FARINHA DE MILHO SAO BRAZ FLOCAO TRADICIONAL SC 500G;62504970b9a7e40e87fbc40a
640be32afc888b448e77e4be;2022-12-03 19:46:28;625035bee612a77bf7ffb15a;1.49;1.0;PASTILHA GAROTO EXTRA FORTE 17G;62504980d171b70e87ba3896
640bf9ce153e3302b1d4254f;2022-12-29 20:48:57;625035bee612a77bf7ffb15a;4.49;1.0;CREME DENTAL COLGATE T ACAO MENTA ORIGINAL CX 90G;6250495dad834f0e877a9f9f
640c102a8d4fc902a99d1350;2023-01-23 13:48:37;625035bee612a77bf7ffb15a;9.99;1.0;SABAO LIQUIDO OMO LAVAGEM PERFEITA SC 700ML;62a72ecc7cb9274c1f660ac9
640bca2bb69ea578070abc17;2022-11-05 11:18:13;625035bee612a77bf7ffb15a;3.59;1.0;IOGURTE NESTLE GREGO INTEG TORTA MORAN PT 90G;6250497f44ea560e871efcf6
640be4c1c9b08448aded8a78;2022-12-05 21:19:11;625035bee612a77bf7ffb15a;9.99;1.0;OLEO DE SOJA SOYA GF 900ML;6250495ebd25ed0e8742ab1c
640bf6dbbcc53c79b789e8de;2022-12-26 20:02:52;625035bee612a77bf7ffb15a;2.19;1.0;COALHADA ITAMBE ADOCADA DESNADA CP 130G;625049627fbf0c0e878f52c4
640be057b5ccf63e55da7135;2022-11-30 17:46:00;625035bee612a77bf7ffb15a;4.49;1.0;BATATA FRITA ELMA CHIPS RUFFLES ORIGINAL SC 40G;637fa381eca23d0d783f69a3
640bd0a7607b03106854e6d8;2022-11-13 11:33:01;625035bee612a77bf7ffb15a;9.99;1.0;SUCO MONT BLANC TINTO INTEGRAL DE UVA GF 1,5LT;6250e9fb707fe64dc51e7c5b
640be214a567e14290f2b9c6;2022-12-02 19:13:19;625035bee612a77bf7ffb15a;2.29;4.0;EMPANADO PERDIGAO STEAK FRANGO TRAD SC 100G;6250497f64a2210e875542f5
640bd0a68b528c1068cfdab7;2022-11-13 11:22:15;625035bee612a77bf7ffb15a;5.49;2.0;CAFE NESTLE NESCAFE SOLUVEL TRADICAO SC 50G;6250495cdcc5c10e87db8b3c
640bf598822849767dee3fed;2022-12-24 13:35:37;625035bee612a77bf7ffb15a;10.99;2.0;VINHO BR QUINTA DO MORGADO TINTO SUAVE GF 750ML;62504960a07bb80e87212f69
640be58637534b4ae9c662c9;2022-12-06 15:48:22;625035bee612a77bf7ffb15a;7.49;1.0;FARINHA DE MANDIOCA DONA DE BRANCA SC 1KG;6250496286f6940e8714b3d5
640bfada918c7505b67eb5a4;2022-12-30 11:45:52;625035bee612a77bf7ffb15a;1.79;16.0;BISCOITO RECHEADO RICHESTER AMORI CHOCOLATE PC 125G;62a72eca0d1e524c1ff255c7
640be05a0d43e53e55dd0009;2022-11-30 18:39:39;625035bee612a77bf7ffb15a;7.79;1.0;GOMA FRESCA KUME SC 1KG;625049803188010e878665c7
640be11f4e07bd40710262a4;2022-12-01 13:11:39;625035bee612a77bf7ffb15a;13.99;1.0;MANTEIGA BETANIA COM SAL PT 200G;6250497eeea47d0e87eab555
640bf15772f7126affd2aceb;2022-12-20 17:46:47;625035bee612a77bf7ffb15a;0.99;1.0;ESPONJA BETTANIN BRILHUS MULTIUSO DUPLA FACE SC;6250495d14297a0e8766eeae
640bc65bceca106925e5ca58;2022-11-01 14:06:47;625035bee612a77bf7ffb15a;14.99;0.182;PAO  KG;6250495a0a398c0e87675e61
640bf9b4b71f4702b1af4c96;2022-12-29 13:39:45;625035bee612a77bf7ffb15a;3.99;3.0;MILHO VERDE FUGINI EM CONSERVA SC 170G;6250496ae13c900e877cd09b
640bfddc1285f40d6b404ce8;2023-01-02 18:43:39;625035bee612a77bf7ffb15a;10.49;1.0;FEIJAO CARIOCA KICALDO SC 1KG;62504970ca2d1d0e87a8bcab
640bdecf40c3a43a3bb369a8;2022-11-28 18:39:38;625035bee612a77bf7ffb15a;8.99;1.0;FEIJAO CARIOCA GOSTOZZO SC 1KG;625049708e2d420e8710182d
640c029d086a0d1a5bb3e32f;2023-01-07 21:33:34;625035bee612a77bf7ffb15a;4.19;1.0;BISCOITO CREAM CRACKER FORTALEZA LEGITIMO PC 350G;625049702e1bf90e87c8dfd2
640bca1d4381a1780793efb9;2022-11-05 07:23:00;625035bee612a77bf7ffb15a;6.49;1.0;ACUCAR DEMERARA ASTER SC 1KG;625049668420c20e874a322c
640c00884a7dd9151f5277eb;2023-01-05 17:31:24;625035bee612a77bf7ffb15a;5.49;1.0;PAO RABELO HAMBURGUER PC 400G;6250495fda9f130e876c92dc
640bcd431c30fb016faf0023;2022-11-09 18:27:05;625035bee612a77bf7ffb15a;1.49;2.0;HAMBURGUER REZENDE MISTO SC 56G;6250495c09f03d0e870db615
640bcde9fe0cbc03b167f542;2022-11-10 10:30:35;625035bee612a77bf7ffb15a;9.69;1.0;CAFE SANTA CLARA VACUO CLASSICO SC 250G;6250495c0c5f5a0e87225b83
640be65a4855b14cc063e8fb;2022-12-07 18:23:42;625035bee612a77bf7ffb15a;4.59;1.0;BISCOITO SORTIDO PETYAN COCO PC 400G;636ed3246fa23f013ab20beb
640bd22a2c96f314000af4f6;2022-11-15 10:55:14;625035bee612a77bf7ffb15a;3.49;1.0;MAIONESE ODERICH TRADICIONAL SC 200G;6250495eeba92c0e87d1df4c
640bcc780d8e917ea4eda727;2022-11-08 07:05:11;625035bee612a77bf7ffb15a;19.99;1.0;LEITE EM PO GLORIA DESNATADO INSTANTANEO LA 300G;6250495e7b4d060e87677053
640c0ac84e274831f80b24db;2023-01-17 09:29:20;625035bee612a77bf7ffb15a;5.99;1.0;FARINHA DE AVEIA QUAKER ORIGINAL CX 165G;62504967b55c220e879f8ae6
640c04f60c85b12178e2f63c;2023-01-10 12:26:47;625035bee612a77bf7ffb15a;2.29;1.0;BARRA DE CEREAL RITTER BRIGADEIRO SC 22G;6250495c3d26010e87e3d351
640bf8abf747ad7e89e86302;2022-12-28 20:07:50;625035bee612a77bf7ffb15a;3.99;2.0;ARROZ BRANCO PANELACO SC 1KG;6250497f6c50d20e87f04b88
640bd98cf87fb12bb1e281cc;2022-11-24 07:15:53;625035bee612a77bf7ffb15a;7.99;0.285;BATATA INGLESA KG;6250495b468da50e87b28476
640be4b2d1ca4748adbe2e34;2022-12-05 14:08:01;625035bee612a77bf7ffb15a;10.99;1.0;BOMBOM DE CHOCOLATE FERRERO ROCHER AO LEITE SC 37,5G;62e9d457ad371b7f58b38f30
640c0a151c93ef2fbc5cd3e6;2023-01-16 21:44:30;625035bee612a77bf7ffb15a;6.99;1.0;SABAO EM PO YPE TIXAN PRIMAVERA SC 400G;62b3049bc58cfe7c4c3e731b
640bd77984a6bc25fde813b9;2022-11-21 20:38:45;625035bee612a77bf7ffb15a;30.99;1.0;LEITE EM PO ITAMBE INTEGRAL SC 800G;6250495ed9d9a50e873b5c13
640bd30e8a6e8b15fe79959e;2022-11-16 16:34:18;625035bee612a77bf7ffb15a;46.99;0.518;PEIXE FILE DE TILAPIA KG;6324836b472d5c0dccaa4034
640bf6d884078179b7c13581;2022-12-26 19:01:19;625035bee612a77bf7ffb15a;1.99;1.405;MANGA TOMMY KG;6250495b430cc50e87e1693b
640c07867ffcdf289168e05d;2023-01-13 20:52:49;625035bee612a77bf7ffb15a;8.99;2.0;OLEO DE SOJA SOYA GF 900ML;6250495ebd25ed0e8742ab1c
640bec0a35e50d5d40e14705;2022-12-14 09:13:39;625035bee612a77bf7ffb15a;1.29;1.0;COLORIFICO EM PO DONA CLARA SC 100G;6250495de84d470e873908ef
640bc84794f2e5729365b0cf;2022-11-03 19:41:42;625035bee612a77bf7ffb15a;14.99;0.58;MACA NACIONAL KG;6250495bf443ab0e8763f185
640c14d665c4a41d7e2f30e4;2023-01-28 22:03:37;625035bee612a77bf7ffb15a;2.99;1.0;POLPA DE FRUTA MAIS POLPAS GOIABA SC 500G;62504966c528230e8792e398
640bc749f7189a6d80e16cd0;2022-11-02 10:07:52;625035bee612a77bf7ffb15a;1.99;1.0;BISCOITO WAFER ESTRELA CHOCOLATE PC 80G;6250496d5010f40e87dd0a4a
640bd4b6a93b3b1bb05d7224;2022-11-18 15:26:27;625035bee612a77bf7ffb15a;3.99;4.0;CERVEJA SPATEN MUNICH PURO MALTE GF 355ML;6250496d9a1d2b0e87c00dee
640bd6af082148240a656d0d;2022-11-20 08:26:20;625035bee612a77bf7ffb15a;1.79;3.845;MELAO ESPANHOL AMARELO KG ;6250497069a2b70e87fe7643
640bea86824119593e58e13a;2022-12-12 10:19:09;625035bee612a77bf7ffb15a;0.99;2.0;ESPONJA LIMPABELA MULTIUSO DUPLA FACE SC;6250495d3cf3120e879124b5
640bf6d792357d79b7d0d116;2022-12-26 18:47:34;625035bee612a77bf7ffb15a;2.69;2.0;BISCOITO RECHEADO RICHESTER AMORI CHOCOLATE PC 125G;62a72eca0d1e524c1ff255c7
640c04ffc0afed21782415a5;2023-01-10 18:08:45;625035bee612a77bf7ffb15a;13.99;1.0;OVOS TIJUCA BRANCO EXTRA BDJ 20X1;62b3049ade566e7c4cd2798d
640bea841f4346593e470b42;2022-12-12 09:19:08;625035bee612a77bf7ffb15a;1.19;2.0;SALGADINHO SALSITO PIZZA SC 32G;625049601f20300e87aa143d
640c10f231d79c056350c50f;2023-01-24 11:42:27;625035bee612a77bf7ffb15a;19.99;0.13;ALHO A GRANEL KG ;6250495b8e39270e87dd3afb
640bedd8e2777f61d5c1b4cb;2022-12-16 17:34:18;625035bee612a77bf7ffb15a;4.49;1.0;BISCOITO CREAM CRACKER FORTALEZA LEGITIMO PC 350G;625049702e1bf90e87c8dfd2
640bcfb3b9d3680b90caf832;2022-11-12 08:54:57;625035bee612a77bf7ffb15a;1.89;2.0;BISCOITO RECHEADO RICHESTER AMORI CHOCOLATE PC 125G;62a72eca0d1e524c1ff255c7
640bf15ca4b5756affb3b1f0;2022-12-20 19:46:39;625035bee612a77bf7ffb15a;51.99;0.308;QUEIJO MUSSARELA BETANIA FATIADO KG;6250495be8244a0e878464d4
640c0d592b8f426ca4ed79a6;2023-01-20 09:22:02;625035bee612a77bf7ffb15a;14.99;0.985;LARANJA LIMA KG;6250495bdc74e00e87617bb6
640becf58cd99c5f7a984f80;2022-12-15 23:00:59;625035bee612a77bf7ffb15a;3.99;1.0;MACARRAO BRANDINI SEMOLA PARAFUSO SC 500G;6250495eda16550e8702d9ec
640c0d6328d6c36ca4514fa1;2023-01-20 14:16:23;625035bee612a77bf7ffb15a;15.99;1.0;REQUEIJAO SABOR E VIDA LIGHT PT 420G;625049658c72310e87ab46d1
640be4a838e03448adc64a9d;2022-12-05 09:25:57;625035bee612a77bf7ffb15a;4.39;10.0;ACUCAR CRISTAL SAMUKA SC 1KG;62504970a1b4990e87d991a8
640c094f923a292d8e9227d1;2023-01-15 11:26:07;625035bee612a77bf7ffb15a;15.99;0.702;CARRE SUINO CONGELADO KG;6250495b8843fc0e87aeba73
640c01819342a817ef79f795;2023-01-06 17:30:56;625035bee612a77bf7ffb15a;34.99;1.17;CHA DE DENTRO BOVINO KG;6250495b927c300e878f4b9f
640c0087fa6358151f57ee1d;2023-01-05 17:14:31;625035bee612a77bf7ffb15a;5.99;0.338;LIMAO TAITI KG;6250495b65eadd0e87b42929
640bec1419d0825d4042fa69;2022-12-14 16:09:56;625035bee612a77bf7ffb15a;3.99;2.0;SABONETE PROTEX COMPLETE 12 SC 85G;625049632406a20e87a0458b
640c04314e68b01f41d72fa1;2023-01-09 19:09:14;625035bee612a77bf7ffb15a;5.49;1.0;CHA BARAO DE COTEGIPE CIDREIRA CX 13G;6250495ca328810e87a00d31
640bf59fa9609f767de7a290;2022-12-24 15:25:57;625035bee612a77bf7ffb15a;4.49;1.0;MOLHO SHOYU SAKURA TRADICIONAL GF 150ML;6250497ec1d69a0e872ad00a
640bdf91a0bb6a3c2b563a2f;2022-11-29 17:00:37;625035bee612a77bf7ffb15a;2.99;1.25;BANANA PRATA KG;6250495b591e3e0e87d73d29
640be12c6f19884071424b7d;2022-12-01 19:25:41;625035bee612a77bf7ffb15a;35.9;0.176;QUEIJO MUSSARELA SERVE BEM FATIADO KG;62a741bd246eff713dd0848b
640bd6b2621b73240a517999;2022-11-20 09:02:23;625035bee612a77bf7ffb15a;2.19;2.0;SABAO EM PO MARILUX TRAD SC 500G;62504961cc54160e873996a5
640bf08fec6ab768aab069f7;2022-12-19 18:20:53;625035bee612a77bf7ffb15a;4.49;1.0;CHA LEAO FUZE BOLDO DO CHILE CX 10G;6250495cefdad80e87b6fc73
640bcde9dc193a03b1fb408e;2022-11-10 10:44:35;625035bee612a77bf7ffb15a;3.49;1.0;MACARRAO BONSABOR SEMOLA ESPAGUETE SC 400G;625049709816c00e8782fa6b
640bd99e6a13352bb1e41619;2022-11-24 19:03:29;625035bee612a77bf7ffb15a;5.69;2.0;PAO KIPAO HAMBURGUER SEM GERGELIM PC 430G;6250496ae030510e8719581a
640beb54a58f2e5b75efe79e;2022-12-13 14:57:27;625035bee612a77bf7ffb15a;3.49;15.0;MACARRAO BONSABOR SEMOLA ESPAGUETE SC 400G;625049709816c00e8782fa6b
640bf3103ccf696fab3de0c0;2022-12-22 14:47:01;625035bee612a77bf7ffb15a;6.49;1.0;DESINFETANTE MEU LAR NATURE GF 2LT;62504961f2fb6d0e8770a21b
640bd997a6649e2bb193831f;2022-11-24 14:39:58;625035bee612a77bf7ffb15a;3.49;1.0;SALGADINHO ELMA CHIPS FANDAGOS PRESUNTO SC 45G;6250496caba33f0e875c059b
640bf89bbe79b67e8965c88e;2022-12-28 15:50:42;625035bee612a77bf7ffb15a;14.99;0.214;PAO  KG;6250495a0a398c0e87675e61
640c10277362d702a99c6d50;2023-01-23 11:13:04;625035bee612a77bf7ffb15a;8.99;1.0;KETCHUP ARISCO TRADICIONAL BS 370G;6250496a4869330e87f6c823
640c008e7af9b2151f36b84a;2023-01-05 19:04:41;625035bee612a77bf7ffb15a;1.59;5.0;BEBIDA LACTEA NESTLE NESCAU UHT CHOC TP 180ML;62b58991c664a75cd7975a5d
640be32d10ac7d448e703960;2022-12-03 20:41:49;625035bee612a77bf7ffb15a;4.49;1.0;LAVA LOUCAS LIMPEBEM MACA GF 2LT;630b47bdce1a965c9c1d5dd4
640bd2300896b11400ec59fb;2022-11-15 14:27:52;625035bee612a77bf7ffb15a;0.99;2.0;ESPONJA BETTANIN BRILHUS MULTIUSO DUPLA FACE SC;6250495d14297a0e8766eeae
640c0ace846f6731f8af9b86;2023-01-17 13:24:55;625035bee612a77bf7ffb15a;2.39;2.73;LARANJA KG;6250495b10dcbf0e87d93203
640bfdc4068f6a0d6b49cb52;2023-01-02 07:44:26;625035bee612a77bf7ffb15a;18.99;1.0;CARNE DE CHARQUE MINERVA JERKED DIANTEIRO SC 400G;62504962cb90430e87abc99f
640c0f74ff51d77f6b4516d4;2023-01-22 14:27:24;625035bee612a77bf7ffb15a;8.99;0.025;PIMENTA DE CHEIRO KG;6250495bb9ac490e878513e9
640bcbc5508f897c6f17a322;2022-11-07 08:09:21;625035bee612a77bf7ffb15a;6.99;1.0;FARINHA DE TRIGO DONA BENTA TRADICIONAL SC 1KG;6250497058ef290e879a7333
640bd82a8413c1278068e437;2022-11-22 18:51:52;625035bee612a77bf7ffb15a;5.49;2.0;PAO RABELO HAMBURGUER PC 400G;6250495fda9f130e876c92dc
640bf16094493c6aff165c65;2022-12-20 21:24:23;625035bee612a77bf7ffb15a;89.99;1.0;VINHO PT CASAL GARCIA BRANCO MEIO SECO GF 750ML;6250496752b98e0e876a4ab2
640be5946620884ae9a10094;2022-12-06 20:29:47;625035bee612a77bf7ffb15a;2.99;1.0;IOGURTE ISIS POL SEMIDESN FRUT VERM GF 180G;6250495e15effd0e8713014d
640beb4ca5116d5b7542da93;2022-12-13 09:27:04;625035bee612a77bf7ffb15a;3.69;0.535;BATATA INGLESA KG;6250495b468da50e87b28476
640bdebef5e9293a3be69143;2022-11-28 07:57:31;625035bee612a77bf7ffb15a;30.99;3.024;PATINHO BOVINO KG;6250495b1f2b220e877904f0
640be65beb27b54cc0a13362;2022-12-07 18:54:20;625035bee612a77bf7ffb15a;3.69;1.0;BOLACHA RABELO FOLHADA PC 180G;6250495c3b3bd30e87a1ae14
640c029d9559c61a5bd02599;2023-01-07 21:43:23;625035bee612a77bf7ffb15a;5.49;0.915;BANANA NANICA KG;6250495bc674b30e87f14adc
640befcff58618669badf123;2022-12-18 13:12:19;625035bee612a77bf7ffb15a;1.89;2.0;BISCOITO RECHEADO RICHESTER AMORI CHOCOLATE PC 125G;62a72eca0d1e524c1ff255c7
640be04ca885693e55701047;2022-11-30 10:20:54;625035bee612a77bf7ffb15a;8.99;1.0;TINTURA YAMA FASHION COLOR 7.1 LOURO MEDIO ACINZ CX 60G;6250496c1da2660e87558f08
640beb5330b7225b75403838;2022-12-13 13:40:20;625035bee612a77bf7ffb15a;1.99;1.0;AGUA NATURAGUA MINERAL ATHLETIC SEM GAS GF 500ML;62c6b22c2c21df02d99c5f32
640bd2339d99751400dfe177;2022-11-15 16:48:10;625035bee612a77bf7ffb15a;1.79;1.0;BISCOITO WAFER RICHESTER AMORI MOUSSE DE LIMAO PC 80G;6250496f8189b20e87df2f7a
640c14cc0e8f801d7edd729b;2023-01-28 19:31:01;625035bee612a77bf7ffb15a;54.99;1.0;MIX EXCELENCIA DRINKS BDJ 80G;6250496d3bf0e00e87f30db1
640bfed3322cbc0ff59c1f15;2023-01-03 21:01:32;625035bee612a77bf7ffb15a;3.29;0.615;BANANA PRATA KG;6250495b591e3e0e87d73d29
640bdafcec97142f1ddf3255;2022-11-25 17:32:29;625035bee612a77bf7ffb15a;3.19;1.0;SUCO DE FRUTA NOSSA FRUTA UVA SC 200G ;6250497f4ab4e30e8773b0b7
640bffa0c06de812711180c4;2023-01-04 10:11:16;625035bee612a77bf7ffb15a;1.29;3.0;COLORIFICO EM PO DONA CLARA SC 100G;6250495de84d470e873908ef
640bf4328bf21172a43f9501;2022-12-23 18:00:07;625035bee612a77bf7ffb15a;3.89;1.37;BANANA PRATA KG;6250495b591e3e0e87d73d29
640c0ea6001e717cb5c41779;2023-01-21 20:59:52;625035bee612a77bf7ffb15a;5.49;2.0;PAO RABELO HAMBURGUER PC 400G;6250495fda9f130e876c92dc
640bd5e06a8ae220d07fdcda;2022-11-19 19:32:53;625035bee612a77bf7ffb15a;2.49;1.0;CHOCOLATE EM BARRA SNICKERS SC 45G;62504965ccf01a0e87050a4a
640bf7b084cea17c10cfdd0c;2022-12-27 20:05:18;625035bee612a77bf7ffb15a;12.49;0.31;MARACUJA KG;6250495bb97d4b0e8731ec01
640c12774221d50d5ede7673;2023-01-26 08:30:55;625035bee612a77bf7ffb15a;2.49;1.0;AGUA SANITARIA DRAGAO CLORO ATIV GF 1LT;6250495b02758b0e872e1a4c
640bf14bcc57396afff39668;2022-12-20 08:52:54;625035bee612a77bf7ffb15a;2.99;1.0;BISCOITO RECHEADO PIRAQUE MALTADO COBERTO PC 80G;62504968a2df550e875244dd
640bd4b414a7bb1bb0b57fc3;2022-11-18 14:06:13;625035bee612a77bf7ffb15a;2.29;1.0;BALA FINI REGALIZ TUBES SUPER GIGANTE TWISTER SC 27G;6250496bd556bf0e87672fef
640beb616d9c4f5b755125b2;2022-12-13 21:41:22;625035bee612a77bf7ffb15a;3.29;1.0;COUVE MANTEIGA UN;6250497d7df1c70e879f39ea
640bfdd371060e0d6bda524e;2023-01-02 14:19:08;625035bee612a77bf7ffb15a;20.99;0.798;CORTE DE FRANGO TICA DO FRANGO PEITO BDJ KG;6250495bc83e7a0e8775b8c1
640c0a114595e22fbcfed8bd;2023-01-16 20:15:17;625035bee612a77bf7ffb15a;3.99;1.0;BEBIDA LACTEA BETANIA POL MORAN BDJ 540G 6X1;6250495e38894c0e8795cac9
640bc910ec4d287590bb2fee;2022-11-04 09:20:02;625035bee612a77bf7ffb15a;1.49;1.0;GUARDANAPO GIRASSOL PAPEL 23CMX22CM SC 50X1;6250495ebde4680e87d0d905
640c04fdc62faf217806ce14;2023-01-10 17:32:24;625035bee612a77bf7ffb15a;16.99;1.0;MAIONESE HELLMANNS LIGHT PT 500G;6250496d755ec30e87ddcef2
640bedc8a00c1261d52f2df3;2022-12-16 09:44:35;625035bee612a77bf7ffb15a;2.99;2.0;MAIONESE PREDILECTA SC 200G ;625049804d03f00e8705e98f
640bcdee0cc0df03b1077a3b;2022-11-10 16:11:53;625035bee612a77bf7ffb15a;13.99;1.0;SABAO EM PO YPE TIXAN PRIMAVERA SC 800G;62b3049ba868f97c4cf4e8e5
640c137bc86954140ed4894b;2023-01-27 17:14:57;625035bee612a77bf7ffb15a;5.79;2.0;IOGURTE ITAMBE POL INTEG MORAN BDJ 540G 6X1;6347ce602cfdbe756ee607be
640c0c8cbc41fa5f70d9032d;2023-01-19 20:41:48;625035bee612a77bf7ffb15a;6.99;1.0;KETCHUP PREDILECTA TRADICIONAL BS 400G;6250495c50687d0e8777e4c4
640be206d3c2e442903645ca;2022-12-02 12:22:26;625035bee612a77bf7ffb15a;6.99;1.0;FARINHA DE TRIGO DONA BENTA TRADICIONAL SC 1KG;6250497058ef290e879a7333
640c15b24e2a32255e022f59;2023-01-29 09:48:27;625035bee612a77bf7ffb15a;4.49;1.0;CAFE NESTLE NESCAFE SOLUVEL DOLCA SC 50G;6250495cde18880e871eaa99
640bd3dcf29abd17e0994a34;2022-11-17 19:11:38;625035bee612a77bf7ffb15a;4.29;1.0;BOLACHA RABELO POP PC 300G;6250495c1e41850e87331db4
640c0ba3eaf0d64087c7f1af;2023-01-18 16:47:33;625035bee612a77bf7ffb15a;6.99;1.0;KETCHUP PREDILECTA TRADICIONAL BS 400G;6250495c50687d0e8777e4c4
640c027342504e1a5b005c5e;2023-01-07 07:44:54;625035bee612a77bf7ffb15a;30.9;0.084;PAO DE QUEIJO  KG;6250495b8121d30e87d28402
640c10ea0393220563807936;2023-01-24 07:55:27;625035bee612a77bf7ffb15a;8.99;1.0;BOLO  MESCLADO BDJ UN;62a741bdda30b4713dc7da55
640becdeece9015f7a8ae374;2022-12-15 10:27:30;625035bee612a77bf7ffb15a;8.99;1.0;BEBIDA ENERGETICA MONSTER ENERGY ULTRA LA 473ML;6250496228d19e0e873543c6
640c12903582ca0d5ef7b95e;2023-01-26 21:34:12;625035bee612a77bf7ffb15a;4.49;1.0;MILHO VERDE QUERO EM CONSERVA LA 170G;625049654720970e87cc03ae
640bf6c9d2bd2579b71b8609;2022-12-26 09:52:05;625035bee612a77bf7ffb15a;3.49;1.0;CREME DENTAL CLOSEUP TRIPLE MENTA CX 70G;62504962ec53d00e87f9286c
640c0ba9e29f7740879bc23d;2023-01-18 18:33:20;625035bee612a77bf7ffb15a;4.99;1.0;BISCOITO CRACKER CLUB SOCIAL CEBOLA PC 141G;62d7e514d774e47b31e451d9
640c0f665622c77f6b4b10b7;2023-01-22 09:47:18;625035bee612a77bf7ffb15a;3.99;1.0;BISCOITO WAFER PIRAQUE NEWAFER BRIGADEIRO PC 100G;625049659728180e87edb6c4
640bea92b00e59593e2f9539;2022-12-12 18:20:52;625035bee612a77bf7ffb15a;49.99;0.31;QUEIJO COALHO FP LATICINIO FATIADO KG;6250495b6e8dad0e87213381
640bc7404457466d800010a0;2022-11-02 07:19:34;625035bee612a77bf7ffb15a;4.19;1.0;GOMA FRESCA LOPES SC 500G;6347ced4d70e83756ef6b187
640bf31ac54b526fab4e806a;2022-12-22 18:29:38;625035bee612a77bf7ffb15a;5.99;1.0;APARELHO DE BARBEAR GILLETTE PRESTOBARBA ULTRAGRIP2 CR 2X1;625049806c64820e8708ff36
640c0186ec719d17ef6780ec;2023-01-06 18:46:38;625035bee612a77bf7ffb15a;1.79;1.0;LAVA LOUCAS LIMPA FACIL CLEAR GF 500ML;62504980a3a7d10e87bf485c
640bfdda9114d50d6b22ec97;2023-01-02 18:01:43;625035bee612a77bf7ffb15a;1.79;2.0;REFRIGERANTE SAO GERALDO CAJU GF 250ML;6250495f6b430f0e8702e05f
640bffade873ec1271bbaff0;2023-01-04 17:27:19;625035bee612a77bf7ffb15a;1.99;1.0;SALGADINHO DELICITOS CALABRESA PICANTE SC 50G;6250495ff54b0e0e87247cb4
640bd15983491e120c05f498;2022-11-14 09:11:39;625035bee612a77bf7ffb15a;2.09;1.0;GELATINA DR OETKER CEREJA CX 20G;62504962ca20730e87405ae5
640bf59fe7741f767d9e0e9d;2022-12-24 15:24:19;625035bee612a77bf7ffb15a;2.99;3.0;BISCOITO RECHEADO PIRAQUE MALTADO COBERTO PC 80G;62504968a2df550e875244dd
640bddeff3b9473782c0c736;2022-11-27 12:07:05;625035bee612a77bf7ffb15a;1.49;1.0;REFRIGERANTE ANTARCTICA GUARANA GF 200ML;6250496631c94b0e87e5db80
640bd316eb14f415feb95a67;2022-11-16 19:38:22;625035bee612a77bf7ffb15a;5.49;1.895;BANANA NANICA KG;6250495bc674b30e87f14adc
640be9cb8a67eb56c3f68ebc;2022-12-11 08:45:38;625035bee612a77bf7ffb15a;4.99;1.725;CENOURA KG;6250495bc359040e870e593b
640bd31bac2e5f15fe0c8900;2022-11-16 21:28:55;625035bee612a77bf7ffb15a;3.49;6.0;CERVEJA PETRA ORIGEM PURO MALTE LA 350ML;625049633275f10e87bdbee9
640c09fc3d13882fbc3c2901;2023-01-16 10:24:49;625035bee612a77bf7ffb15a;4.49;1.0;PAPEL HIGIENICO FAMILIAR SUPREMO NEUTRO PC 30MT 4X1;62504961a11bf60e878c3b8f
640c008faf3440151fb1d3c3;2023-01-05 19:23:12;625035bee612a77bf7ffb15a;5.49;1.0;BISCOITO SORTIDO FORTALEZA POPULAR SORTIDO DOCE PC 400G;6250495ce7f34d0e8702a57b
640c0885d30d822b8f74009c;2023-01-14 18:36:07;625035bee612a77bf7ffb15a;4.99;1.0;ABS CLINOFF NOTURNO C ABAS SC LV8 PG7;625049664a651f0e87c7528d
640bd6be044239240a32f17a;2022-11-20 11:47:18;625035bee612a77bf7ffb15a;13.99;1.0;PILHA RAYOVAC COMUM AMARELINHAS PALITO AAA CR 4X1;6250495f147ebc0e870c05f9
640bc7407aeda56d8075b612;2022-11-02 07:20:47;625035bee612a77bf7ffb15a;7.39;1.0;IOGURTE NESTLE NINHO POL INTEG 3 SABOR BDJ 540G 6X1;62504963d3794a0e87394cee
640c0d76128d5f6ca49955ca;2023-01-20 19:46:10;625035bee612a77bf7ffb15a;4.29;1.0;BOLACHA ITAICABA LIRA PC 300G;6250495cbd8c8e0e877c8e8b
640bf15a495cb36affe604e7;2022-12-20 18:42:34;625035bee612a77bf7ffb15a;3.99;1.0;CREME DE LEITE BETANIA UHT SUPER CREMOSO TRAD TP 200G;6250495d3da6c10e872edeca
640bd0a4d64cb51068ca13c5;2022-11-13 10:56:22;625035bee612a77bf7ffb15a;7.39;1.0;REFRIGERANTE PEPSI COLA GF 2LT;6250495f1a26830e87a378fa
640bfdc86da1fe0d6b5667cf;2023-01-02 09:40:23;625035bee612a77bf7ffb15a;4.49;1.0;POLPA DE FRUTA MAIS POLPAS MANGA SC 500G;62504980f3b63a0e879cf9b7
640c15b23fcce0255e1aa0cf;2023-01-29 09:53:39;625035bee612a77bf7ffb15a;5.29;1.0;SABONETE PALMOLIVE HIDRATA PERFUMA PETALAS DE ROSAS SC 150G;6250495fc925ac0e87395c4f
640bdf8ee342083c2bf164b9;2022-11-29 14:12:44;625035bee612a77bf7ffb15a;2.99;3.155;BANANA PRATA KG;6250495b591e3e0e87d73d29
640be57d5ae8234ae9d1221a;2022-12-06 09:46:45;625035bee612a77bf7ffb15a;1.99;1.0;BISCOITO RECHEADO RICHESTER AMORI CHOCOLATE PC 125G;62a72eca0d1e524c1ff255c7
640bd3e00990c017e0ef16e2;2022-11-17 20:25:51;625035bee612a77bf7ffb15a;49.99;0.324;QUEIJO COALHO FP LATICINIO FATIADO KG;6250495b6e8dad0e87213381
640bcd48e1a545016fd8afbe;2022-11-09 20:31:58;625035bee612a77bf7ffb15a;6.99;1.0;AGUA MINERAL APODI NATURAL GF 20LT;6250495bb32d540e875df736
640bcbcbf7e8b87c6fbe2a26;2022-11-07 13:04:07;625035bee612a77bf7ffb15a;4.99;1.0;CAFE PILAO TRADICIONAL SOLUVEL SC 50G;6250495cdfffe10e87829c13
640c05053384be21780aef59;2023-01-10 20:03:18;625035bee612a77bf7ffb15a;9.99;1.0;CAFE PILAO TRADICIONAL VACUO SC 250G;6250495cfd01b60e878e2767
640bd76daa866625fdefb648;2022-11-21 14:17:12;625035bee612a77bf7ffb15a;0.89;3.0;CALDO EM TABLET MAGGI GALINHA CX 19G 2X1;6250497f67e4b10e87da71ed
640be8f0f9999e548af8e18b;2022-12-10 10:23:45;625035bee612a77bf7ffb15a;3.29;2.0;COUVE MANTEIGA UN;6250497d7df1c70e879f39ea
640bc90c5291d575903d132b;2022-11-04 07:58:55;625035bee612a77bf7ffb15a;1.59;1.0;BEBIDA LACTEA NESTLE NESCAU UHT CHOC TP 180ML;62b58991c664a75cd7975a5d
640be7f203156d51a46a376c;2022-12-09 11:39:39;625035bee612a77bf7ffb15a;7.49;1.0;AZEITONA VALE FERTIL VERDE FATIADA SC 120G;6250495cc08cd20e87c6edb0
640bec1e561fae5d40bbea68;2022-12-14 19:56:49;625035bee612a77bf7ffb15a;5.99;1.0;LEITE UHT BETANIA INTEGRAL TP 1LT;6250495e959c790e8771e6e8
640be11a1d8a114071e5228b;2022-12-01 09:59:41;625035bee612a77bf7ffb15a;9.99;1.0;CAFE PILAO TRADICIONAL VACUO SC 250G;6250495cfd01b60e878e2767
640c035f25e2d11cf88ba5da;2023-01-08 09:48:38;625035bee612a77bf7ffb15a;33.99;1.0;LEITE EM PO NESTLE NINHO INTEGRAL SC 750G;6250496af0c4a40e874cfe62
640bfacfcd729105b6417fb7;2022-12-30 08:59:20;625035bee612a77bf7ffb15a;13.99;1.0;VINHO BR COLLINA TINTO SUAVE GF 750ML;6250496b0c9e070e8799a8e0
640bd16407fcb4120cbc93d4;2022-11-14 16:39:12;625035bee612a77bf7ffb15a;49.99;0.222;QUEIJO COALHO FP LATICINIO FATIADO KG;6250495b6e8dad0e87213381
640be9050af5ed548a008055;2022-12-10 18:41:30;625035bee612a77bf7ffb15a;18.99;1.01;COSTELA SUINA CONGELADA COM OSSO KG;6250495aabd67b0e87046ec2
640beee7d81dd464a7c4aed9;2022-12-17 13:28:47;625035bee612a77bf7ffb15a;139.99;1.0;WHISKY OLD PARR GRAND 12 ANOS CX 1LT;62504960c78e710e871fbc3b
640be3e999a45c46b2e3f2eb;2022-12-04 08:55:20;625035bee612a77bf7ffb15a;1.99;3.0;BISCOITO RECHEADO RICHESTER ESCURETO PC 125G;62a741e0801f05713d8756af
640bf22312f5a96cec032b68;2022-12-21 16:35:59;625035bee612a77bf7ffb15a;51.99;0.192;QUEIJO MUSSARELA BETANIA FATIADO KG;6250495be8244a0e878464d4
640be909ca37b9548aadba70;2022-12-10 19:41:34;625035bee612a77bf7ffb15a;5.49;1.0;CHOCOLATE EM BARRA HERSHEYS COOKIES CREME SC 87G;6321cc9ce3e0e4736177669a
640c00881bae17151fafac5d;2023-01-05 17:26:54;625035bee612a77bf7ffb15a;1.69;2.0;POLIDOR DE ALUMINIO LIMPA FACIL TRAD GF 500ML;6250495f7373ca0e875cb7bf
640be7feda438451a481026f;2022-12-09 19:23:45;625035bee612a77bf7ffb15a;4.19;2.0;SARDINHA ROBINSON CRUSOE C MOLHO DE TOMATE LA 125G;6250497f9b51950e874585be
640bd81ea2ec18278090f504;2022-11-22 09:59:09;625035bee612a77bf7ffb15a;4.99;1.0;MARGARINA DELICIA ORIGINAL COM SAL PT 250G;6250495e77c2e50e87d485a7
640bf9c2be3d4e02b12b42ed;2022-12-29 18:08:26;625035bee612a77bf7ffb15a;2.29;2.0;BISCOITO WAFER RICHESTER AMORI MAX CHOCOLATE BROWNIE PC 87G;6250496db8f4bf0e872411a8
640be724c697dc4f16fdc68e;2022-12-08 21:52:50;625035bee612a77bf7ffb15a;10.49;1.0;IOGURTE ITAMBE PEDACOS DE PESSEGO PT 500G;62504981d19bf00e873a7631
640bcecc92d453064edb8a49;2022-11-11 19:19:26;625035bee612a77bf7ffb15a;2.69;1.0;BISCOITO RECHEADO RICHESTER AMORI FLORESTA NEGRA PC 125G;62a72eb79fc37f4c1f7b5eab
640bc92b414f637590a534e5;2022-11-04 21:01:11;625035bee612a77bf7ffb15a;7.99;1.0;CARNE ENLATADA ODERICH FIAMBRE FRANGO LA 320G;6250496142e2190e876fc0c2
640bede6775b8961d5d2edff;2022-12-16 21:37:09;625035bee612a77bf7ffb15a;3.99;1.77;MANGA TOMMY KG;6250495b430cc50e87e1693b
640c02850f798e1a5b8cdcc8;2023-01-07 13:22:55;625035bee612a77bf7ffb15a;4.69;4.0;LEITE UHT JAGUARIBE INTEGRAL TP 1LT;6250495efa52b70e872a6843
640bdadd9f266b2f1d44d10d;2022-11-25 10:16:01;625035bee612a77bf7ffb15a;2.89;1.0;LAVA LOUCAS BOMBRIL LIMPOL NEUTRO GF 500ML;6250495d70bfa80e870d3dfc
640c04342255221f4193dcf2;2023-01-09 20:02:09;625035bee612a77bf7ffb15a;2.19;6.0;HAMBURGUER PERDIGAO FRANGO SC 56G;6250495c6a4e190e874e2602
640bcec55d6d9b064ec4ec38;2022-11-11 17:24:21;625035bee612a77bf7ffb15a;2.29;1.0;LA DE ACO ASSOLAN SC 45G 8X1;6337d1cfd516321adadd39f6
640bf592dd2b20767d89edb9;2022-12-24 12:10:32;625035bee612a77bf7ffb15a;6.99;0.26;PIMENTAO VERDE KG;6250495bca7a350e8741b903
640bc64d5f35a569259da132;2022-11-01 06:56:49;625035bee612a77bf7ffb15a;12.99;1.0;LAVA LOUCAS LIMPEBEM LIMAO GF 5LT;6321cca05c633a7361560679
640c0ac87fbb3431f83b312a;2023-01-17 09:30:23;625035bee612a77bf7ffb15a;4.49;1.065;MACAXEIRA KG;6250495bbe45120e876c0347
640bc651ffc8206925604a49;2022-11-01 09:20:47;625035bee612a77bf7ffb15a;3.29;1.0;COLORIFICO EM PO DONA CLARA SC 500G;6250495de54be20e874fbe57
640c076d70051c28910b73b6;2023-01-13 10:20:58;625035bee612a77bf7ffb15a;2.79;3.0;CHOCOLATE WAFER LACTA BIS XTRA BLACK SC 45G;6250496b7a042f0e871b1b6d
640be328d12197448ec6541d;2022-12-03 19:29:39;625035bee612a77bf7ffb15a;7.49;1.0;BATATA FRITA SAO BRAZ SCRUSCH NATURAL SC 100G;63369118e611f34f60db2073
640be05323f86e3e55661b57;2022-11-30 15:13:58;625035bee612a77bf7ffb15a;11.99;1.0;GOMA HIDRATADA AMAFIL MEDIA PARA TAPIOCA SC 1KG;6250495ebca7dc0e8751a85f
640bd09b8186061068d27ff8;2022-11-13 08:10:32;625035bee612a77bf7ffb15a;1.89;1.0;BISCOITO RECHEADO RICHESTER AMORI CHOCOLATE PC 125G;62a72eca0d1e524c1ff255c7
640bec11c33eb85d40be911e;2022-12-14 13:11:41;625035bee612a77bf7ffb15a;5.49;1.0;PAO RABELO HAMBURGUER PC 400G;6250495fda9f130e876c92dc
640bd160357e59120c1ad35b;2022-11-14 12:47:41;625035bee612a77bf7ffb15a;3.29;1.0;CHA DESINCHA SOBREMESAS COOKIES SC 1,5G;6250496ab288440e872fcfe5
640bc75a1c0f376d80f24756;2022-11-02 17:29:33;625035bee612a77bf7ffb15a;2.79;24.0;CERVEJA BOHEMIA PURO MALTE LA 350ML;6250495cc827c50e877afd74
640bc83f3010e6729348a3c6;2022-11-03 17:43:27;625035bee612a77bf7ffb15a;29.99;0.168;UVA PASSA PRETA KG;6250495b0ae63c0e8758e4c6
640bdde6c4964837825bbf71;2022-11-27 10:33:55;625035bee612a77bf7ffb15a;30.99;0.418;QUEIJO MUSSARELA BETANIA FATIADO KG;6250495be8244a0e878464d4
640be312092a9f448ef79e40;2022-12-03 11:18:33;625035bee612a77bf7ffb15a;6.49;1.0;MARGARINA PRIMOR COM SAL PT 500G;6250495eb7c2570e87c8aa1b
640bf21d785ce66cecfa1f87;2022-12-21 11:35:25;625035bee612a77bf7ffb15a;5.99;1.0;BISCOITO SORTIDO FORTALEZA POPULAR MINI CRACKER PC 400G;6250495c47f2730e87da06a4
640be05aae18393e552b8fd8;2022-11-30 18:41:45;625035bee612a77bf7ffb15a;4.49;1.0;AMIDO DE MILHO MAIZENA ORIGINAL CX 200G;6250495b657f510e87df481f
640bcd41705eb5016fb4bf39;2022-11-09 17:44:39;625035bee612a77bf7ffb15a;14.99;0.522;PAO  KG;6250495a0a398c0e87675e61
640bd6c1887c5b240aabcfc5;2022-11-20 12:46:15;625035bee612a77bf7ffb15a;7.59;1.0;REFRIGERANTE ANTARCTICA SODA LIMONADA GF 2LT;6250495f5571bd0e87ff44f3
640bf79cc8dd407c10a68387;2022-12-27 09:56:48;625035bee612a77bf7ffb15a;14.99;1.0;CORTE DE FRANGO SUPER FRANGO FILEZINHO SASSAMI SC 1KG;62a72ebd76c0c64c1fde81f3
640c11c1ffa8a0087ff40a11;2023-01-25 12:53:24;625035bee612a77bf7ffb15a;1.59;1.0;BOLINHO RICHESTER ANIMADOS ZOO BRIGADEIRO SC 40G;6250495c3011930e877df2ac
640c13734d2ee5140e33465c;2023-01-27 14:25:56;625035bee612a77bf7ffb15a;7.99;1.0;FEIJAO CORDA DONA DE SC 1KG;6250496789c1920e8760abd0
640bfde781bbe10d6b205f1a;2023-01-02 21:50:08;625035bee612a77bf7ffb15a;3.99;1.0;GELEIA DE MOTOCO STELLA DORO FRAMBOESA CP 180G;6321cca0c5106f7361d9e40e
640bd30138265e15fe6d21b6;2022-11-16 07:35:33;625035bee612a77bf7ffb15a;9.99;1.0;OVOS TIJUCA CAIPIRA MEDIO VERMELHO BDJ 10X1 ;6329a6cc0f9b7b17d56341c8
640be3f3cd9cf446b2f46db6;2022-12-04 11:09:53;625035bee612a77bf7ffb15a;10.99;1.0;CORTE DE FRANGO LAR COXINHA DA ASA BDJ 600G;636af9c47782b456d006b0b0
640c0945619c432d8e1dc6ee;2023-01-15 09:11:14;625035bee612a77bf7ffb15a;3.49;1.0;BATATA FRITA SAO BRAZ SCRUSCH LIGA DA JUSTICA NATURAL SC 50G;633691185892824f602e4c0c
640bd8d5be1a2e29b84fa7c2;2022-11-23 10:33:13;625035bee612a77bf7ffb15a;2.79;1.0;HASTES FLEXIVEIS CLINOFF CX 75X1;6250497e8896050e87e43e0e
640c0698c804ba25ff0ab482;2023-01-12 18:35:59;625035bee612a77bf7ffb15a;2.29;1.0;SABONETE ALBANY HIDRAT INTENSIVA SC 85G;625049647580a80e879b36ca
640c0780eaed5a28919f3c80;2023-01-13 19:08:24;625035bee612a77bf7ffb15a;3.99;1.425;CENOURA KG;6250495bc359040e870e593b
640c008bff1f24151f161762;2023-01-05 18:17:47;625035bee612a77bf7ffb15a;9.49;1.0;HIDRATANTE PAIXAO FLOR DE BAUNILHA BS 200ML;6347ceeeff02b3756e9a13d0
640bdad9d6ecd42f1d0611e5;2022-11-25 09:35:41;625035bee612a77bf7ffb15a;7.99;1.0;MINGAU MAIZENA CREMOGEMA TRADICIONAL CX 380G;6304b903a9fa4d7a541a664f
640bd823593b2c2780cdfa0e;2022-11-22 15:07:25;625035bee612a77bf7ffb15a;3.69;2.0;IOGURTE ISIS VIVA LEVE POL DESN MORAN GF 180G;6250495e4aa3a00e8781d770
640be05938cf123e55537745;2022-11-30 18:25:54;625035bee612a77bf7ffb15a;0.99;1.0;REFRESCO FRISCO GOIABA SC 25G;6250495fa88b730e873f0d34
640bd8e039a7b029b8a29b0e;2022-11-23 19:42:03;625035bee612a77bf7ffb15a;2.49;1.0;BISCOITO RECHEADO RICHESTER AMORI CHOCOLATE PC 125G;62a72eca0d1e524c1ff255c7
640c0f644289087f6b3fa678;2023-01-22 09:06:14;625035bee612a77bf7ffb15a;3.49;1.0;BATATA PALHA ELMA CHIPS TRADICIONAL SC 70G;6250496658045b0e87856a6a
640bece01603c55f7a1135cf;2022-12-15 11:32:37;625035bee612a77bf7ffb15a;5.99;1.0;LEITE CONDENSADO BETANIA SEMIDESNATADO TP 395G;6250495ed7b9fc0e87c63c21
640c035b75fd3a1cf8bbf12a;2023-01-08 08:45:16;625035bee612a77bf7ffb15a;0.99;1.0;GUARDANAPO EXCELENCIA ECONOMY PAPEL 20CMX20CM SC 48X1;634a5b71c841d56cd6d35bec
640bffa4fc384b1271757920;2023-01-04 11:55:53;625035bee612a77bf7ffb15a;2.99;1.0;COENTRO UN;6250495b6262300e87264729
640c0275d722ae1a5b2f5dc7;2023-01-07 08:47:16;625035bee612a77bf7ffb15a;4.49;1.0;AMIDO DE MILHO MAIZENA ORIGINAL CX 200G;6250495b657f510e87df481f
640c13745d9842140e0fbffe;2023-01-27 15:04:10;625035bee612a77bf7ffb15a;3.79;10.0;ARROZ BRANCO DO SITIO 1KG;63b5b26181a75b61cd833200
640bcbc3c4d9ad7c6f0242c0;2022-11-07 07:23:27;625035bee612a77bf7ffb15a;7.29;1.0;FARINHA DE TRIGO FINNA TRADICIONAL SC 1KG;6250496400ded20e873565bc
640bd30364853415feccaed3;2022-11-16 08:49:34;625035bee612a77bf7ffb15a;16.99;1.382;PERNIL SUINO CONGELADO KG;6250495a159e860e8714bbf0
640be9cb0bce1556c3f84f18;2022-12-11 08:45:28;625035bee612a77bf7ffb15a;4.79;1.0;REFRIGERANTE PEPSI COLA GF 1LT;6250495fa490890e87a56801
640c018e1fe95c17ef3ae9d0;2023-01-06 20:25:30;625035bee612a77bf7ffb15a;43.99;1.0;LEITE EM PO NESTLE NINHO ZERO LACTOSE LA 700G;6250496737a74d0e877bb53a
640bd76d41de2c25fd382d76;2022-11-21 14:26:02;625035bee612a77bf7ffb15a;14.99;0.216;PAO  KG;6250495a0a398c0e87675e61
640c06977469c525ffd2180e;2023-01-12 18:20:42;625035bee612a77bf7ffb15a;5.99;1.295;TOMATE KG;6250495befd4f30e8754e347
640bdf88c878ee3c2ba53eda;2022-11-29 09:24:44;625035bee612a77bf7ffb15a;6.49;1.0;DESINFETANTE MEU LAR FLORAL GF 2LT;625049616ed2c10e877900ae
640bf31597f9976fab65cf03;2022-12-22 17:09:28;625035bee612a77bf7ffb15a;4.29;2.0;SABAO EM BARRA YPE FRESH SC 180G;62a72eb32506e34c1f3fa49b
640c0e75cff48f7cb5804871;2023-01-21 07:12:26;625035bee612a77bf7ffb15a;14.99;0.36;PAO  KG;6250495a0a398c0e87675e61
640c11cad649ce087f91d83d;2023-01-25 18:29:05;625035bee612a77bf7ffb15a;0.49;1.0;GOMA DE MASCAR BUBBALOO SABORES;6250495c68920e0e879ad1e0
640bdec663b09d3a3bf023be;2022-11-28 11:41:14;625035bee612a77bf7ffb15a;2.39;5.0;MACARRAO INSTANTANEO NISSIN MIOJO GALINHA CAIPIRA SC 85G;6250495ec30b710e8715fddf
640bf6d89fc50179b773c208;2022-12-26 19:02:20;625035bee612a77bf7ffb15a;3.79;1.0;ABACAXI UN;625049606d308a0e87033050
640bf3150ecc046fab8bbf23;2022-12-22 16:59:51;625035bee612a77bf7ffb15a;1.49;1.0;LAVA LOUCAS LIMPA FACIL MACA GF 500ML;62504964ae70a80e87dc8b45
640bcc7e9177f17ea43456c1;2022-11-08 11:22:15;625035bee612a77bf7ffb15a;49.99;0.198;QUEIJO COALHO FP LATICINIO FATIADO KG;6250495b6e8dad0e87213381
640bd237d036ce140034b1ba;2022-11-15 18:07:44;625035bee612a77bf7ffb15a;1.79;1.0;BISCOITO WAFER RICHESTER AMORI CHOCOLATE BRANCO PC 80G;62a741dad761ba713d6d9278
640bd225120e22140098b6f6;2022-11-15 08:40:31;625035bee612a77bf7ffb15a;14.99;0.852;MACA NACIONAL KG;6250495bf443ab0e8763f185
640c175c10b6f72af4568f71;2023-01-31 21:37:54;625035bee612a77bf7ffb15a;2.39;2.0;FARINHA DE MILHO MARATA FLOCAO TRADICIONAL SC 500G;6250495d86e4ae0e877d7471
640be127cdbff440712fe6a8;2022-12-01 17:52:18;625035bee612a77bf7ffb15a;14.99;1.0;FARINHA LACTEA NESTLE TRADICIONAL SC 600G;625049617fad850e8752cc1b
640bfc58e5861e098f0e5f77;2022-12-31 10:02:01;625035bee612a77bf7ffb15a;15.99;1.0;LAMPADA LED KIAN BULBO BIVOLT 6,5K 15W CX;6250496a2d06a40e8773163f
640bced22c7cfc064ef4bb1c;2022-11-11 20:39:35;625035bee612a77bf7ffb15a;7.45;1.0;CAFE PILAO EXTRA FORTE VACUO SC 250G;625049654218630e8772a984
640c018196c31917ef681b0a;2023-01-06 17:32:20;625035bee612a77bf7ffb15a;7.49;1.0;FARINHA DE MANDIOCA DONA DE AMARELA SC 1KG;62504962afba6b0e8796c1f7
640bf4259e44ac72a42c031b;2022-12-23 13:53:45;625035bee612a77bf7ffb15a;3.99;3.0;CREME DE LEITE ITAMBE TRAD TP 200G;6250495d17bf250e8794d585
640c05c5d3736c2384a266f1;2023-01-11 16:24:51;625035bee612a77bf7ffb15a;5.49;1.0;CHOCOLATE EM BARRA HERSHEYS COOKIES CHOCOLATE SC 87G;62f8cab7a1c4686c2c2b60a4
640bd5cc12bc4d20d0fd7b8c;2022-11-19 12:53:39;625035bee612a77bf7ffb15a;1.79;1.0;BARRA DE CEREAL RITTER MORANGO E AVEIA SC 20G;625049634cbdee0e873c7ec8
640bf310869e686fabeb90f6;2022-12-22 14:44:41;625035bee612a77bf7ffb15a;13.99;1.0;PAPEL HIGIENICO MIMMO FOLHA DUPLA NEUTRO PC 30MT LV12 PG11;6250496408f2100e87a06f37
640c0c708d27df5f709ed35a;2023-01-19 09:20:08;625035bee612a77bf7ffb15a;10.49;1.0;IOGURTE ITAMBE INTEG NATURAL MILK PT 500G;6250498017e78d0e876b89b2
640c087e21efca2b8fd1eb18;2023-01-14 16:45:19;625035bee612a77bf7ffb15a;3.59;1.0;BISCOITO KIPAO DOCE PC 180G;6250497f11c8a70e879c3232
640be804ecd5c951a4cfea6b;2022-12-09 21:59:57;625035bee612a77bf7ffb15a;1.19;6.0;HAMBURGUER SEARA TEXAS BURGER MISTO SC 56G;6250495c20c0b00e8753bb8c
640be11a43130b4071a25fb0;2022-12-01 09:40:41;625035bee612a77bf7ffb15a;2.99;4.0;EMPANADO SADIA STEAK DE FRANGO TRAD SC 100G;6250495d6e9deb0e87d05ac2
640c0d64f627206ca478def3;2023-01-20 15:14:18;625035bee612a77bf7ffb15a;4.49;1.0;BATATA FRITA SAO BRAZ SCRUSCH CHURRASCO SC 50G;639960d9b070a26a512cf453
640bca3ad0ffab7807690800;2022-11-05 16:36:30;625035bee612a77bf7ffb15a;5.49;1.0;CAFE NESTLE NESCAFE SOLUVEL ORIGINAL SC 50G;6250495c9486240e8718a9e1
640c0ad65836cb31f80037ce;2023-01-17 17:53:24;625035bee612a77bf7ffb15a;2.29;1.0;SABONETE ALBANY HIDRAT NUTRITIVA SC 85G;625049643bc6540e87ab9acb
640c14c56272051d7e37a7f8;2023-01-28 18:10:00;625035bee612a77bf7ffb15a;13.99;1.794;CORTE DE FRANGO TICA DO FRANGO PEITO BDJ KG;6250495bc83e7a0e8775b8c1
640c11c85a7dfa087f9e26e5;2023-01-25 17:33:10;625035bee612a77bf7ffb15a;9.99;1.0;VELA AVE MARIA VOTIVA 7 DIAS BRANCO SC 300G;634f1bc940f39d46ca885c1e
640bfc7225ba8f098f713597;2022-12-31 15:15:49;625035bee612a77bf7ffb15a;18.49;0.715;MACA NACIONAL KG;6250495bf443ab0e8763f185
640c036bcab6481cf858d065;2023-01-08 12:58:30;625035bee612a77bf7ffb15a;6.49;3.0;MARGARINA PRIMOR COM SAL PT 500G;6250495eb7c2570e87c8aa1b
640bf7a8396d287c10ada360;2022-12-27 17:36:10;625035bee612a77bf7ffb15a;4.89;1.0;LEITE UHT ELEGE INTEGRAL TP 1LT;6250495e437f080e87f8c3de
640beef9d06d7764a76a3168;2022-12-17 19:31:14;625035bee612a77bf7ffb15a;9.69;1.0;CAFE SANTA CLARA VACUO CLASSICO SC 250G;6250495c0c5f5a0e87225b83
640bf4210fe8ea72a479fff7;2022-12-23 11:51:54;625035bee612a77bf7ffb15a;8.99;1.0;BATATA FRITA ELMA CHIPS RUFFLES CEBOLA E SALSA SC 76G;6250496bbe27120e87b24e1e
640be8ea76fc22548ad0aabd;2022-12-10 08:32:06;625035bee612a77bf7ffb15a;2.69;1.0;REFRIGERANTE H2O LIMAO GF 500ML;6250495b6697850e873fafea
640c042944abf91f41e90827;2023-01-09 16:32:18;625035bee612a77bf7ffb15a;2.99;1.0;CHEIRO VERDE UN;6250495bc94d120e87cc3181
640bcbda950f747c6ff84712;2022-11-07 20:19:29;625035bee612a77bf7ffb15a;3.49;0.87;TOMATE KG;6250495befd4f30e8754e347
640bceb9b6f176064ead57bd;2022-11-11 11:00:51;625035bee612a77bf7ffb15a;17.99;0.136;PAO DE ALHO  KG;62ce5f5b0a88983568d69b9f
640c0f6d74f5577f6b3bf6cf;2023-01-22 11:20:04;625035bee612a77bf7ffb15a;3.69;1.0;MARGARINA PURO SABOR COM SAL PT 250G;6250495e96b3830e87f6650e
640bdecf40c3a43a3bb369a8;2022-11-28 18:39:38;625035bee612a77bf7ffb15a;5.49;1.0;BISCOITO SORTIDO FORTALEZA POPULAR FOFITOS LEITE PC 400G;6250497d35cda90e8738531b
640c04f0d1105b2178eb995a;2023-01-10 09:36:03;625035bee612a77bf7ffb15a;17.99;0.086;PAO DE MILHO  KG;62fb88933985901dd44ac6b4
640c017748727a17ef3e1b4f;2023-01-06 13:37:56;625035bee612a77bf7ffb15a;6.49;3.0;MARGARINA PRIMOR COM SAL PT 500G;6250495eb7c2570e87c8aa1b
640bea9634cd4c593eb742e5;2022-12-12 19:18:44;625035bee612a77bf7ffb15a;3.29;1.0;COUVE MANTEIGA UN;6250497d7df1c70e879f39ea
640bcebdade0f1064efa1155;2022-11-11 13:22:38;625035bee612a77bf7ffb15a;6.99;1.0;AGUA MINERAL APODI NATURAL GF 20LT;6250495bb32d540e875df736
640be20477acdd4290795eac;2022-12-02 11:38:08;625035bee612a77bf7ffb15a;3.99;0.625;PIMENTAO VERDE KG;6250495bca7a350e8741b903
640be656c649474cc0a244c1;2022-12-07 17:21:47;625035bee612a77bf7ffb15a;30.9;0.052;PAO DE QUEIJO  KG;6250495b8121d30e87d28402
640c0089b96301151fd3b7f8;2023-01-05 17:38:47;625035bee612a77bf7ffb15a;5.19;6.0;EMPANADO SEARA STEAK DE FRANGO PRESUNTO E QUEIJO SC 110G;639960dd6eaaa16a51dfacad
640bd2352c13a81400651410;2022-11-15 17:15:10;625035bee612a77bf7ffb15a;10.99;1.0;ESCOVA DENTAL ORAL B CLASSIC MACIA 40 CR LV3 PG2;6250495d678e9f0e875d8ab5
640c0f715fe8257f6bcef6c8;2023-01-22 12:29:17;625035bee612a77bf7ffb15a;21.99;1.0;SORVETE FRUT BISS NATA GOIABA PT 1,5LT;632b3d6d2a3b3a47f5ff197c
640c07809898c62891981bef;2023-01-13 19:08:55;625035bee612a77bf7ffb15a;17.99;0.215;PESSEGO NACIONAL KG;6250495a92a7820e87614a1b
640bd2260a55891400849271;2022-11-15 09:10:47;625035bee612a77bf7ffb15a;3.99;1.0;BOMBOM DE CHOCOLATE TWIX CARAMELO E CHOCOLATE SC 40G;6250496631d2bc0e872a7206
640c0e8f088d887cb5e9a126;2023-01-21 15:18:40;625035bee612a77bf7ffb15a;13.99;2.0;PAO PLUSVITA FORMA INTEGRAL 12 GRAOS DIET PC 350G;6250495f45d4c40e8750b5ec
640bcbc7a310057c6fe33fe6;2022-11-07 09:44:39;625035bee612a77bf7ffb15a;14.99;0.8;MORTADELA SEARA CONFIANCA SUINA FATIADA KG;6250495b1ceb300e87aad372
640bdc8eb3692e33ef72be53;2022-11-26 10:15:00;625035bee612a77bf7ffb15a;2.99;1.0;SABONETE LUX BOTANICALS FLOR DE VERBENA SC 85G;625049635bd48a0e870b99d5
640be4adea5d4d48ad31edf4;2022-12-05 11:03:33;625035bee612a77bf7ffb15a;11.49;1.0;SHAMPOO SEDA JUNTINHAS CACHOS DEFINIDOS BS 300ML;6333f069dff38c180a4bce91
640bd5e499269d20d0fa1397;2022-11-19 20:39:39;625035bee612a77bf7ffb15a;5.99;1.0;LIMPADOR PERFUMADO UAU FLORES VERMELHAS GF LV1LT PG800ML;62504962b2e0750e87a51298
640bcbcac1948f7c6f45991d;2022-11-07 11:35:05;625035bee612a77bf7ffb15a;6.99;1.0;SALGADO  FOLHADO MISTO;6250495a56c1950e874c0882
640bceb7c1c1ee064ed0e517;2022-11-11 10:22:21;625035bee612a77bf7ffb15a;10.99;6.0;VINHO BR QUINTA DO MORGADO TINTO SUAVE GF 750ML;62504960a07bb80e87212f69
640c00765ddca7151fd68dc4;2023-01-05 07:18:22;625035bee612a77bf7ffb15a;14.99;0.29;PAO  KG;6250495a0a398c0e87675e61
640bcc88f2304d7ea490994c;2022-11-08 18:43:41;625035bee612a77bf7ffb15a;6.99;1.0;BEBIDA LACTEA BETANIA POL MORAN BDJ 680G LV8 PG7;62b589908691c75cd7ff296b
640bfc54032bed098ff6be70;2022-12-31 09:27:48;625035bee612a77bf7ffb15a;9.49;1.0;MACARRAO INSTANTANEO NISSIN YAKISSOBA SC 500G;6250495edf92060e87922cba
640be1f9ea45c84290c1b0f3;2022-12-02 07:41:53;625035bee612a77bf7ffb15a;4.49;1.0;TEMPERO EM PO SAZON MASSAS SC 60G 12X1;625049605ca62c0e87e12077
640bd81d85e70127808da13b;2022-11-22 09:06:17;625035bee612a77bf7ffb15a;27.99;0.866;ALHO A GRANEL KG ;6250495b8e39270e87dd3afb
640c09492449682d8e2a99a6;2023-01-15 10:24:22;625035bee612a77bf7ffb15a;1.19;1.0;SALGADINHO SALSITO PIZZA SC 32G;625049601f20300e87aa143d
640bf8a4d160e27e89000f1e;2022-12-28 18:33:20;625035bee612a77bf7ffb15a;5.29;1.0;BOLACHA NOSSA SENHORA DE FATIMA NEUDA PC 400G;6250495cfe3c080e878f49e2
640bcfc72cc8ad0b902a23c1;2022-11-12 15:58:35;625035bee612a77bf7ffb15a;3.79;2.0;ARROZ PARBOILIZADO PAI JOAO SC 1KG;6250496378b68f0e872e6211
640c05d3339f3a238448ab56;2023-01-11 22:03:48;625035bee612a77bf7ffb15a;6.99;1.0;DOCE CRISTALIZADO ALVORADA CAJU SC 400G;625049813adb5c0e87821d8d
640c1382a6ac1d140eeaec43;2023-01-27 18:29:48;625035bee612a77bf7ffb15a;3.49;1.0;PAPRICA NATUVIDA DEFUMADA SC 50G;633bc7228173ad419bf96b66
640c0689a83d1e25ff8f913b;2023-01-12 09:55:11;625035bee612a77bf7ffb15a;6.99;2.0;PAO DE QUEIJO VIXE MARIA SEM GLUTEN TRADICIONAL SC 400G;62504966f2a1e70e87b61fe7
640c017d1b58cf17effaf9c9;2023-01-06 16:08:24;625035bee612a77bf7ffb15a;6.99;0.31;CEBOLA BRANCA KG;6250495bad4f820e87177f0e
640c14b5a908361d7eb3c24c;2023-01-28 13:59:48;625035bee612a77bf7ffb15a;7.59;1.0;CAFE PILAO TRADICIONAL VACUO SC 250G;6250495cfd01b60e878e2767
640c0868039f692b8f18baeb;2023-01-14 08:48:57;625035bee612a77bf7ffb15a;4.99;1.0;MARGARINA DELINE COM SAL PT 250G;62a72e4540f8394c1ffe7043
640bf226c4267e6cecffe9a9;2022-12-21 17:45:56;625035bee612a77bf7ffb15a;6.99;1.0;SALGADO  ENROLADINHO DE SALSICHA;6250495aa4e95e0e87e61800
640bc66af14c8069252856c1;2022-11-01 19:45:55;625035bee612a77bf7ffb15a;5.99;1.0;CERVEJA CORONA PILSEN EXTRA LONG NECK GF 330ML;62504966467efb0e8757a401
640c15bab35aab255e6bd8f9;2023-01-29 11:23:16;625035bee612a77bf7ffb15a;16.99;1.0;MINGAU NESTLE MUCILON MULTICEREAIS SC 600G;625049613a8f130e875354bd
640bec14d481df5d4056b3ed;2022-12-14 15:40:44;625035bee612a77bf7ffb15a;6.49;1.0;SUCO DAFRUTA NECTAR PREMIUM UVA TP 1LT;62504960be87650e8710e292
640bf3062e4e926fabd7c2c7;2022-12-22 10:04:19;625035bee612a77bf7ffb15a;4.49;1.0;MAIONESE HELLMANNS TRADICIONAL SC 200G;6250495edaa2230e87eecdd8
640bcfc1a408540b904189b3;2022-11-12 12:55:55;625035bee612a77bf7ffb15a;29.99;0.122;FOCACCIA  KG;62ce5f5b958804356814f70b
640bedcd7cfd1b61d54b880d;2022-12-16 11:59:48;625035bee612a77bf7ffb15a;6.49;1.0;CHOCOLATE EM BARRA LACTA AO LEITE SC 90G;62504961bfd4090e87e53584
640bd9960fbad02bb169d4de;2022-11-24 13:27:58;625035bee612a77bf7ffb15a;1.99;1.0;CREME DENTAL EVEN FLOUR CALCIO CX 70G;625049655383250e8703abd5
640c1753dd05682af4d8c8e2;2023-01-31 19:10:48;625035bee612a77bf7ffb15a;8.49;1.0;CHOCOLATE WAFER LACTA BIS ORIGINAL SC 126G;6250495c5c2aea0e8773e6e9
640bdb099001262f1da66294;2022-11-25 19:16:21;625035bee612a77bf7ffb15a;1.95;1.0;LAVA LOUCAS YPE COCO GF 500ML;6250495d3065620e87ae2e09
640bcb1380869b7a72c10ddb;2022-11-06 11:37:41;625035bee612a77bf7ffb15a;6.99;1.0;COCADA ALIANA PRETO BDJ 330G;62504963dec4a10e872c5ff3
640be1fe3edfac42905f29d9;2022-12-02 09:54:08;625035bee612a77bf7ffb15a;6.49;1.0;PAO RABELO FORMA PC 400G;6250495f8baf7a0e875c9cb1
640bcd3ab65568016fd9b98f;2022-11-09 10:53:59;625035bee612a77bf7ffb15a;6.99;1.0;CEREAL NESTLE NESTON 3 CEREAIS EM FLOCOS SC 210G;6250495cfd195d0e873d2fde
640bcbcbf9ddba7c6f7ef505;2022-11-07 12:22:31;625035bee612a77bf7ffb15a;19.99;1.0;LEITE EM PO GLORIA DESNATADO INSTANTANEO LA 300G;6250495e7b4d060e87677053
640c1365c8f735140eb0610c;2023-01-27 09:30:45;625035bee612a77bf7ffb15a;6.49;2.0;BISCOITO CREAM CRACKER RICHESTER SUPERIORE ORIGINAL PC 350G;62504970bf71320e8798bd00
640be1259e8bb54071623acc;2022-12-01 17:24:33;625035bee612a77bf7ffb15a;4.99;1.0;AVEIA YOKI FLOCOS REGULARES CX 170G;6250495b0122420e8731cb6d
640bc8468bae7872938ae063;2022-11-03 19:34:40;625035bee612a77bf7ffb15a;3.49;2.0;REFRIGERANTE COCA COLA LA 350ML;6250495ff482c30e876e4d69
640bec11e0e7595d40d2a299;2022-12-14 12:31:26;625035bee612a77bf7ffb15a;12.99;1.0;COLONIA BIOMATIKA BABY LAVANDA BS 220ML;6309fe60a55f827b8a9efd9d
640c0d6c63fcbb6ca49935c7;2023-01-20 17:51:46;625035bee612a77bf7ffb15a;8.49;0.7;TOMATE KG;6250495befd4f30e8754e347
640bf301bfb0e26fabe1f0ac;2022-12-22 08:13:47;625035bee612a77bf7ffb15a;6.69;1.0;SABAO EM PO BRILHANTE HIGIENE TOTAL SC 400G;62504966ba73690e87f636fe
640c11ce93ff40087fceed5f;2023-01-25 19:52:58;625035bee612a77bf7ffb15a;7.99;1.0;AMACIANTE DE ROUPAS URCA DILUIDO PAIXAO SEDUTORA GF 2LT;6250495b6261190e871f62fa
640be4a91b97a848ad8f4488;2022-12-05 09:33:07;625035bee612a77bf7ffb15a;14.99;0.176;PAO  KG;6250495a0a398c0e87675e61
640c0947aa672a2d8e26acd3;2023-01-15 09:39:14;625035bee612a77bf7ffb15a;5.29;1.0;ARROZ BRANCO CAMIL SC 1KG;62504982b931af0e87ead65a
640c137b7db61f140e775e81;2023-01-27 17:13:56;625035bee612a77bf7ffb15a;7.99;1.0;GELEIA DE MOCOTO PREDILECTA ZERO ACUCAR CP 180G;6250495e103ec70e8726f76c
640c0c8788fde25f707cc674;2023-01-19 19:38:07;625035bee612a77bf7ffb15a;14.99;1.0;BOMBOM DE CHOCOLATE NESTLE SORTIDO ESPECIALIDADES CX 251G;6250495cf7751a0e876d43b0
640c094988d2042d8e33009d;2023-01-15 10:17:33;625035bee612a77bf7ffb15a;6.99;0.415;CEBOLA BRANCA KG;6250495bad4f820e87177f0e
640bf59aba722a767dab5854;2022-12-24 14:07:10;625035bee612a77bf7ffb15a;44.99;1.0;ESPUMANTE CHANDON PASSION GF 187ML;6250496e9ea3ed0e87dcbb1c
640bc837e1aa137293ca8cdc;2022-11-03 10:28:07;625035bee612a77bf7ffb15a;2.49;1.0;ALFACE UN;6250497d03a3700e87f8db5b
640c043077aff81f4143cc71;2023-01-09 19:01:25;625035bee612a77bf7ffb15a;4.49;1.0;BISCOITO DOCE RICHESTER ANIMADOS ZOO LEITE PC 130G;62504968e522d10e87766ba4
640bf7b0c754877c10af29d6;2022-12-27 20:14:19;625035bee612a77bf7ffb15a;12.49;1.0;PREPARO DE BEBIDA EM PO DUMONTE SABOR LEITE INTEGRAL SC 800G;6250496dce9b2d0e874fd458
640c0c6db39e845f70641522;2023-01-19 07:33:12;625035bee612a77bf7ffb15a;5.99;0.79;BERINJELA KG;6250495bd8f24f0e87702e41
640be30f5d3d5a448e23ab7e;2022-12-03 10:37:41;625035bee612a77bf7ffb15a;3.79;1.0;SABAO EM PO ALA FLOR DE CEREJEIRA E LAVANDA SC 500G;6250495fa8d2120e87a6ece5
640bf9ccf8ebf302b1a87b38;2022-12-29 20:15:09;625035bee612a77bf7ffb15a;38.9;0.14;QUEIJO MUSSARELA ISIS FATIADO KG;6250495b6259840e8777819e
640bd99bc1e82b2bb13aca97;2022-11-24 15:36:28;625035bee612a77bf7ffb15a;3.59;1.0;BISCOITO DE POLVILHO PEPULHA TRADICIONAL PC 80G ;62504963b3094f0e87d38fdc
640c0500165af2217837c10a;2023-01-10 18:20:58;625035bee612a77bf7ffb15a;5.49;1.0;LEITE UHT ELEGE INTEGRAL TP 1LT;6250495e437f080e87f8c3de
640c09505c66422d8e3f7414;2023-01-15 11:43:24;625035bee612a77bf7ffb15a;9.49;1.0;GOMA FRESCA LOPES SC 1KG;625049637fb6dd0e874feb10
640bd81b5172d62780cee998;2022-11-22 07:59:59;625035bee612a77bf7ffb15a;2.79;1.0;HASTES FLEXIVEIS CLINOFF CX 75X1;6250497e8896050e87e43e0e
640bcbc3d708d27c6fc6a1f1;2022-11-07 07:18:40;625035bee612a77bf7ffb15a;14.99;0.228;PAO  KG;6250495a0a398c0e87675e61
640be4be4ac70048adc04070;2022-12-05 19:49:38;625035bee612a77bf7ffb15a;8.49;0.455;TOMATE KG;6250495befd4f30e8754e347
640be65e894f734cc08f812d;2022-12-07 19:47:19;625035bee612a77bf7ffb15a;5.29;1.0;BOLACHA NOSSA SENHORA DE FATIMA NEUDA PC 400G;6250495cfe3c080e878f49e2
640c05ce3e8de9238477bafd;2023-01-11 19:43:35;625035bee612a77bf7ffb15a;5.99;1.345;TOMATE KG;6250495befd4f30e8754e347
640c14a4e2486e1d7ed2588f;2023-01-28 09:57:39;625035bee612a77bf7ffb15a;5.99;1.0;POLPA DE FRUTA KIPOLPAS MANGA SC 500G ;6250495f3ad2e50e87a4a49d
640bfc5ecd7122098ffd66c4;2022-12-31 10:53:46;625035bee612a77bf7ffb15a;2.59;2.0;MACARRAO ESTRELA SEMOLA GOSTOSO ESPAGUETE SC 400G;6250497039edf50e87b3af43
640be04bca0ca23e55b24461;2022-11-30 09:34:34;625035bee612a77bf7ffb15a;3.49;1.0;BISCOITO DOCE NESTLE PASSATEMPO LEITE MALTADO PC 150G;635bab27805cf67c0ffe772e
640bdcb7485c3133ef2615fa;2022-11-26 18:55:37;625035bee612a77bf7ffb15a;8.85;1.0;DESODORANTE AEROSOL REXONA WOMAN INVISIBLE 150ML;625049625e20920e870e189e
640beee110dc0a64a7c0b35e;2022-12-17 11:29:17;625035bee612a77bf7ffb15a;23.9;0.316;PRESUNTO SEARA PERU FATIADO KG;6250495a1f3ebe0e87438c79
640be20bed54d44290d106bc;2022-12-02 14:31:36;625035bee612a77bf7ffb15a;2.39;12.0;CERVEJA DEVASSA TROPICAL LAGER LA 350ML;62504963d8ec9e0e87341e84
640bfdc8f6223b0d6b846f47;2023-01-02 09:30:21;625035bee612a77bf7ffb15a;3.29;1.0;VINAGRE REGINA ALCOOL AROMATIZADO LIMAO GF 500ML;62504960983ce00e879f1b87
640c174da1400e2af422edf7;2023-01-31 17:59:21;625035bee612a77bf7ffb15a;12.99;1.0;CHOCOLATE EM PO QUALICAU 50% CACAU SC 200G;62504968d61c1a0e87cb5229
640c0d65b77aaf6ca4eab970;2023-01-20 15:43:04;625035bee612a77bf7ffb15a;2.69;1.0;CHOCOLATE EM BARRA NESTLE KIT KAT BRANCO SC 41,5G ;62b5898ff4e3975cd7c2c0b4
640be05168ec3f3e55be8af1;2022-11-30 13:43:46;625035bee612a77bf7ffb15a;31.49;1.0;SHAMPOO CLEAR ANTICASPA MEN ICE COOL MENT BS LV400ML PG330ML;62a72e6b970fd94c1fcf651f
640bf22bd5d9c36cec3290cc;2022-12-21 19:39:11;625035bee612a77bf7ffb15a;4.49;1.0;PIMENTA NATUVIDA MOIDA PT 30G;62504969bb94340e8738f15d
640bd168f5c33b120c54c5d9;2022-11-14 18:09:52;625035bee612a77bf7ffb15a;16.99;1.0;PAO PLUSVITA FORMA ARTESANO INTEGRAL PC 500G;62504967dc616f0e878a6223
640bdcaaa016d333ef498c0d;2022-11-26 16:15:35;625035bee612a77bf7ffb15a;8.99;1.0;ACHOCOLATADO EM PO GAROTO SC 600G;625049808b1ceb0e87753018
640bfec26146920ff5c610b9;2023-01-03 16:51:16;625035bee612a77bf7ffb15a;0.79;1.0;REFRESCO FRISCO MANGA SC 25G;6250495bebadc40e872eb366
640bdafbec81992f1dbb52ba;2022-11-25 17:19:53;625035bee612a77bf7ffb15a;35.99;1.0;COMPOSTO LACTEO EM PO ITAMBE PROFISSIONAL SC 1KG;62a72ea16c484a4c1fe9832f
640be9d1ff166e56c39732d6;2022-12-11 10:27:21;625035bee612a77bf7ffb15a;2.99;1.0;BICARBONATO DE SODIO NATUVIDA SC 50G;6250495cfa55870e87331715
640c016c08e6fe17ef69a486;2023-01-06 09:00:05;625035bee612a77bf7ffb15a;1.79;1.0;BISCOITO RECHEADO RICHESTER AMORI CHOCOLATE PC 71,2G;62a72eb7572b054c1fd44635
640bd8d2d33b5129b891951a;2022-11-23 08:02:02;625035bee612a77bf7ffb15a;2.79;1.0;SABONETE EVEN SUAVE LAVANDA SC 85G;625049671ca8980e87aa07c0
640bf2258395dd6cec271f8e;2022-12-21 17:25:46;625035bee612a77bf7ffb15a;12.99;0.936;PEITO DE FRANGO CONGELADO PECA KG;6250495a3c512a0e87de73d8
640be122e0604a4071ec0676;2022-12-01 15:19:06;625035bee612a77bf7ffb15a;22.99;1.0;CREME VEGETAL FAVORITA MANTEIGA COM SAL PT 500G;62eb25ad5853fd5144e4188e
640bcbd97129ee7c6f809479;2022-11-07 19:52:31;625035bee612a77bf7ffb15a;1.49;1.0;COCADA ALIANA SORTIDA SC 50G;6250497fe36c1f0e87480d02
640bc667fe878369254da8db;2022-11-01 18:46:32;625035bee612a77bf7ffb15a;2.29;29.0;FARINHA DE MILHO VITAMILHO FLOCAO TRADICIONAL SC 500G;62504970fa017c0e87a897a0
640c15b466f710255e3fe19c;2023-01-29 10:09:54;625035bee612a77bf7ffb15a;2.29;1.78;MELANCIA BABY KG;6250497033eec50e871c94f4
640bd09d8c680110681f4221;2022-11-13 08:50:13;625035bee612a77bf7ffb15a;1.39;3.0;AGUA NATURAGUA MINERAL NATURAL GF 500ML;62b3049811b0c97c4c7b5415
640c0428f0cf731f41cdffa8;2023-01-09 16:09:28;625035bee612a77bf7ffb15a;15.99;1.0;CAFE SOLUVEL NESCAFE TRADICAO 100G;6250495c86c01e0e876f490a
640be131e999ee4071bd75f6;2022-12-01 21:37:13;625035bee612a77bf7ffb15a;29.99;0.09;ALHO A GRANEL KG ;6250495b8e39270e87dd3afb
640be58241d1934ae9a4af76;2022-12-06 12:29:51;625035bee612a77bf7ffb15a;9.99;1.0;AMACIANTE DE ROUPAS DOWNY CONC BRISA DE VERAO SC 400ML;625049666b0cee0e877bdac1
640bea938d0c85593e0db7fb;2022-12-12 18:36:48;625035bee612a77bf7ffb15a;11.99;1.0;PAO VISCONTI INTEGRAL FORMA PC 400G;62504965bb84ae0e879fac72
640bd820cf986a27801e0869;2022-11-22 11:32:12;625035bee612a77bf7ffb15a;2.99;0.86;CENOURA KG;6250495bc359040e870e593b
640c0ea6d1309b7cb5f517ef;2023-01-21 21:04:19;625035bee612a77bf7ffb15a;8.99;1.0;MISTURA DE REQUEIJAO JANGADA LIGHT PT 420G;6250496d177e9c0e87de9363
640c0c7045c05e5f704fe0f6;2023-01-19 09:14:37;625035bee612a77bf7ffb15a;2.49;1.0;BROACA DONA TAPIOQUEIRA UN;6250495be0f36e0e875793d6
640c0362c5b01b1cf8323d74;2023-01-08 10:35:36;625035bee612a77bf7ffb15a;5.99;0.715;LIMAO TAITI KG;6250495b65eadd0e87b42929
640bd8e039a7b029b8a29b0e;2022-11-23 19:42:03;625035bee612a77bf7ffb15a;2.49;1.0;CHOCOLATE EM BARRA SNICKERS SC 45G;62504965ccf01a0e87050a4a
640be9c7aa349a56c3fc97b0;2022-12-11 07:21:35;625035bee612a77bf7ffb15a;25.99;0.208;PRESUNTO SEARA PERU FATIADO KG;6250495a1f3ebe0e87438c79
640c05cd703e26238434bbae;2023-01-11 19:30:04;625035bee612a77bf7ffb15a;66.99;0.106;QUEIJO MUSSARELA FP LATICINIO FATIADO KG;6250495bf13d0c0e8734c70b
640bd23c906eca1400ecdb02;2022-11-15 20:37:34;625035bee612a77bf7ffb15a;2.49;1.0;CHOCOLATE EM BARRA SNICKERS SC 45G;62504965ccf01a0e87050a4a
640bd5d59cf5bc20d03e9f5d;2022-11-19 16:46:41;625035bee612a77bf7ffb15a;17.99;1.0;SABAO EM BARRA YPE GLICERINADO MULTIATIVO SC 900G;6250497090216f0e87bbd955
640bd4b139ecc41bb0ad0b3e;2022-11-18 11:41:30;625035bee612a77bf7ffb15a;54.99;1.0;SANDALIA HAVAIANAS SLIM NAUTICAL MARINHO ROSE GOLD MAR 37 38;6250496d7d97460e874ef2f0
640c0c7de801c05f70ede580;2023-01-19 16:52:24;625035bee612a77bf7ffb15a;14.99;0.214;PAO  KG;6250495a0a398c0e87675e61
640be3fa9f496446b20cb59e;2022-12-04 13:50:05;625035bee612a77bf7ffb15a;6.99;1.0;FARINHA DE TRIGO DONA BENTA COM FERMENTO SC 1KG;625049636768d60e8761e8d1
640be7fe3be66751a4c17b03;2022-12-09 19:19:18;625035bee612a77bf7ffb15a;7.99;1.0;BOLACHA ERIKA ESPECIAL CEBOLINHA PC 300G;6250495c86e3f10e87251f63
640bdad00c1e492f1d51087b;2022-11-25 07:36:00;625035bee612a77bf7ffb15a;29.99;0.162;UVA PASSA PRETA KG;6250495b0ae63c0e8758e4c6
640c0ea1956d867cb55683f9;2023-01-21 19:42:27;625035bee612a77bf7ffb15a;0.99;1.0;ESPONJA BETTANIN BRILHUS MULTIUSO DUPLA FACE SC;6250495d14297a0e8766eeae
640bd227e08e6d1400d39563;2022-11-15 09:40:33;625035bee612a77bf7ffb15a;1.99;0.709;MELAO ESPANHOL AMARELO KG ;6250497069a2b70e87fe7643
640bdec9f030c03a3b28cb5b;2022-11-28 12:37:52;625035bee612a77bf7ffb15a;7.49;1.0;REFRIGERANTE COCA COLA GF 2LT;6250495f009be40e87ae07ca
640c1275100cb70d5ee8136a;2023-01-26 07:16:51;625035bee612a77bf7ffb15a;3.89;3.0;SABAO EM PO ALA FLOR DE CEREJEIRA E LAVANDA SC 500G;6250495fa8d2120e87a6ece5
640bd3d1af186f17e0ed4249;2022-11-17 11:48:10;625035bee612a77bf7ffb15a;3.19;2.0;COALHADA ISIS ADOCADA INTEG CP 150G;6250495c0ba2090e872185bb
640c15ad8823f5255e89a4c5;2023-01-29 08:58:57;625035bee612a77bf7ffb15a;4.49;1.0;LIMPADOR MULTIUSO UAU ELIMINADOR DE ODORES GF 500ML;6250495ef19a280e87f6db7a
640c102e257eba02a9259e67;2023-01-23 16:43:43;625035bee612a77bf7ffb15a;12.99;1.0;SALGADINHO ELMA CHIPS CEBOLITOS CEBOLA SC 110G;6250495fae6b8f0e8755e1e7
640c088438b6232b8faa117f;2023-01-14 18:15:40;625035bee612a77bf7ffb15a;2.79;1.0;PAPEL HIGIENICO EXCELENCIA FS NEUTRO PC 30MT 4X1;62504962ad63950e8767df3f
640bfdc952e74e0d6b0f51b6;2023-01-02 09:54:18;625035bee612a77bf7ffb15a;8.49;0.465;BATATA INGLESA KG;6250495b468da50e87b28476
640c0d58e957b16ca4984183;2023-01-20 08:51:47;625035bee612a77bf7ffb15a;4.99;1.0;ABACAXI UN;625049606d308a0e87033050
640be71ca627944f1637e1da;2022-12-08 18:05:50;625035bee612a77bf7ffb15a;17.99;0.156;PAO DE ALHO  KG;62ce5f5b0a88983568d69b9f
640bedd8e2777f61d5c1b4cb;2022-12-16 17:34:18;625035bee612a77bf7ffb15a;4.49;1.0;CREME DENTAL COLGATE T ACAO MENTA ORIGINAL CX 90G;6250495dad834f0e877a9f9f
640bc915bf5ae77590dd64bc;2022-11-04 11:50:03;625035bee612a77bf7ffb15a;4.49;2.0;BISCOITO RECHEADO PIRAQUE MALTADO COBERTO PC 80G;62504968a2df550e875244dd
640beb546db8565b7508d765;2022-12-13 14:55:41;625035bee612a77bf7ffb15a;8.99;1.0;FEIJAO CARIOCA GOSTOZZO SC 1KG;625049708e2d420e8710182d
640bcbc605a9f27c6f3c2acb;2022-11-07 09:17:27;625035bee612a77bf7ffb15a;3.69;102.0;MACARRAO ESTRELA SEMOLA GOSTOSO ESPAGUETE SC 400G;6250497039edf50e87b3af43
640c15abe987bc255ec00a67;2023-01-29 08:32:28;625035bee612a77bf7ffb15a;24.99;1.0;LEITE EM PO ITAMBE INTEGRAL SC 800G;6250495ed9d9a50e873b5c13
640bcec04ec325064ee50bca;2022-11-11 15:51:02;625035bee612a77bf7ffb15a;4.79;2.0;BEBIDA LACTEA BETANIA BAT GUT POL MORAN SC 900G;6250495c01e9e40e87dc67c8
640c087ba6146a2b8f974926;2023-01-14 15:46:31;625035bee612a77bf7ffb15a;3.99;2.0;ARROZ BRANCO DO SITIO 1KG;63b5b26181a75b61cd833200
640c0e925093fd7cb511e672;2023-01-21 16:14:10;625035bee612a77bf7ffb15a;5.99;1.0;BEBIDA LACTEA ISIS POL SALADA DE FRUTAS SC 900G;6250495eeb6fbd0e875915d9
640bfddac1773f0d6b1d30b4;2023-01-02 18:12:12;625035bee612a77bf7ffb15a;6.99;0.8;MARACUJA KG;6250495bb97d4b0e8731ec01
640bf30215836e6fabf4b38c;2022-12-22 08:48:48;625035bee612a77bf7ffb15a;9.99;1.0;CAFE PILAO EXTRA FORTE VACUO SC 250G;625049654218630e8772a984
640bf088561fc968aae28442;2022-12-19 14:36:13;625035bee612a77bf7ffb15a;5.49;1.0;CAFE NESTLE NESCAFE SOLUVEL ORIGINAL SC 50G;6250495c9486240e8718a9e1
640bcc851a1d087ea41b229e;2022-11-08 17:51:59;625035bee612a77bf7ffb15a;5.49;1.0;TEMPERO LIQUIDO REGINA GOURMET BACON GF 500ML;62504960d9367b0e87d5952d
640c11d22bab49087f4a8210;2023-01-25 21:25:43;625035bee612a77bf7ffb15a;5.49;1.0;CHOCOLATE EM BARRA HERSHEYS COOKIES CREME SC 87G;6321cc9ce3e0e4736177669a
640c05041219e72178d3a763;2023-01-10 19:30:52;625035bee612a77bf7ffb15a;8.99;1.0;MACARRAO BARILLA SEMOLA C OVOS PARAFUSO SC 500G;6250495e5a99a80e87e3cfc6
640be7ea92df0b51a48301e3;2022-12-09 09:05:17;625035bee612a77bf7ffb15a;11.99;0.156;MARIA MALUCA  KG ;62ce5f5b17b9cb35687de5ff
640c077019143b2891c5deff;2023-01-13 11:32:35;625035bee612a77bf7ffb15a;3.99;1.0;SABONETE LUX BOTANICALS BOQUE DE JASMIM SC 125G;62504963a8b5da0e870d9c40
640c1759190fd32af4c477a1;2023-01-31 20:33:08;625035bee612a77bf7ffb15a;2.39;3.0;SUCO DEL VALLE KAPO UVA TP 200ML;6250497f9769fc0e8732a851
640be20c7f0c2242905b04ba;2022-12-02 14:54:40;625035bee612a77bf7ffb15a;1.59;1.0;SALGADINHO DELICITOS CHURRASCO SC 50G;6250495fdcdb180e87e3abe7
640c088d8ebb462b8f1930ad;2023-01-14 20:49:03;625035bee612a77bf7ffb15a;4.49;1.0;RATOEIRA ADESIVA COLA RATO 25,5CMX18,5CM CX;62504962492fc90e87c8d83d
640bf59ea44551767db1abb5;2022-12-24 15:17:22;625035bee612a77bf7ffb15a;6.49;1.0;CHOCOLATE EM BARRA LACTA LAKA SC 90G;62504961c8f5920e879c3cf4
640befc38bfe1e669b15bb37;2022-12-18 10:03:46;625035bee612a77bf7ffb15a;1.59;1.0;BEBIDA LACTEA NESTLE NESCAU UHT CHOC TP 180ML;62b58991c664a75cd7975a5d
640be21409982042905cf217;2022-12-02 19:21:51;625035bee612a77bf7ffb15a;6.99;1.0;AGUA MINERAL APODI NATURAL GF 20LT;6250495bb32d540e875df736
640c1025fb042902a93b4617;2023-01-23 10:02:39;625035bee612a77bf7ffb15a;2.39;2.27;LARANJA KG;6250495b10dcbf0e87d93203
640c05cf0ed6e823843cf691;2023-01-11 20:03:45;625035bee612a77bf7ffb15a;4.29;1.0;SABONETE PROTEX BALANCE SAUDAVEL SC 85G;62504963dfb5820e8726c584
640bd169e12e9f120cf97a6c;2022-11-14 18:46:56;625035bee612a77bf7ffb15a;22.99;3.0;CORTE DE FRANGO TIJUCA PEITO BDJ 1KG;625049638c73fb0e87f9685e
640bd15881676a120c7e30e6;2022-11-14 08:04:33;625035bee612a77bf7ffb15a;14.99;0.12;PAO  KG;6250495a0a398c0e87675e61
640c15c419aef4255e5c1667;2023-01-29 14:12:43;625035bee612a77bf7ffb15a;3.49;1.0;CHA NATUVIDA EUCALIPTO SC 15G;6250495c0281ca0e87e68d2b
640bf08203b32468aa6563a9;2022-12-19 10:06:52;625035bee612a77bf7ffb15a;6.49;1.0;ACUCAR DEMERARA ASTER SC 1KG;625049668420c20e874a322c
640befcbdf110a669bd36c59;2022-12-18 11:48:02;625035bee612a77bf7ffb15a;7.99;1.0;FAROFA DE MANDIOCA AMAFIL TRADICIONAL SC 500G;62504964070b2b0e87dad323
640be9d4ffccbc56c3f0d337;2022-12-11 11:04:07;625035bee612a77bf7ffb15a;1.19;1.0;BEBIDA LACTEA ISIS POL MORAN SC 120G;6250495eab9b940e8771f5d3
640bcec5dbdcc3064e4f226a;2022-11-11 17:35:18;625035bee612a77bf7ffb15a;10.49;1.0;SABAO EM PO BRILHANTE LIMPEZA TOTAL SC 800G;62504966757d430e874d61bc
640c11cd8247f4087f68a3cf;2023-01-25 19:31:15;625035bee612a77bf7ffb15a;18.99;1.0;CAPPUCCINO 3 CORACOES DIET PT 150G;6250495c10d0c70e87940b7b
640bec1f768da45d4022bfe3;2022-12-14 20:15:21;625035bee612a77bf7ffb15a;7.09;1.0;REFRIGERANTE ANTARCTICA GUARANA GF 2LT;6250495f77d5530e87615613
640c06956a33dc25ff38724f;2023-01-12 17:40:42;625035bee612a77bf7ffb15a;1.49;6.0;HAMBURGUER PERDIGAO FRANGO SC 56G;6250495c6a4e190e874e2602
640c05cdd1998923849c9ef6;2023-01-11 19:27:35;625035bee612a77bf7ffb15a;7.99;1.0;FEIJAO CORDA SUPER TOZZO 1KG;62a72e55ae7d554c1f784e45
640bdec3bfecc03a3bce2d2e;2022-11-28 10:28:28;625035bee612a77bf7ffb15a;22.99;0.456;LINGUICA PERDIGAO SUINA KG;6250495b648e590e87aac4f7
640c102050384402a9174c98;2023-01-23 07:54:54;625035bee612a77bf7ffb15a;14.99;0.188;TORRADA  BOLO KG;637fa37a88b9550d788f4024
640bf2277ede886cec11b91b;2022-12-21 18:04:55;625035bee612a77bf7ffb15a;25.99;1.0;FRUTA CONGELADA NOSSA FRUTA MIX FRUTAS VERMELHAS SC 400G;62504965b88d560e871aff95
640bdde9ea53853782bd6647;2022-11-27 11:06:29;625035bee612a77bf7ffb15a;39.99;1.0;FRALDA PERSONAL BABY PREMIUM PANTS JUMBO M SC 48X1;632c705d6f8c262669411711
640bc74fc8d3286d80f48467;2022-11-02 11:34:29;625035bee612a77bf7ffb15a;1.19;1.0;BISCOITO WAFER RICHESTER ANIMADOS ZOO CHOCOLATE PC 30G;6250495cf13de40e87db2922
640c04f60c85b12178e2f63c;2023-01-10 12:26:47;625035bee612a77bf7ffb15a;2.29;1.0;BARRA DE CEREAL RITTER MORANGO COM CHOCOLATE SC 25G;6250496129b3290e87f159fc
640c10292f145f02a96af755;2023-01-23 12:18:53;625035bee612a77bf7ffb15a;5.49;1.0;TEMPERO EM PO SAZON CARNE SC 60G 12X1;62504960af5a940e875e098a
640bf22598a1df6cecd5438a;2022-12-21 17:17:01;625035bee612a77bf7ffb15a;5.49;1.0;PAO RABELO HAMBURGUER PC 400G;6250495fda9f130e876c92dc
640bedd0ec2e4b61d55c015b;2022-12-16 13:30:16;625035bee612a77bf7ffb15a;16.99;8.0;CORTE DE FRANGO PERDIGAO FILEZINHO DE PEITO SASSAMI BDJ 1KG;6250495d36f5610e87a2742a
640c0698c804ba25ff0ab482;2023-01-12 18:35:59;625035bee612a77bf7ffb15a;3.69;1.0;MACARRAO ESTRELA SEMOLA GOSTOSO ESPAGUETE SC 400G;6250497039edf50e87b3af43
640c04ec7b9a332178b374bc;2023-01-10 07:08:46;625035bee612a77bf7ffb15a;8.99;1.0;RAPADURA ENGENHO LEARENA NATURAL SC 750G;6250496126dc4f0e8789ecb1
640be055568d733e554099c4;2022-11-30 17:19:00;625035bee612a77bf7ffb15a;5.99;1.0;LEITE UHT BETANIA INTEGRAL TP 1LT;6250495e959c790e8771e6e8
640bd5ba53a6a820d0f4c2ea;2022-11-19 07:05:58;625035bee612a77bf7ffb15a;5.99;1.0;REQUEIJAO MARANGUAPE LIGHT CP 200G;62a72e4d39f0624c1fce421f
640be715fc4f434f1674b66e;2022-12-08 12:14:34;625035bee612a77bf7ffb15a;4.89;0.985;BATATA DOCE KG;6250495b20af2b0e87f023e6
640bdaf8e027d52f1daee519;2022-11-25 16:53:30;625035bee612a77bf7ffb15a;1.95;1.0;LAVA LOUCAS YPE CAPIM LIMAO GF 500ML;62504963aa382d0e87a0cf9b
640bd303aebd8515fe97a3e9;2022-11-16 09:00:41;625035bee612a77bf7ffb15a;27.99;1.0;CREME PARA PENTEAR ELSEVE MILAGROSO CACHOS LONGOS BS 500ML;62d295987b2ae9083ec8d3ee
640bdaf2f663182f1d0d1400;2022-11-25 15:41:02;625035bee612a77bf7ffb15a;2.99;1.0;BISCOITO COOKIES RICHESTER AMORI ORIGINAL PC 40G;625049623d03d50e87c6d5e3
640bf08ec1b61568aabd9741;2022-12-19 18:11:13;625035bee612a77bf7ffb15a;3.49;1.0;LOURO NATUVIDA SC 15G;6250495e2118d10e8752dbd9
640be71d26291a4f169db184;2022-12-08 18:26:51;625035bee612a77bf7ffb15a;14.99;0.35;MACA NACIONAL KG;6250495bf443ab0e8763f185
640c0091675ca1151f2acf38;2023-01-05 19:55:18;625035bee612a77bf7ffb15a;6.99;1.0;CARNE ENLATADA ODERICH FIAMBRE FRANGO LA 320G;6250496142e2190e876fc0c2
640c095119d8322d8e3f0ddc;2023-01-15 11:58:37;625035bee612a77bf7ffb15a;5.29;1.0;BEBIDA LACTEA ISIS POL MORAN BDJ 540G 6X1;6250495e7c70da0e874f47c0
640bea91e27584593e7e7c4c;2022-12-12 17:58:21;625035bee612a77bf7ffb15a;2.39;2.0;FARINHA DE MILHO VITAMILHO FLOCAO TRADICIONAL SC 500G;62504970fa017c0e87a897a0
640c0ac7730ff031f8e6ce27;2023-01-17 09:12:43;625035bee612a77bf7ffb15a;10.99;1.0;SABONETE LIQUIDO ALYNE MORANGO GF 1LT;6250496ccd90840e877abda5
640befd0da0aac669bb4759a;2022-12-18 13:25:51;625035bee612a77bf7ffb15a;6.99;4.0;CAFE 3 CORACOES EXTRAFORTE VACUO SC 250G;6250495c6674350e8723a950
640beb61dd93695b75b7a33c;2022-12-13 21:53:12;625035bee612a77bf7ffb15a;3.49;1.0;CHOCOLATE WAFER LACTA BIS XTRA OREO SC 45G;62504964b20f820e8759b996
640be12dccef254071586469;2022-12-01 19:36:02;625035bee612a77bf7ffb15a;14.99;1.0;OVOS TIJUCA BRANCO EXTRA BDJ 20X1;62b3049ade566e7c4cd2798d
640c14b718d73c1d7e0a4ea8;2023-01-28 14:36:11;625035bee612a77bf7ffb15a;9.99;1.0;CREME PARA PENTEAR SEDA BY RAYZA BABOSA + OLEOS BS 300ML;6250496366bacd0e877cf73e
640c042f823e0c1f4172b5cd;2023-01-09 18:30:43;625035bee612a77bf7ffb15a;3.69;0.725;BETERRABA KG;6250495b79fd2b0e87bf0522
640be9d35f53a056c3ba3b61;2022-12-11 10:50:29;625035bee612a77bf7ffb15a;17.99;3.0;CORTE DE FRANGO SADIA COXA IQF SC 1KG;6250495d4e85c40e8714e175
640c0888f6a6352b8f50e458;2023-01-14 19:29:55;625035bee612a77bf7ffb15a;6.49;1.0;REFRIGERANTE PEPSI COLA GF 2LT;6250495f1a26830e87a378fa
640bf6dd058c0e79b71f38ba;2022-12-26 20:21:25;625035bee612a77bf7ffb15a;4.29;4.0;ACUCAR CRISTAL CORURIPE SC 1KG ;62504966263fcb0e87c6d456
640be119a9e2624071eee4da;2022-12-01 09:01:45;625035bee612a77bf7ffb15a;6.99;1.0;FARINHA DE TRIGO DONA BENTA TRADICIONAL SC 1KG;6250497058ef290e879a7333
640bd0a05ce91c10681a9f60;2022-11-13 09:52:50;625035bee612a77bf7ffb15a;8.99;0.365;MACA NACIONAL KG;6250495bf443ab0e8763f185
640c06a258339625ffb8a4c9;2023-01-12 22:11:00;625035bee612a77bf7ffb15a;8.79;1.0;GOMA FRESCA NOSSA GOMA SC 1KG;62504961fcf5440e87214cef
640bcbcd3f24407c6fc1165b;2022-11-07 15:40:50;625035bee612a77bf7ffb15a;2.39;1.0;AGUA SANITARIA CLORITO GF 1LT;6250496509f5a00e87524d85
640beb5bca86975b7500945b;2022-12-13 18:48:54;625035bee612a77bf7ffb15a;11.99;1.0;MORANGO BDJ 250G;62504961d0326c0e875f64dd
640c0c8568be075f70402a0b;2023-01-19 19:11:24;625035bee612a77bf7ffb15a;4.99;1.0;BOLACHA ITAICABA COQUINHO PC 300G;625049612f29fb0e87ee36d5
640bc925eb41a675903593c4;2022-11-04 19:03:30;625035bee612a77bf7ffb15a;7.99;0.995;BATATA INGLESA KG;6250495b468da50e87b28476
640bfc72e985f8098f68c3af;2022-12-31 15:14:35;625035bee612a77bf7ffb15a;11.49;1.0;CARVAO VEGETAL PHOENIX PC 3KG;62504962eb28a50e8773f520
640bd8d734a10b29b83e62cd;2022-11-23 13:11:21;625035bee612a77bf7ffb15a;7.99;1.0;CHOCOLATE EM BARRA NESTLE ALPINO AO LEITE E BRANCO SC 90G;62504965a862130e87b3a64a
640bfeb0cf80900ff595280e;2023-01-03 08:38:05;625035bee612a77bf7ffb15a;4.49;2.0;CHOCOLATE EM BARRA HERSHEYS COOKIES CREME SC 87G;6321cc9ce3e0e4736177669a
640bca3a0a6a287807d6a1f6;2022-11-05 16:37:49;625035bee612a77bf7ffb15a;5.99;0.516;BETERRABA KG;6250495b79fd2b0e87bf0522
640bcd4aa696c6016f2dd598;2022-11-09 21:33:39;625035bee612a77bf7ffb15a;4.99;1.0;OVOS SAO JOSE VERMELHO GRANDE BDJ 6X1 ;6347d338021fc1756e705add
640c14d50fc4f61d7e286819;2023-01-28 21:45:10;625035bee612a77bf7ffb15a;3.29;1.0;GELEIA DE MOTOCO STELLA DORO NATURAL CP 180G;6321cca09067417361aec545
640bcc8c4ca0027ea4ff2c67;2022-11-08 20:43:10;625035bee612a77bf7ffb15a;1.99;1.0;PASTILHA HALLS EXTRA FORTE 27,5G;62504964cc476e0e87a2d9fb
640be21708faf44290e9aeab;2022-12-02 20:10:43;625035bee612a77bf7ffb15a;2.59;12.0;CERVEJA BOHEMIA PURO MALTE LA 350ML;6250495cc827c50e877afd74
640bfdc8c40e4a0d6b94e0f3;2023-01-02 09:42:30;625035bee612a77bf7ffb15a;7.99;1.0;SABAO LIQUIDO MINUANO COCO GF 500ML;6250496494960e0e87007896
640bf15565f22f6aff0fa539;2022-12-20 16:55:26;625035bee612a77bf7ffb15a;11.99;1.0;CREME DE TRATAMENTO SKALA DIVINO  PT 1000G;62504965f3a9cb0e878117eb
640bd81ea2ec18278090f504;2022-11-22 09:59:09;625035bee612a77bf7ffb15a;2.29;0.624;MELAO JAPONES KG;6250495b26dd770e87968ee1
640bd8dd4d01e429b89f35c9;2022-11-23 18:28:51;625035bee612a77bf7ffb15a;8.49;0.405;TOMATE KG;6250495befd4f30e8754e347
640bea920c84a0593e758bcf;2022-12-12 18:07:23;625035bee612a77bf7ffb15a;20.99;0.956;CORTE DE FRANGO TICA DO FRANGO PEITO BDJ KG;6250495bc83e7a0e8775b8c1
640bddd55c358837827787ca;2022-11-27 07:56:42;625035bee612a77bf7ffb15a;11.99;1.0;PAPEL HIGIENICO MIMMO FOLHA DUPLA NEUTRO PC 30MT LV12 PG11;6250496408f2100e87a06f37
640bf421cbb9e272a4873459;2022-12-23 11:56:58;625035bee612a77bf7ffb15a;12.99;1.0;DESODORANTE AEROSOL DOVE ORIGINAL 48H 150ML;625049622e7ee50e872076a6
640be1196fbe48407194bb36;2022-12-01 09:25:09;625035bee612a77bf7ffb15a;6.99;1.0;FEIJAO CARIOCA GOSTOZZO SC 1KG;625049708e2d420e8710182d
640be65c8364774cc0006986;2022-12-07 19:15:28;625035bee612a77bf7ffb15a;7.49;1.0;CHOCOLATE EM BARRA LACTA LAKA OREO SC 90G;62504964c520020e875aea46
640bece2cc0f395f7a76f64b;2022-12-15 13:40:07;625035bee612a77bf7ffb15a;2.99;1.0;TORRADA VISCONTI TRADICIONAL SC 120G;625049693326160e872cce4b
640c068c85d8f825ff485702;2023-01-12 10:56:40;625035bee612a77bf7ffb15a;49.99;0.184;QUEIJO COALHO FP LATICINIO FATIADO KG;6250495b6e8dad0e87213381
640c00873d3bad151fc78116;2023-01-05 17:11:34;625035bee612a77bf7ffb15a;8.49;0.185;BATATA INGLESA KG;6250495b468da50e87b28476
640c0d6e47053f6ca4858c15;2023-01-20 18:11:37;625035bee612a77bf7ffb15a;3.99;1.0;GELEIA DE MOCOTO ELLO MORANGO CP 200G;625049678634290e87029db8
640c0361dc1d711cf825f812;2023-01-08 10:18:21;625035bee612a77bf7ffb15a;4.99;1.0;LEITE UHT BETANIA INTEGRAL TP 1LT;6250495e959c790e8771e6e8
640c0949737dad2d8ec1bd03;2023-01-15 10:18:53;625035bee612a77bf7ffb15a;8.49;1.0;REFRIGERANTE FANTA LARANJA GF 2LT;6250495f4af21d0e870b0e76
640bdb0dc55b8a2f1de9b277;2022-11-25 19:58:50;625035bee612a77bf7ffb15a;3.95;1.0;BISCOITO CREAM CRACKER FORTALEZA LEGITIMO PC 350G;625049702e1bf90e87c8dfd2
640bea8758db34593e3fb816;2022-12-12 11:07:02;625035bee612a77bf7ffb15a;3.79;1.0;IOGURTE BETANIA DESN NATURAL CP 170G;6250497e126c670e8754b89c
640c088e13f2542b8f67c2f7;2023-01-14 21:43:04;625035bee612a77bf7ffb15a;28.99;1.0;VINHO BR PERGOLA TINTO SUAVE GF 1LT;62504960919f6f0e872b638a
640bd169ce0e4f120ca6af19;2022-11-14 18:36:40;625035bee612a77bf7ffb15a;28.99;0.168;MORTADELA SEARA BOLOGNA DEFUMADA FATIADA KG;6250495a2683d20e87886e14
640c042088f3c31f4199beb8;2023-01-09 10:55:51;625035bee612a77bf7ffb15a;2.89;1.0;LAVA LOUCAS MINUANO MACA GF 500ML;6250495da1da1e0e87bfbb5a
640bedded1825a61d5cf00b9;2022-12-16 19:18:58;625035bee612a77bf7ffb15a;4.99;0.395;CENOURA KG;6250495bc359040e870e593b
640bca30c5fcc47807a06ce5;2022-11-05 12:45:06;625035bee612a77bf7ffb15a;3.59;1.0;POLPA DE FRUTA MAIS POLPAS GOIABA SC 500G;62504966c528230e8792e398
640c088030de7c2b8f47f42c;2023-01-14 17:25:27;625035bee612a77bf7ffb15a;3.59;1.0;POLPA DE FRUTA MAIS POLPAS GOIABA SC 500G;62504966c528230e8792e398
640bfc5cd194c6098f16c8bd;2022-12-31 10:36:17;625035bee612a77bf7ffb15a;8.99;1.0;MACARRAO BARILLA SEMOLA C OVOS PENNE SC 500G;6250495eaec6e70e8701d73f
640bf2ff2ec53a6fab75a23f;2022-12-22 07:11:51;625035bee612a77bf7ffb15a;14.99;0.172;PAO  KG;6250495a0a398c0e87675e61
640bd6bcd37921240a811549;2022-11-20 11:22:00;625035bee612a77bf7ffb15a;3.59;3.0;BOLACHA ITAICABA LISA PC 200G;6250495c3126c40e87f79b30
640bf57f5702cf767d7f03d3;2022-12-24 08:44:31;625035bee612a77bf7ffb15a;3.29;1.91;LARANJA KG;6250495b10dcbf0e87d93203
640c041939f1c91f4105a1ab;2023-01-09 08:50:17;625035bee612a77bf7ffb15a;2.99;1.1;ABOBORA JACARE KG ;6250495bf1802f0e87a2e750
640bcbd9939e417c6f960212;2022-11-07 19:46:06;625035bee612a77bf7ffb15a;5.99;1.0;ALHO PRA GENTE ROXO PC 200G;6250495ba58eec0e876e3f48
640bdebe0096d53a3b1e6fa6;2022-11-28 07:37:59;625035bee612a77bf7ffb15a;4.99;2.0;AMENDOIM DORI TIPO JAPONES SC 70G;6250495ba0f6b50e873278be
640be4af695a2b48ad6c4622;2022-12-05 12:39:24;625035bee612a77bf7ffb15a;1.99;1.0;SABONETE REXONA ANTIBAC FRESH SC 84G;6250495fc9a2f40e87c85ef0
640bcbde139f5f7c6f6a0be2;2022-11-07 22:05:38;625035bee612a77bf7ffb15a;1.99;1.0;BISCOITO WAFER RICHESTER AMORI CHOCOLATE BRANCO PC 80G;62a741dad761ba713d6d9278
640bc8360a8ac272935f4ad8;2022-11-03 09:59:43;625035bee612a77bf7ffb15a;16.99;2.0;CORTE DE FRANGO SUPER FRANGO FILE DE PEITO BDJ 1KG;625049802e09690e878b8bce
640bcdeff5c7f603b147994e;2022-11-10 17:08:54;625035bee612a77bf7ffb15a;8.99;1.0;SOBREMESA LACTEA BOM DA FESTA BRIGADEIRO SC 385G;6323092709d1eb2dd6a1c9b5
640bdf943699d03c2b58dfce;2022-11-29 18:24:39;625035bee612a77bf7ffb15a;4.49;1.0;UVA VITORIA NOVIM BDJ 500G;6250496d3673410e87ce9d30
640c0946b9d7432d8e753dd4;2023-01-15 09:23:05;625035bee612a77bf7ffb15a;7.99;0.495;TOMATE KG;6250495befd4f30e8754e347
640c09532ffec32d8e2dcecc;2023-01-15 12:57:22;625035bee612a77bf7ffb15a;11.49;1.0;UVA ROXA FRUTANA VITORIA BDJ 500G;63eec36228d5663ff08b0ace
640be11e2998c54071e9c792;2022-12-01 12:11:56;625035bee612a77bf7ffb15a;2.69;1.0;BISCOITO RECHEADO RICHESTER AMORI FLOCOS PC 125G;62a72eb6d9e2dd4c1f4dc68f
640bcc89c9f60d7ea458f91e;2022-11-08 19:23:30;625035bee612a77bf7ffb15a;9.99;1.0;SACO DE LIXO FELIZ RECICLAVEL VERDE 100LT SC 5X1;625049636d54f90e8787b785
640c15b5946cf1255e823f82;2023-01-29 10:27:08;625035bee612a77bf7ffb15a;0.99;3.0;COCO VERDE UN;6250495b65b50f0e87173a07
640bf4189da36c72a4171e55;2022-12-23 09:50:20;625035bee612a77bf7ffb15a;8.99;0.32;CEBOLA BRANCA KG;6250495bad4f820e87177f0e
640bcb16a680c87a7222e242;2022-11-06 12:17:41;625035bee612a77bf7ffb15a;39.99;0.782;CARNE DE SOL KG;6250495b5faa780e87238f32
640bf8a70a7df27e8903ce97;2022-12-28 19:10:46;625035bee612a77bf7ffb15a;1.99;1.295;MELAO ESPANHOL AMARELO KG ;6250497069a2b70e87fe7643
640c127fe07a870d5e905e8f;2023-01-26 12:14:45;625035bee612a77bf7ffb15a;2.99;1.0;CHA NATUVIDA HORTELA SC 15G;6250495ca9fbc30e87e91016
640c0500165af2217837c10a;2023-01-10 18:20:58;625035bee612a77bf7ffb15a;5.99;1.0;CHA NATUVIDA CANELA MOIDA PT 20G;6250496a13303a0e87df13ed
640bcb0ca098617a728323a9;2022-11-06 09:56:50;625035bee612a77bf7ffb15a;1.89;3.0;FARINHA DE MILHO VITAMILHO FLOCAO TRADICIONAL SC 500G;62504970fa017c0e87a897a0
640bd99e16f0842bb1ba476a;2022-11-24 19:06:31;625035bee612a77bf7ffb15a;6.09;1.0;REFRIGERANTE ANTARCTICA SUKITA LARANJA GF 2LT;6250495f0a156f0e87b20ee9
640bdadad9b0362f1dca364f;2022-11-25 09:37:44;625035bee612a77bf7ffb15a;5.99;3.0;SABAO LIQUIDO BRILHANTE LIMPEZA TOTAL SC 700ML;62bad0c153e88b35528de71c
640c05d030ba242384745130;2023-01-11 20:11:14;625035bee612a77bf7ffb15a;4.79;1.0;LEITE UHT BETANIA INTEGRAL TP 1LT;6250495e959c790e8771e6e8
640beddbc0972e61d564193e;2022-12-16 18:33:55;625035bee612a77bf7ffb15a;6.99;1.0;UVA ROXA DA HORA DOCE MEL BDJ 250G;62b8308df66a4204e2a6c3ff
640be04c78a1123e55f88746;2022-11-30 09:54:54;625035bee612a77bf7ffb15a;5.99;1.0;BISCOITO SORTIDO FORTALEZA POPULAR MINI CRACKER PC 400G;6250495c47f2730e87da06a4
640bcdf068287c03b173a51e;2022-11-10 17:41:59;625035bee612a77bf7ffb15a;9.99;1.0;VASSOURA CRISTAL SUPREMA;6250497fb929a90e87ec9a3d
640be3f76ab02646b2a94e97;2022-12-04 12:07:56;625035bee612a77bf7ffb15a;2.29;1.0;BISCOITO WAFER RICHESTER AMORI MAX CHOCOLATE AO LEITE PC 87G;6250496da77af80e8736260b
640bf8a49c83067e8916d441;2022-12-28 18:28:32;625035bee612a77bf7ffb15a;2.39;1.0;MACARRAO INSTANTANEO NISSIN MIOJO GALINHA CAIPIRA SC 85G;6250495ec30b710e8715fddf
640bd81e5e183b2780995782;2022-11-22 09:51:01;625035bee612a77bf7ffb15a;14.99;0.222;PAO  KG;6250495a0a398c0e87675e61
640be4a909903148ad90fcb8;2022-12-05 09:53:02;625035bee612a77bf7ffb15a;5.99;1.0;ATUM ROBINSON CRUSOE RALADO EM OLEO COMESTIVEL LA 170G;6250495b9fd7270e87170442
640bd5c1adea1720d0afe341;2022-11-19 09:28:24;625035bee612a77bf7ffb15a;11.99;1.0;OVOS EMAPE BRANCO EXTRA BDJ 20X1;6250496d2005170e878367c4
640bd158bcd281120c47abd3;2022-11-14 08:26:34;625035bee612a77bf7ffb15a;2.99;1.0;SALGADINHO TORCIDA CHURRASCO SC 38G;6347cef0313887756ebf7e06
640bd8e1dd28a929b8c37915;2022-11-23 20:09:42;625035bee612a77bf7ffb15a;10.99;1.0;TEMPERO COMPLETO TEMPERO DA CASA COM PIMENTA PT 1KG;62504960d6e7c00e87ad45e1
640c1656f81ef72804766877;2023-01-30 19:22:22;625035bee612a77bf7ffb15a;6.99;1.0;BISCOITO MAIZENA FORTALEZA LEITE PC 350G;6250496547c9ac0e878ae36e
640bea92ad840e593eebe401;2022-12-12 18:04:42;625035bee612a77bf7ffb15a;1.99;0.794;MELAO ESPANHOL AMARELO KG ;6250497069a2b70e87fe7643
640beb5005d2015b7571716d;2022-12-13 11:57:09;625035bee612a77bf7ffb15a;30.99;1.0;PANETTONE BAUDUCCO CHOCOTTONE MAXI TRUFA CX 500G;6250496eea0e640e879189e5
640c0940e67dbc2d8e4fd981;2023-01-15 07:36:09;625035bee612a77bf7ffb15a;19.99;1.0;AMACIANTE DE ROUPAS DOWNY PERFUME CONC SENSITIVE GF 900ML;6250496a7595190e874da749
640bd305f37c4215fef9f3d0;2022-11-16 10:01:20;625035bee612a77bf7ffb15a;16.99;1.086;PERNIL SUINO CONGELADO KG;6250495a159e860e8714bbf0
640bf1616883116aff83c16c;2022-12-20 22:21:31;625035bee612a77bf7ffb15a;7.39;1.0;AGUA SANITARIA QBOA MULTIPLO USO CLORO ATIV GF 2LT;6250495b0949fd0e87c14d76
640bd8db9766b929b811ff3e;2022-11-23 17:20:26;625035bee612a77bf7ffb15a;3.99;1.0;SABONETE PROTEX LIMPEZA PROFUNDA SC 85G;6250496393a4ae0e8730063b
640c1021f639df02a91aab0a;2023-01-23 08:21:07;625035bee612a77bf7ffb15a;4.99;1.0;ABACAXI UN;625049606d308a0e87033050
640c03604652921cf8851cbd;2023-01-08 10:07:45;625035bee612a77bf7ffb15a;2.99;1.0;CHEIRO VERDE UN;6250495bc94d120e87cc3181
640bd82bc22a992780630812;2022-11-22 19:24:09;625035bee612a77bf7ffb15a;14.99;0.204;PAO  KG;6250495a0a398c0e87675e61
640c094ae300082d8e11eb8a;2023-01-15 10:33:20;625035bee612a77bf7ffb15a;1.49;3.0;BISCOITO WAFER RICHESTER AMORI CHOCOLATE PC 80G;625049829cd4290e8753f053
640c0a13c49cc52fbccfc3fa;2023-01-16 21:08:31;625035bee612a77bf7ffb15a;4.99;1.42;CEBOLA BRANCA KG;6250495bad4f820e87177f0e
640bf2188032596cec622bad;2022-12-21 08:51:04;625035bee612a77bf7ffb15a;4.79;1.0;ARROZ BRANCO PANELACO SC 1KG;6250497f6c50d20e87f04b88
640c15bed3c435255e987e80;2023-01-29 12:13:55;625035bee612a77bf7ffb15a;1.89;2.0;VINAGRE REGINA FOLHA VERDE ALCOOL GF 500ML;62504963fafd9e0e878f2711
640bfc8899b631098f182b7f;2022-12-31 18:55:50;625035bee612a77bf7ffb15a;9.99;1.0;OVOS EMAPE BRANCO EXTRA BDJ 20X1;6250496d2005170e878367c4
640bf21c0053df6cec59c5d2;2022-12-21 11:24:47;625035bee612a77bf7ffb15a;12.99;1.0;LINGUICA NOBRE FRANGO SC 700G;637fa37e8c168c0d789669ab
640c15c2c14db9255e0fe685;2023-01-29 13:04:22;625035bee612a77bf7ffb15a;6.99;0.25;PIMENTAO VERDE KG;6250495bca7a350e8741b903
640be311940778448ed70c5d;2022-12-03 11:13:52;625035bee612a77bf7ffb15a;12.99;1.0;POLPA DE FRUTA NOSSA FRUTA MARACUJA SC 400G;6250496bc45f520e8740cf29
640bcc897ef0bb7ea41dfd66;2022-11-08 19:11:46;625035bee612a77bf7ffb15a;6.99;1.0;SARDINHA COQUEIRO C OLEO COMESTIVEL LA 125G;625049609c974c0e877ad7bf
640bdaf3c9cd682f1d4ba6b0;2022-11-25 15:46:32;625035bee612a77bf7ffb15a;2.99;1.0;TORRADA VISCONTI TRADICIONAL SC 120G;625049693326160e872cce4b
640be05084f7de3e554347a3;2022-11-30 12:55:42;625035bee612a77bf7ffb15a;9.99;1.0;LIMPADOR PERFUMADO UAU LAVANDA E CONFORTO GF LV1LT PG800ML;625049620480300e87b60603
640c12893dbb0a0d5e7c6d5e;2023-01-26 18:52:27;625035bee612a77bf7ffb15a;33.99;1.2;LAGARTO BOVINO KG;6250495bf8a9750e874d1601
640c103586154a02a94b5a34;2023-01-23 19:21:25;625035bee612a77bf7ffb15a;4.99;1.0;BISCOITO ROSQUINHA ESTRELA COCO COM LEITE PC 300G;6380d997d98a763b595e87a0
640bd4ac2eddee1bb07e1e3d;2022-11-18 09:46:29;625035bee612a77bf7ffb15a;1.79;2.0;MACARRAO INSTANTANEO NISSIN MIOJO GALINHA CAIPIRA SC 85G;6250495ec30b710e8715fddf
640bcde6f722f103b155d5ef;2022-11-10 08:23:16;625035bee612a77bf7ffb15a;6.99;2.0;RODO CRISTAL COLOR 40CM;6250495f61a1590e8776efdc
640bcc8578275f7ea41ce8ec;2022-11-08 17:40:02;625035bee612a77bf7ffb15a;1.99;1.0;POLIDOR DE ALUMINIO LIMPA FACIL TRAD GF 500ML;6250495f7373ca0e875cb7bf
640bf8abdbbdd77e89de2b74;2022-12-28 20:04:10;625035bee612a77bf7ffb15a;4.49;1.0;DOCE EM BARRA SAMEL GOIABA SC 300G 20X1;6250495d90c0500e87d314a8
640c04fd8d4547217880f199;2023-01-10 17:27:25;625035bee612a77bf7ffb15a;6.9;0.648;MACAXEIRA VACUO KG;62cfed9e9e7c3f76739c7a73
640bd5d9db644220d0db20c5;2022-11-19 17:58:14;625035bee612a77bf7ffb15a;4.99;1.0;ACUCAR DEMERARA PETRIBU SC 1KG;62504961780d990e872c7530
640be7fe3be66751a4c17b03;2022-12-09 19:19:18;625035bee612a77bf7ffb15a;6.49;1.0;ESCOVA DENTAL COLGATE CLASSIC CLEAN MEDIA CR;6250495d435ef80e87372d58
640be047890ff13e551f2b07;2022-11-30 07:48:15;625035bee612a77bf7ffb15a;1.99;2.0;FARINHA DE MILHO SAO BRAZ FLOCAO TRADICIONAL SC 500G;62504970b9a7e40e87fbc40a
640bdc9d0a41ef33efacb4d4;2022-11-26 12:56:21;625035bee612a77bf7ffb15a;3.69;2.0;BISCOITO SORTIDO FORTALEZA POPULAR FOFITOS LEITE PC 400G;6250497d35cda90e8738531b
640c0d7e5351436ca46cd991;2023-01-20 22:49:31;625035bee612a77bf7ffb15a;5.99;1.0;OVOS TIJUCA BRANCO GRANDE BDJ 6X1;6250495b1ab6680e87b8e817
640c0c8ac5f0f75f70cbf84d;2023-01-19 20:28:34;625035bee612a77bf7ffb15a;26.99;1.0;CREME DE ACAI NOSSA FRUTA MOA PT 1,6 KG;62f6280d8b2fad2f6b77a0cd
640be31671d50d448e524254;2022-12-03 12:40:56;625035bee612a77bf7ffb15a;11.99;2.0;CAPPUCCINO 3 CORACOES BAUNILHA PT 200G;6250495ce41bba0e8768f49c
640bddd7d143df3782100c03;2022-11-27 08:15:17;625035bee612a77bf7ffb15a;3.89;0.875;BANANA PRATA KG;6250495b591e3e0e87d73d29
640bf6d40425bc79b796015b;2022-12-26 16:59:06;625035bee612a77bf7ffb15a;6.49;1.0;GOMA FRESCA KUME SC 1KG;625049803188010e878665c7
640bd5d5690c9820d0c65b74;2022-11-19 16:48:48;625035bee612a77bf7ffb15a;4.79;1.0;LEITE UHT JAGUARIBE DESNATADO TP 1LT;6250495e71f0230e876eadee
640be1f939d5d04290398887;2022-12-02 07:58:49;625035bee612a77bf7ffb15a;8.49;0.615;TOMATE KG;6250495befd4f30e8754e347
640bd0ad56965510682fac23;2022-11-13 13:48:55;625035bee612a77bf7ffb15a;4.49;1.0;MOLHO DE PIMENTA KENKO VERMELHA GF 150ML;6250495ed39df20e87c6b27d
640bd4b70262951bb00e869b;2022-11-18 16:12:21;625035bee612a77bf7ffb15a;1.69;2.0;SABONETE ALBANY HIDRAT NUTRITIVA SC 85G;625049643bc6540e87ab9acb
640be7f3e530a151a4356f93;2022-12-09 11:53:42;625035bee612a77bf7ffb15a;2.99;1.0;CHEIRO VERDE UN;6250495bc94d120e87cc3181
640be4b336be7448adfc082b;2022-12-05 14:31:22;625035bee612a77bf7ffb15a;3.39;1.0;CHEIRO VERDE PROCESSADO SC;6250495b66f1f10e87d6b01a
640be4bd70e2e748adcc2f82;2022-12-05 19:33:42;625035bee612a77bf7ffb15a;2.69;0.28;CENOURA KG;6250495bc359040e870e593b
640c164e95a79f2804c39a87;2023-01-30 17:09:53;625035bee612a77bf7ffb15a;10.99;1.0;LIMPADOR MULTIUSO AZULIM COZINHA GF 500ML 3X1;6250496f7fb42c0e870b900e
640bf15f7386c66affd6a215;2022-12-20 20:40:39;625035bee612a77bf7ffb15a;19.99;1.0;SABONETE LIQUIDO CIA NATUREZA INTIMO GF 210ML LV2 PG1;62504964392e5a0e87e20763
640bdb08e4fd982f1ddeefc3;2022-11-25 19:12:49;625035bee612a77bf7ffb15a;4.49;3.0;CHOCOLATE WAFER LACTA BIS XTRA OREO SC 45G;62504964b20f820e8759b996
640c0b9dfcdc0d4087b9d309;2023-01-18 12:27:51;625035bee612a77bf7ffb15a;8.99;1.0;DOCE CREMOSO ISIS LEITE TRADICIONAL PT 300G;6250495d601ce60e87fbab3f
640bd315e3152a15fe79e989;2022-11-16 19:09:46;625035bee612a77bf7ffb15a;21.99;1.0;SORVETE FROSTY CHOC MISTO PT 2LT;62504960bedffa0e87b38a16
640bf8aef13c267e89dbb348;2022-12-28 20:56:17;625035bee612a77bf7ffb15a;2.39;1.0;FARINHA DE MILHO MARATA FLOCAO TRADICIONAL SC 500G;6250495d86e4ae0e877d7471
640bffaeee6e4112711f8c80;2023-01-04 17:41:25;625035bee612a77bf7ffb15a;1.69;1.0;MACARRAO INSTANTANEO RICHESTER YOI CARNE SC 74,3G;62504968b6edaf0e874069e5
640be11a1d8a114071e5228b;2022-12-01 09:59:41;625035bee612a77bf7ffb15a;2.39;2.0;EMPANADO SEARA STEAK SABOR TRAD SC 100G;6250497e236f460e873e4b0b
640bcc8a1a627c7ea42c78c1;2022-11-08 20:12:03;625035bee612a77bf7ffb15a;0.49;2.0;GOMA DE MASCAR BUBBALOO SABORES;6250495c68920e0e879ad1e0
640c1381986f0f140e21883d;2023-01-27 18:17:07;625035bee612a77bf7ffb15a;3.49;1.0;MACARRAO BRANDINI SEMOLA PARAFUSO SC 500G;6250495eda16550e8702d9ec
640c069f9b4e9e25ff28d473;2023-01-12 20:21:13;625035bee612a77bf7ffb15a;12.99;1.0;GOMA HIDRATADA AMAFIL MEDIA PARA TAPIOCA SC 1KG;6250495ebca7dc0e8751a85f
640bf9caba1dfb02b1532539;2022-12-29 19:49:00;625035bee612a77bf7ffb15a;4.99;1.0;BOLACHA ITAICABA COQUINHO PC 300G;625049612f29fb0e87ee36d5
640bcecf0a178c064e11d720;2022-11-11 20:01:14;625035bee612a77bf7ffb15a;3.95;1.0;BISCOITO SORTIDO FORTALEZA POPULAR FOFITOS LEITE PC 400G;6250497d35cda90e8738531b
640bd8d2c9bb1529b81473e1;2022-11-23 08:02:34;625035bee612a77bf7ffb15a;8.79;1.0;FAROFA DE MANDIOCA AMAFIL TRADICIONAL SC 500G;62504964070b2b0e87dad323
640bcb077c57f77a72f6990a;2022-11-06 08:26:04;625035bee612a77bf7ffb15a;10.99;1.0;PANO DE CHAO ALGO BOM MULTIUSO CORES SC LV3 PG2;6250495feca9210e87bdc8c0
640bd4c1fd11431bb00b8bfb;2022-11-18 19:29:18;625035bee612a77bf7ffb15a;9.99;1.0;OLEO DE SOJA SOYA GF 900ML;6250495ebd25ed0e8742ab1c
640be04a439f6b3e55fce94a;2022-11-30 09:06:06;625035bee612a77bf7ffb15a;14.99;0.114;PAO  KG;6250495a0a398c0e87675e61
640bfecd5f915a0ff59a928d;2023-01-03 19:27:58;625035bee612a77bf7ffb15a;13.99;0.302;SALSICHA PERDIGAO KG ;6250495bf297ab0e8796dc93
640befc69bedec669bee5a24;2022-12-18 10:40:35;625035bee612a77bf7ffb15a;12.49;0.52;ABACATE KG;6250495b244c4a0e87bbd6f5
640be64e1fab5d4cc06a6e82;2022-12-07 10:23:16;625035bee612a77bf7ffb15a;3.99;1.0;COCO ISIS RALADO DESIDRATADO SC 50G;6250496795b88e0e87074db8
640be65f1efe644cc0d2b346;2022-12-07 20:18:22;625035bee612a77bf7ffb15a;1.79;1.0;BARRA DE CEREAL RITTER BANANA E AVEIA SC 20G;62504963f1424f0e87ee4269
640bf7a2c8f2247c10510a2c;2022-12-27 14:23:38;625035bee612a77bf7ffb15a;0.99;1.0;BORRACHA ESCOLAR MERCUR BRANCA RECORD N40;62ff6beb9f95155ff9604dc1
640c0b9da9e6d9408784eed8;2023-01-18 12:51:51;625035bee612a77bf7ffb15a;2.99;1.0;COENTRO UN;6250495b6262300e87264729
640bc74816636a6d8087731b;2022-11-02 09:55:31;625035bee612a77bf7ffb15a;8.99;0.59;TANGERINA MURCOTE KG;6250495b6af9d90e87023088
640c043aa956291f41374611;2023-01-09 22:08:15;625035bee612a77bf7ffb15a;2.99;1.0;CREME DE LEITE CCGL TRAD UHT TP 200G;62a72e5e208b8b4c1f38bece
640bd99c5938822bb1504eda;2022-11-24 16:01:13;625035bee612a77bf7ffb15a;8.99;1.0;SALGADINHO PIPPOS QUEIJO SC 200G;63369118c105a24f600b9a88
640bece60bb8115f7aef06df;2022-12-15 16:12:36;625035bee612a77bf7ffb15a;3.29;1.0;CAPIM SANTO SC;6250495b686e860e87c73283
640c0d65b77aaf6ca4eab970;2023-01-20 15:43:04;625035bee612a77bf7ffb15a;1.99;1.0;SABONETE REXONA MEN DESODORANTE SPORT SC 84G;6250495fa9800c0e879ba44d
640bd3d2c6f19f17e04e548d;2022-11-17 12:12:24;625035bee612a77bf7ffb15a;1.99;4.0;LAVA LOUCAS MINUANO LIMAO GF 500ML;6250495d386fad0e87ca3de1
640c02723e03bb1a5b8e95f0;2023-01-07 07:19:48;625035bee612a77bf7ffb15a;7.49;1.0;TALCO LEITE DE ROSAS BARLA GF 80G;625049602d33500e87db8940
640bcbd9d867c27c6fd888d8;2022-11-07 20:02:07;625035bee612a77bf7ffb15a;2.19;3.0;BEBIDA LACTEA NESTLE NESCAU UHT CHOC TP 180ML;62b58991c664a75cd7975a5d
640c0adedb38be31f808b6d4;2023-01-17 20:14:22;625035bee612a77bf7ffb15a;11.99;1.0;CREME DE AVELA NUTELLA COM CACAU PT 140G;6250495e50cc6f0e874ac7e2
640bfae4e2b34c05b6bdad26;2022-12-30 15:22:21;625035bee612a77bf7ffb15a;1.69;4.0;MACARRAO INSTANTANEO RICHESTER YOI GALINHA CAIPIRA SC 74,3G;62504968a810420e87c992ed
640c11d2a2d50e087fc573f3;2023-01-25 21:28:37;625035bee612a77bf7ffb15a;7.49;1.0;CHOCOLATE EM BARRA LACTA DIAMANTE NEGRO E LAKA SC 90G;625049698673f90e8791d9e0
640bd318e2c29715fe726381;2022-11-16 20:28:19;625035bee612a77bf7ffb15a;22.99;0.382;LINGUICA AURORA SUINA KG;6250495bd86fdf0e870b2a41
640bf1599cf9b16aff14e659;2022-12-20 18:26:23;625035bee612a77bf7ffb15a;2.99;1.0;BISCOITO COOKIES RICHESTER AMORI CHOCOLATE PC 40G;62504962d9816b0e87bc78e7
640c094d760d472d8e1a537e;2023-01-15 11:04:23;625035bee612a77bf7ffb15a;15.49;0.772;CORTE DE FRANGO TICA DO FRANGO COXINHA DA ASA SC KG;6250495b1f1d910e87f32b76
640c0092db8e35151f2172af;2023-01-05 20:11:13;625035bee612a77bf7ffb15a;5.99;1.0;SUCO DEL VALLE FRUT UVA GF 1,5LT;6250496096b3320e872ac3db
640c102764d9db02a9b1e683;2023-01-23 11:12:50;625035bee612a77bf7ffb15a;3.79;1.0;ALFACE CRESPA HIDROPONICA UN;62523bc454962d4902f3c88c
640bd3e2238a6e17e0983ecf;2022-11-17 20:59:35;625035bee612a77bf7ffb15a;11.99;1.0;SHAMPOO PROCAO PERFUMADO PELOS CLAROS BS 500ML;62504962b55f0b0e87dd16ec
640bd773fe4f6c25fd060bd4;2022-11-21 18:10:47;625035bee612a77bf7ffb15a;9.99;1.0;LEITE EM PO ITAMBE INTEGRAL SC 200G;6250495ee22edf0e87d9acc3
640be583faaba04ae9927101;2022-12-06 13:03:21;625035bee612a77bf7ffb15a;5.29;1.0;BOLACHA NOSSA SENHORA DE FATIMA NEUDA PC 400G;6250495cfe3c080e878f49e2
640bd0aa8aa8f710688f57d8;2022-11-13 12:22:44;625035bee612a77bf7ffb15a;4.79;1.0;REFRIGERANTE INDAIA REFRI LARANJA GF 2LT;6250497edaf62d0e87f4f33c
640bd5c96eeeb920d02386fd;2022-11-19 11:37:29;625035bee612a77bf7ffb15a;5.49;2.0;PAO RABELO HAMBURGUER PC 400G;6250495fda9f130e876c92dc
640bf5a7cb9977767df4c5b2;2022-12-24 17:01:58;625035bee612a77bf7ffb15a;21.99;0.33;PERA DANJOU KG;6250495b466bd40e878baa70
640be7156e68824f16e6deed;2022-12-08 11:47:51;625035bee612a77bf7ffb15a;11.99;0.176;MARIA MALUCA  KG ;62ce5f5b17b9cb35687de5ff
640c0a0d13fa3b2fbcc7d28a;2023-01-16 19:13:24;625035bee612a77bf7ffb15a;13.99;1.0;PAO PULLMAN FORMA TRADICIONAL PC 400G;6250496f1913610e87ddf56e
640be3e5807de846b29f8107;2022-12-04 07:51:10;625035bee612a77bf7ffb15a;10.99;1.0;SHAMPOO SEDA COCRIACOES LISO EXTREMO BS 325ML;625049617ee1520e87fa20b4
640bdf90440ad63c2bf87075;2022-11-29 16:44:56;625035bee612a77bf7ffb15a;1.99;1.0;SABONETE REXONA ANTIBAC FRESH SC 84G;6250495fc9a2f40e87c85ef0
640bd4ba781ec31bb0dd2a79;2022-11-18 17:09:48;625035bee612a77bf7ffb15a;17.99;1.0;CORTE DE FRANGO REGINA A PASSARINHO SC 700G;6250495bcdbbc30e87e6074e
640be7ee3981c751a48d5c93;2022-12-09 10:32:44;625035bee612a77bf7ffb15a;4.49;1.0;BEBIDA LACTEA BETANIA BAT GUT POL SALADA FRUT SC 900G;6250495c9127a10e87a791f1
640bd30d8b905015fe2d36ab;2022-11-16 16:13:32;625035bee612a77bf7ffb15a;1.89;3.0;REFRIGERANTE COCA COLA SEM ACUCAR GF 250ML;62504980ee26c50e8711d8aa
640c0f6f8d09a07f6b6d8b7b;2023-01-22 11:43:59;625035bee612a77bf7ffb15a;4.99;2.0;LEITE UHT BETANIA INTEGRAL TP 1LT;6250495e959c790e8771e6e8
640becdcc429995f7afb0512;2022-12-15 09:21:44;625035bee612a77bf7ffb15a;3.99;1.0;GELEIA DE MOTOCO STELLA DORO NATURAL CP 180G;6321cca09067417361aec545
640bdf8e21a1f63c2bf02b86;2022-11-29 14:16:02;625035bee612a77bf7ffb15a;9.99;1.0;UVA BENITAKA NOVIM BDJ 500G;62504981a76e8c0e8729fe2c
640be7efb19ea551a4c94efd;2022-12-09 10:41:59;625035bee612a77bf7ffb15a;9.99;1.0;SUPLEMENTO ENERGETICO ENGOV AFTER TANGERINA GF 250ML;6250496a2fe4750e870b5cab
640bf22c13ed8b6cec5cfd7e;2022-12-21 20:07:25;625035bee612a77bf7ffb15a;1.69;1.0;BEBIDA LACTEA ITAMBE ITAMBEZINHO UHT CHOC TP 200ML;636ed324f55453013a06d770
640c110138c8210563b20298;2023-01-24 19:50:31;625035bee612a77bf7ffb15a;2.49;3.0;MACARRAO INSTANTANEO NISSIN MIOJO GALINHA CAIPIRA SC 85G;6250495ec30b710e8715fddf
640c17411c7a1d2af44a1305;2023-01-31 11:46:35;625035bee612a77bf7ffb15a;36.99;0.24;LINGUICA PERDIGAO CALABRESA KG;6250497d400c600e876b85a1
640beef86da82564a777b627;2022-12-17 19:09:49;625035bee612a77bf7ffb15a;7.99;1.0;PAPEL TOALHA SNOB BRANCA PC 60 FLS 2X1;6250495fc964400e87768bde
640bd09fcd721210680e34b5;2022-11-13 09:28:24;625035bee612a77bf7ffb15a;1.99;1.0;CREME CULINARIO DAMARE TP 200G;62a72ead4b8af94c1fdd4fbd
640bd22dcaf4671400ee7587;2022-11-15 12:13:38;625035bee612a77bf7ffb15a;3.49;1.0;MISTURA DE CREME DE LEITE NESTLE TP 200G;62b5899187704c5cd706169c
640bd3e1b88fc017e022a534;2022-11-17 20:33:18;625035bee612a77bf7ffb15a;15.99;1.0;VINHO BR QUINTA DO MORGADO TINTO SUAVE GF 750ML;62504960a07bb80e87212f69
640be5934552ae4ae91d6c9d;2022-12-06 19:57:36;625035bee612a77bf7ffb15a;3.99;1.0;CHOCOLATE WAFER RICHESTER AMORI CHOCOWAFER BRANCO SC 100,8G;6250496b21f9240e8769ee32
640bd5c609c4f920d09ff458;2022-11-19 10:36:51;625035bee612a77bf7ffb15a;32.99;0.49;LINGUICA SEARA CALABRESA KG;6250495ac47cf20e87b1aed2
640bfadccf850005b6bfaea2;2022-12-30 12:17:57;625035bee612a77bf7ffb15a;3.49;1.0;CAVALINHA NATUVIDA SC 15G;62504966d8e73b0e877cca1f
640c0b9ea8ffea408756af22;2023-01-18 14:17:46;625035bee612a77bf7ffb15a;10.99;1.792;PEITO DE FRANGO CONGELADO PECA KG;6250495a3c512a0e87de73d8
640be7100e4bbf4f1614bffa;2022-12-08 09:04:38;625035bee612a77bf7ffb15a;2.99;1.0;PRENDEDOR DE ROUPA PARANA BAMBU SC 10X1;625049623794db0e870f2596
640be800b1c31751a4bde2ae;2022-12-09 19:54:01;625035bee612a77bf7ffb15a;5.49;1.0;FARINHA LACTEA NESTLE TRADICIONAL SC 160G;6325b0b20623f13c0173d55a
640bf4264a457b72a4a87b30;2022-12-23 14:24:31;625035bee612a77bf7ffb15a;1.49;1.0;LAVA LOUCAS LIMPA FACIL LIMAO GF 500ML;62504980d163640e873d0be6
640bd5db4a645220d0c7443a;2022-11-19 18:20:33;625035bee612a77bf7ffb15a;5.99;1.0;CREME DENTAL COLGATE MAX PROT ANTICARIES CX 180G;6250495da42bc80e879d0dea
640be9dba2f30056c31dbd9e;2022-12-11 13:01:13;625035bee612a77bf7ffb15a;8.99;1.0;AMEIXA FRESCA IMPORTADA BDJ 500G;631487578103696403beda82
640bd160b9e396120c4056c8;2022-11-14 12:38:23;625035bee612a77bf7ffb15a;10.99;1.0;ODORIZADOR AEROSOL LADY PRIME TOQUE DE PRIMAVERA 360ML;62a72ec4d707654c1fbfc104
640be58d0731814ae99e93ec;2022-12-06 18:39:41;625035bee612a77bf7ffb15a;9.69;1.0;CAFE SANTA CLARA VACUO CLASSICO SC 250G;6250495c0c5f5a0e87225b83
640c14a3265d5e1d7ed32b68;2023-01-28 09:54:31;625035bee612a77bf7ffb15a;2.49;1.0;PEDRA SANITARIA DIA A DIA LAVANDA CX 25G;6250495f0134c60e8773f7ae
640c094e0cb2132d8e925e3c;2023-01-15 11:19:03;625035bee612a77bf7ffb15a;29.99;1.0;LEITE EM PO NESTLE NINHO INTEGRAL SC 750G;6250496af0c4a40e874cfe62
640c1651a8edaf280418078d;2023-01-30 18:09:42;625035bee612a77bf7ffb15a;7.79;1.0;CAFE SANTA CLARA VACUO CLASSICO SC 250G;6250495c0c5f5a0e87225b83
640c008a96aff3151f963abc;2023-01-05 17:59:08;625035bee612a77bf7ffb15a;1.59;1.0;MOLHO DE TOMATE FUGINI TRADICIONAL SC 300G;6250495ebd89cf0e879d957e
640bfc8e6da0f6098fde1ee4;2022-12-31 20:18:39;625035bee612a77bf7ffb15a;3.99;1.0;CREME DE LEITE ITAMBE TRAD TP 200G;6250495d17bf250e8794d585
640bdafde102272f1dc0239e;2022-11-25 17:36:03;625035bee612a77bf7ffb15a;16.99;1.0;MINGAU NESTLE MUCILON ARROZ E AVEIA SC 600G;6250495e281f4a0e877c6212
640bd31b8c182615feed6528;2022-11-16 21:59:51;625035bee612a77bf7ffb15a;12.99;1.0;SABAO EM PO MINUANO MAXIMO CUIDADO SC 1,6KG;633ec5586b7e66557746a15e
640bf9b5759dbe02b1924bbe;2022-12-29 14:22:16;625035bee612a77bf7ffb15a;15.99;0.962;CARRE SUINO CONGELADO KG;6250495b8843fc0e87aeba73
640bc75ceebf956d80c50375;2022-11-02 18:10:31;625035bee612a77bf7ffb15a;22.99;1.0;ESCOVA DENTAL ORAL B SENSITIVE EXTRA MACIA 2X1 + FIO DENTAL;6250496d8b1c350e871d9cfa
640bdaf579ef932f1d139097;2022-11-25 16:08:26;625035bee612a77bf7ffb15a;5.69;1.0;BEBIDA LACTEA NESTLE CHAMYTO MORAN + CEREAL COLOR BDJ 130G;625049641f9a040e87c37e1a
640be12bc135024071b8b729;2022-12-01 19:04:56;625035bee612a77bf7ffb15a;6.49;1.0;HASTES FLEXIVEIS JOHNSONS COTONETES CX 75X1;6250495e172f140e8787ac57
640bd76bb73c0b25fd7af3a7;2022-11-21 12:12:10;625035bee612a77bf7ffb15a;14.99;0.465;CEBOLA BRANCA KG;6250495bad4f820e87177f0e
640bf42080294872a4edd852;2022-12-23 11:49:44;625035bee612a77bf7ffb15a;1.79;1.0;BISCOITO RECHEADO RICHESTER ESCURETO PC 71,2G;62a72ebb8f703e4c1fe07daf
640be9dd47dffc56c3931bac;2022-12-11 13:47:21;625035bee612a77bf7ffb15a;3.69;1.0;ACUCAR CRISTAL SAMUKA SC 1KG;62504970a1b4990e87d991a8
640c042ffd8c6a1f418dc9dd;2023-01-09 18:21:24;625035bee612a77bf7ffb15a;10.49;1.0;MARGARINA QUALY ORIGINAL COM SAL PT 500G;6250495e68ec9e0e87766bf1
640bea92e1dd0d593e466365;2022-12-12 18:04:40;625035bee612a77bf7ffb15a;6.49;1.0;BISCOITO CREAM CRACKER RICHESTER SUPERIORE ORIGINAL PC 350G;62504970bf71320e8798bd00
640beeea879ef564a7f58bb0;2022-12-17 14:57:08;625035bee612a77bf7ffb15a;2.69;1.0;CREME DE LEITE BETANIA UHT SUPER CREMOSO TRAD TP 200G;6250495d3da6c10e872edeca
640c01762ca18617ef39242a;2023-01-06 13:19:58;625035bee612a77bf7ffb15a;9.99;1.0;MISTURA PARA BOLO DONA BENTA CHOCOLATE SC 450G;625049622da7f90e87245f2c
640c10fb724e4a0563970ae5;2023-01-24 17:50:26;625035bee612a77bf7ffb15a;14.99;2.65;CORTE DE FRANGO TICA DO FRANGO COXA COM SOBRECOXA KG;6250495be3485e0e871c475b
640c0d59ecdd5c6ca4d6e4e5;2023-01-20 09:30:00;625035bee612a77bf7ffb15a;2.69;20.0;CHOCOLATE EM BARRA NESTLE KIT KAT ORIGINAL SC 41,5G;62504962c8c4610e875fa485
640beced1d73f95f7affa609;2022-12-15 18:50:29;625035bee612a77bf7ffb15a;1.59;1.0;MOLHO DE TOMATE FUGINI PENEIRADO SC 300G;62a72e47e21d7e4c1fe7eb41
640bfebe0aa2000ff5d04035;2023-01-03 14:34:06;625035bee612a77bf7ffb15a;56.99;0.194;QUEIJO MUSSARELA ISIS FATIADO KG;6250495b6259840e8777819e
640bf30f61efc06faba7337b;2022-12-22 13:46:34;625035bee612a77bf7ffb15a;19.99;0.51;SALSICHA PERDIGAO KG ;6250495bf297ab0e8796dc93
640be8e97d3a4a548ace9cf0;2022-12-10 08:09:02;625035bee612a77bf7ffb15a;4.69;1.0;ARROZ PARBOILIZADO URBANO SC 1KG;625049634fc1a30e8753f662
640c01786ccd1817ef9d05d9;2023-01-06 13:49:39;625035bee612a77bf7ffb15a;1.29;1.0;BALA DORI GOMETS FRUTAS SC 32G;6250495e40132a0e877fa951
640c0e778e17787cb5d9ed2d;2023-01-21 08:23:25;625035bee612a77bf7ffb15a;8.99;1.204;FRANGO TICA DO FRANGO KG;6250497d50aee20e874c9726
640befcb9889b4669bef876f;2022-12-18 11:50:37;625035bee612a77bf7ffb15a;2.29;1.0;BARRA DE CEREAL RITTER BROWNIE COM CHOCOLATE SC 25G;6250495cbbd8380e87226785
640bcd3994d577016f5214fe;2022-11-09 10:11:34;625035bee612a77bf7ffb15a;2.29;1.0;FARINHA DE MILHO VITAMILHO FLOCAO TRADICIONAL SC 500G;62504970fa017c0e87a897a0
640be7223ed92e4f1661c339;2022-12-08 20:43:12;625035bee612a77bf7ffb15a;5.99;1.0;SALGADINHO ELMA CHIPS CEBOLITOS SC 60G;625049686280fd0e87d007eb
640bea86d8fe2e593e2d82bd;2022-12-12 10:23:57;625035bee612a77bf7ffb15a;2.89;1.0;LAVA LOUCAS BOMBRIL LIMPOL MACA GF 500ML;6250497efe28a40e876b2646
640bded2b24cdf3a3b427977;2022-11-28 20:00:34;625035bee612a77bf7ffb15a;3.99;0.786;BATATA INGLESA KG;6250495b468da50e87b28476
640be716259e694f16994b8f;2022-12-08 12:33:52;625035bee612a77bf7ffb15a;3.69;1.0;MACARRAO ESTRELA SEMOLA GOSTOSO ESPAGUETE SC 400G;6250497039edf50e87b3af43
640beddbe15e4c61d5406316;2022-12-16 18:25:59;625035bee612a77bf7ffb15a;16.99;1.0;GRANOLA KOBBER LIGHT CACAU SC 250G;6250495e64eb840e8726afde
640be4a58f07df48ad237db6;2022-12-05 07:02:01;625035bee612a77bf7ffb15a;7.99;18.0;CAFE PILAO TRADICIONAL VACUO SC 250G;6250495cfd01b60e878e2767
640bcdea7c23f603b195e435;2022-11-10 11:33:48;625035bee612a77bf7ffb15a;19.99;1.0;PROTETOR DIARIO ALWAYS C PERFUME SC 80X1;6250496f7a796a0e8743b989
640c0952f7cf982d8e360557;2023-01-15 12:36:49;625035bee612a77bf7ffb15a;6.99;1.0;FARINHA DE TRIGO DONA BENTA COM FERMENTO SC 1KG;625049636768d60e8761e8d1
640bd5d5357e0c20d01889d7;2022-11-19 16:54:49;625035bee612a77bf7ffb15a;7.29;1.0;REFRIGERANTE COCA COLA GF 2LT;6250495f009be40e87ae07ca
640bf6c78a382779b7227cc0;2022-12-26 08:46:56;625035bee612a77bf7ffb15a;14.99;0.194;PAO  KG;6250495a0a398c0e87675e61
640be656918a684cc092b695;2022-12-07 17:03:44;625035bee612a77bf7ffb15a;1.29;1.0;COLORIFICO EM PO KIMIMO SC 100G;6250495d2bcd330e87c67fde
640bd6ad2a599b240ad7e0b0;2022-11-20 07:30:22;625035bee612a77bf7ffb15a;5.29;1.0;POLPA DE FRUTA KIPOLPAS CAJA UMBU SC 500G ;6250495fd5d6a10e87f3eb50
640c08736f272c2b8f0060c4;2023-01-14 12:20:13;625035bee612a77bf7ffb15a;1.19;5.0;BISCOITO WAFER RICHESTER ANIMADOS ZOO CHOCOLATE PC 30G;6250495cf13de40e87db2922
640beef6b5c7cc64a7f1732a;2022-12-17 18:43:20;625035bee612a77bf7ffb15a;4.99;2.0;MACARRAO RICHESTER SPAGHETTI SEMOLA SC 500G;625049701150790e87b07905
640bf7ab96a72f7c1097ae3d;2022-12-27 18:32:05;625035bee612a77bf7ffb15a;3.99;1.0;UVA CAPPELLARO KIDS 250G;62c9130bd2057e2932bf2ff6
640c0a1309b5032fbc435a72;2023-01-16 21:08:25;625035bee612a77bf7ffb15a;3.49;1.0;SALGADINHO ELMA CHIPS FANDANGOS QUEIJO SC 45G;625049685e7b180e87da45a3
640c07810448ea28911e511c;2023-01-13 19:28:38;625035bee612a77bf7ffb15a;11.99;1.0;EMPANADO SEARA TEKITOS CARNE DE FRANGO CX 300G;62504960bf7e620e87c41bb0
640becea3d88a05f7a8d6a9d;2022-12-15 17:50:41;625035bee612a77bf7ffb15a;1.59;4.0;HAMBURGUER AURORA FAROESTE BURGER CHURRASCO SC 56G;6250496f73288f0e87b6be62
640bf096b8b02468aa667116;2022-12-19 20:43:14;625035bee612a77bf7ffb15a;2.39;1.0;MACARRAO INSTANTANEO NISSIN MIOJO CAMARAO COM ALHO SC 85G;62504966c2a2390e87cd353a
640bd8d636860429b815d665;2022-11-23 11:09:03;625035bee612a77bf7ffb15a;2.49;2.0;CHOCOLATE EM BARRA SNICKERS SC 45G;62504965ccf01a0e87050a4a
640c0f6fea6f457f6b53c31b;2023-01-22 11:45:31;625035bee612a77bf7ffb15a;29.99;1.0;LEITE EM PO ITAMBE INTEGRAL SC 1KG;6250495ef1f7de0e8736ffdd
640bca3ea63213780792dff6;2022-11-05 17:29:18;625035bee612a77bf7ffb15a;1.99;1.0;POLIDOR DE ALUMINIO LIMPA FACIL MACA GF 500ML;6250495fa44fb50e87e4788d
640bd8e30eadef29b8f6d4c1;2022-11-23 21:53:52;625035bee612a77bf7ffb15a;2.49;1.0;ALFACE UN;6250497d03a3700e87f8db5b
640bf14b2e22286affa222dc;2022-12-20 08:49:27;625035bee612a77bf7ffb15a;27.49;4.162;AVE PERDIGAO CHESTER TEMP TRAD KG   ;637fa37af93c1f0d789d2dc2
640c0b9588293340876124d7;2023-01-18 09:45:33;625035bee612a77bf7ffb15a;1.29;1.0;GRAFITE LEO E LEO 0,7MM CX 12X1;625049616210890e871447e8
640bd7739f526425fd10f8bb;2022-11-21 18:07:32;625035bee612a77bf7ffb15a;5.49;1.0;LEITE UHT ELEGE DESNATADO TP 1LT;6250495e5b328d0e875c3049
640bea86dea3a6593e4f3ddf;2022-12-12 10:16:09;625035bee612a77bf7ffb15a;52.99;0.21;QUEIJO COALHO NILTON FATIADO KG;6250495b3317f00e87de6509
640bf148582bdd6aff842a71;2022-12-20 07:37:08;625035bee612a77bf7ffb15a;0.99;1.0;ESPONJA BETTANIN BRILHUS MULTIUSO DUPLA FACE SC;6250495d14297a0e8766eeae
640bedcc270c9661d512ca21;2022-12-16 11:42:39;625035bee612a77bf7ffb15a;4.49;1.0;OVOS SAO JOSE VERMELHO GRANDE BDJ 6X1 ;6347d338021fc1756e705add
640beef513be6364a7da22fd;2022-12-17 18:25:57;625035bee612a77bf7ffb15a;1.99;1.0;PEDRA SANITARIA SANY EUCALIPTO CX 25G;6250496a01c05e0e87808f72
640bd4b655037a1bb0750d44;2022-11-18 15:33:47;625035bee612a77bf7ffb15a;4.39;3.0;ACUCAR CRISTAL SAMUKA SC 1KG;62504970a1b4990e87d991a8
640bcfc0c625fe0b9097f45a;2022-11-12 12:41:37;625035bee612a77bf7ffb15a;8.99;0.46;MACA NACIONAL KG;6250495bf443ab0e8763f185
640bec0b0ec7d75d40e5b5e5;2022-12-14 09:27:45;625035bee612a77bf7ffb15a;4.29;2.0;ACUCAR CRISTAL SAMUKA SC 1KG;62504970a1b4990e87d991a8
640bf9bbf6dd3202b14c3ddd;2022-12-29 16:23:55;625035bee612a77bf7ffb15a;4.19;2.0;AGUA DE COCO AQUA COCO RESFRIADA CP 290ML;6250495b9163270e873785ea
640c11bdbbdfe6087f1edd4c;2023-01-25 10:50:28;625035bee612a77bf7ffb15a;8.99;0.185;TOMATE KG;6250495befd4f30e8754e347
640be64fc8a9174cc004c389;2022-12-07 10:36:22;625035bee612a77bf7ffb15a;3.49;1.0;EXTRATO DE ALHO FOLHA VERDE TRADICIONAL GF 500ML;62a741e1af6688713deeba63
640bf218a6fc296cec58286e;2022-12-21 09:10:49;625035bee612a77bf7ffb15a;3.49;1.0;CALDO EM TABLET ARISCO GALINHA CX 114G 12X1;6250495c6e43120e8767a4a3
640bd236a3907b14007ec26e;2022-11-15 18:03:58;625035bee612a77bf7ffb15a;6.49;1.0;BISCOITO ROSQUINHA ESTRELA CHOCOLATE PC 400G;6250495cdb27450e87938d7d
640bcdeb991c7303b145a375;2022-11-10 12:16:04;625035bee612a77bf7ffb15a;3.99;1.0;COCO ISIS RALADO DESIDRATADO SC 50G;6250496795b88e0e87074db8
640c10fee7b26c0563eaae18;2023-01-24 18:47:35;625035bee612a77bf7ffb15a;4.29;1.0;SABONETE PROTEX OMEGA 3 SC 85G;62504963eca3520e876ebfc6
640c04fdd4d8322178e93745;2023-01-10 17:19:30;625035bee612a77bf7ffb15a;4.89;0.035;BATATA DOCE KG;6250495b20af2b0e87f023e6
640bd8d506d9f929b80197bd;2022-11-23 10:34:07;625035bee612a77bf7ffb15a;4.99;1.0;BISCOITO CRACKER PIRAQUE SALGADO ORIGINAL PC 138G;6250496b7579170e8758dc6c
640c0278b2bd631a5b755973;2023-01-07 09:20:20;625035bee612a77bf7ffb15a;3.59;6.0;ACUCAR CRISTAL SAMUKA SC 1KG;62504970a1b4990e87d991a8
640bcd35c65945016f8491f6;2022-11-09 07:31:42;625035bee612a77bf7ffb15a;2.39;1.0;MACARRAO INSTANTANEO NISSIN MIOJO CARNE SC 85G;6250497098139f0e87d95278
640bf7a35e41707c10ed9144;2022-12-27 15:19:07;625035bee612a77bf7ffb15a;9.99;1.0;BATATA FRITA PRINGLES QUEIJO PT 120G;62504966f892e80e8782fb6e
640bd5be0e3f2b20d0bcd4ff;2022-11-19 08:28:21;625035bee612a77bf7ffb15a;27.99;0.182;PRESUNTO SADIA PERU FATIADO KG;6250495b6e1edb0e871d11d9
640bf31a3c1ec26fabc5c824;2022-12-22 18:25:02;625035bee612a77bf7ffb15a;5.79;1.0;FARINHA DE MANDIOCA GOSTOZZO AMARELA SC 1KG;625049704975710e87c98fc5
640beedaaecb8864a7a6a2f8;2022-12-17 09:17:25;625035bee612a77bf7ffb15a;5.49;1.0;PAO RABELO LEITE PC 350G;6250495f3989900e87fb65d4
640c1034bd486c02a9d34656;2023-01-23 18:58:03;625035bee612a77bf7ffb15a;3.69;1.0;BOLACHA KIPAO FOLHADA PC 200G;6250497f053dd60e873b75e1
640beee631d2b464a754be80;2022-12-17 13:07:17;625035bee612a77bf7ffb15a;11.99;1.0;ALVEJANTE VANISH S CLORO MULTIUSO SC 500ML;6250495b0c25070e873a6718
640bc835e64cc07293521fa2;2022-11-03 09:19:21;625035bee612a77bf7ffb15a;45.99;1.0;LEITE EM PO NESTLE NINHO FASES 1+ SC 800G;6250495e259d9e0e87fc3dbe
640c035fae7a201cf814ecf0;2023-01-08 09:43:09;625035bee612a77bf7ffb15a;3.99;1.0;BISCOITO COOKIES BAUDUCCO CHOCOLATE PC 60G;625049644b78fb0e872dd6ff
640bddeb33eaf73782baefb5;2022-11-27 11:26:26;625035bee612a77bf7ffb15a;8.99;1.0;DESODORANTE AEROSOL ABOVE WOMEN LADY 48H 150ML;6250496395b5890e876050dd
640bdebfdf969a3a3b97f401;2022-11-28 08:27:50;625035bee612a77bf7ffb15a;14.99;0.355;MACA NACIONAL KG;6250495bf443ab0e8763f185
640bdb10f9edf52f1d0b8331;2022-11-25 20:31:32;625035bee612a77bf7ffb15a;5.49;6.0;REFRIGERANTE PEPSI COLA GF 2LT;6250495f1a26830e87a378fa
640c149edc16521d7e2fb46c;2023-01-28 08:46:39;625035bee612a77bf7ffb15a;2.59;4.0;CERVEJA PETRA ORIGEM PURO MALTE LA 350ML;625049633275f10e87bdbee9
640c0778adc5d228915ccc67;2023-01-13 16:59:54;625035bee612a77bf7ffb15a;1.99;2.0;LAVA LOUCAS MINUANO NEUTRO GF 500ML;6250495d42c1320e87588ff6
640c0ad907290031f8b12ae8;2023-01-17 18:36:46;625035bee612a77bf7ffb15a;21.99;1.0;SABONETE LIQUIDO GRANADO BEBE ERVA DOCE SC 250ML;625049615c29250e87d464ca
640be9d45a7a0756c34df196;2022-12-11 11:00:26;625035bee612a77bf7ffb15a;5.99;1.645;MANGA COITE KG;6250495b9743500e87c00be9
640bcd46303dc5016f347a2e;2022-11-09 19:25:49;625035bee612a77bf7ffb15a;2.49;1.0;ALFACE UN;6250497d03a3700e87f8db5b
640bffa26c7134127195e7e3;2023-01-04 10:48:02;625035bee612a77bf7ffb15a;12.99;1.0;SABAO EM PO MINUANO MAXIMA PERFUMACAO SC 1,6KG;637fa3de17f99e0d7887577f
640be5819d352f4ae9f035be;2022-12-06 11:50:31;625035bee612a77bf7ffb15a;2.19;1.0;BISCOITO WAFER RICHESTER AMORI MORANGO PC 80G;6250496faddc7c0e87584185
640bd4b5980cb71bb03b3555;2022-11-18 14:39:56;625035bee612a77bf7ffb15a;1.99;4.0;SALGADINHO DELICITOS PIZZA SC 50G;6250495fe6b19e0e87b458af
640bfece87f8870ff574b3fe;2023-01-03 19:36:59;625035bee612a77bf7ffb15a;6.99;1.0;CHIPS DE BATATA FRONTERA SAL MARINHO PC 40G;637fa3818fb6200d78c08600
640bddec75add037820f3bba;2022-11-27 11:40:04;625035bee612a77bf7ffb15a;3.99;1.0;BISCOITO RECHEADO OREO BAUNILHA PC 90G;6250495cd75aa00e8777770a
640c0a10d557122fbc8fc96c;2023-01-16 19:57:22;625035bee612a77bf7ffb15a;3.49;1.0;CALDO EM TABLET ARISCO GALINHA CX 114G 12X1;6250495c6e43120e8767a4a3
640bf42bea8de172a44c3eee;2022-12-23 16:31:21;625035bee612a77bf7ffb15a;5.99;1.025;TOMATE KG;6250495befd4f30e8754e347
640be212d64ed6429079b393;2022-12-02 18:52:53;625035bee612a77bf7ffb15a;1.99;1.0;TEMPERO EM PO DONA CLARA MISTO SEM COMINHO SC 100G;625049603045ed0e87a3156b
640be1f9ea45c84290c1b0f3;2022-12-02 07:41:53;625035bee612a77bf7ffb15a;1.29;1.0;COLORIFICO EM PO DONA CLARA SC 100G;6250495de84d470e873908ef
640c007acb2c6d151ff00317;2023-01-05 09:26:39;625035bee612a77bf7ffb15a;19.99;1.0;SABAO LIQUIDO LIMPEBEM 4 ESTACOES OUTONO MARINHO GF 5LT;630f3b97eac0e541158672a4
640bea8ba1c435593ebbb8a5;2022-12-12 14:14:23;625035bee612a77bf7ffb15a;20.99;1.0;MOLHO PRONTO HEMMER CHUTNEY DE MANGA PT 210G;62504969bbff050e87b98290
640bd9a195dedb2bb148496f;2022-11-24 20:52:47;625035bee612a77bf7ffb15a;2.69;12.0;CERVEJA SKOL PILSEN LA 350ML;6250495caa52400e87cde4db
640c0a089a79662fbcf9645b;2023-01-16 17:14:19;625035bee612a77bf7ffb15a;9.99;1.0;MANTEIGA FP LATICINIO COM SAL PT 200G;6250498165d65f0e874be56f
640bdf91fa54143c2bdec377;2022-11-29 17:25:28;625035bee612a77bf7ffb15a;2.99;1.0;BISCOITO RECHEADO RICHESTER ANIMADOS ZOO COBERTURA PC 40G;6250495c92ebc10e87de37a0
640beb4ad251275b75e30e8b;2022-12-13 08:29:34;625035bee612a77bf7ffb15a;6.99;1.0;PAO RABELO FORMA INTEGRAL PC 400G;6250495f9c935c0e87669d3b
640bc64eafbd8a69254bf28e;2022-11-01 07:41:45;625035bee612a77bf7ffb15a;5.49;1.0;BISCOITO CREAM CRACKER FORTALEZA LEGITIMO PC 350G;625049702e1bf90e87c8dfd2
640c1289f93b6f0d5ebb6553;2023-01-26 18:36:52;625035bee612a77bf7ffb15a;2.99;1.0;CHEIRO VERDE UN;6250495bc94d120e87cc3181
640be306b50458448e4f4d23;2022-12-03 08:32:43;625035bee612a77bf7ffb15a;4.39;1.0;ACUCAR CRISTAL ITAJA SC 1KG;6351745abf4c3e2794a07608
640be8007eba1051a47218c8;2022-12-09 20:03:12;625035bee612a77bf7ffb15a;11.99;0.315;MARACUJA KG;6250495bb97d4b0e8731ec01
640c0171cae1fb17efb6617c;2023-01-06 10:49:54;625035bee612a77bf7ffb15a;8.99;1.0;ODORIZADOR AEROSOL LADY PRIME RESERVADO 360ML;62a72ec39ff6bc4c1f8884d2
640be8fa9dd0d0548a7f19b4;2022-12-10 14:21:56;625035bee612a77bf7ffb15a;15.99;1.0;MARGARINA DORIANA COM SAL PT 1KG;639960ddeb7ff66a51bd7418
640bf157b7c0f46aff940608;2022-12-20 17:30:18;625035bee612a77bf7ffb15a;7.99;1.0;PAPEL HIGIENICO MIMMO FOLHA TRIPLA NEUTRO PC 20MT 4X1;6333f069ae5e04180a033a45
640bedc2d1825261d56f8859;2022-12-16 07:36:31;625035bee612a77bf7ffb15a;6.99;0.915;MAMAO FORMOSA KG;6250495b1a363f0e870bb47d
640bf320edf2a26fabc516e8;2022-12-22 19:51:00;625035bee612a77bf7ffb15a;18.99;0.385;ALHO A GRANEL KG ;6250495b8e39270e87dd3afb
640befbc4e7296669b4f6869;2022-12-18 08:28:16;625035bee612a77bf7ffb15a;6.99;1.0;SALGADO  COXINHA DE FRANGO;6250495a4795a50e87293b02
640bfdc556ddb30d6baa78df;2023-01-02 08:32:46;625035bee612a77bf7ffb15a;12.99;1.0;ALMONDEGAS BORDON AO MOLHO LA 420G;6250495b64bcdc0e879ab803
640bec144934b35d4082e24f;2022-12-14 15:50:12;625035bee612a77bf7ffb15a;23.9;0.114;PRESUNTO SEARA PERU FATIADO KG;6250495a1f3ebe0e87438c79
640bdf91a0bb6a3c2b563a2f;2022-11-29 17:00:37;625035bee612a77bf7ffb15a;14.99;0.715;MACA NACIONAL KG;6250495bf443ab0e8763f185
640bcec8ebdcad064ec7f69f;2022-11-11 18:19:10;625035bee612a77bf7ffb15a;3.39;1.0;ACUCAR CRISTAL SAMUKA SC 1KG;62504970a1b4990e87d991a8
640c0baae3bb7d4087fc2381;2023-01-18 18:53:50;625035bee612a77bf7ffb15a;3.99;1.55;LARANJA KG;6250495b10dcbf0e87d93203
640bf9cac565d902b11e5816;2022-12-29 19:52:22;625035bee612a77bf7ffb15a;4.49;1.0;CREME DENTAL COLGATE T ACAO MENTA ORIGINAL CX 90G;6250495dad834f0e877a9f9f
640c149e22054f1d7eb69256;2023-01-28 08:46:44;625035bee612a77bf7ffb15a;14.99;1.0;OVOS CAIPIRA RIO PALHANO BDJ 15X1;6325b0b15286e83c01c8ef51
640be590929ac14ae96e71e0;2022-12-06 19:23:54;625035bee612a77bf7ffb15a;1.59;1.0;SALGADINHO DELICITOS CHURRASCO SC 50G;6250495fdcdb180e87e3abe7
640c07764935f128914eb8ef;2023-01-13 15:31:26;625035bee612a77bf7ffb15a;4.39;2.0;ARROZ BRANCO ITAGUARY SC 1KG;63517457f6e9242794bc80ee
640bf43c14a9f872a424c132;2022-12-23 20:20:13;625035bee612a77bf7ffb15a;3.99;1.0;APARELHO DE BARBEAR BIC ACQUA3 CR 2X1;6250495bd2ef350e873109f4
640bcdf7f2fb3a03b1fe5203;2022-11-10 21:01:27;625035bee612a77bf7ffb15a;8.99;1.0;DESODORANTE AEROSOL ABOVE WOMEN FRESH 48H 150ML;62504963ebcb1b0e87581a1b
640bdf8a3b50363c2b50a7bf;2022-11-29 10:31:01;625035bee612a77bf7ffb15a;4.49;1.0;TEMPERO EM PO SAZON MASSAS SC 60G 12X1;625049605ca62c0e87e12077
640bf9aed0130102b11994a1;2022-12-29 11:23:13;625035bee612a77bf7ffb15a;1.99;1.0;PEDRA SANITARIA SANY LAVANDA CX 25G;6250496ac8a9950e87e947c0
640bf6ccb6d0ee79b7388094;2022-12-26 11:15:32;625035bee612a77bf7ffb15a;12.99;1.0;PAO VISCONTI INTEGRAL FORMA PC 400G;62504965bb84ae0e879fac72
640beb4e4039495b75b71620;2022-12-13 10:28:36;625035bee612a77bf7ffb15a;5.99;0.565;MANGA COITE KG;6250495b9743500e87c00be9
640be71a53fadb4f16928110;2022-12-08 17:07:52;625035bee612a77bf7ffb15a;14.99;0.38;CEBOLA BRANCA KG;6250495bad4f820e87177f0e
640bc910c654e97590d96767;2022-11-04 09:24:28;625035bee612a77bf7ffb15a;1.59;1.0;SAL SOSAL MARINHO REFINADO EXTRA IODADO SC 1KG;62504961d5592c0e872fd7c1
640be4abd3fa2f48ad8835d4;2022-12-05 10:25:42;625035bee612a77bf7ffb15a;3.89;1.095;BATATA INGLESA KG;6250495b468da50e87b28476
640bf9c3b2d99702b18d67c4;2022-12-29 18:13:50;625035bee612a77bf7ffb15a;3.49;1.0;SALGADINHO ELMA CHIPS FANDANGOS QUEIJO SC 45G;625049685e7b180e87da45a3
640bf6ccee567279b70df168;2022-12-26 11:07:16;625035bee612a77bf7ffb15a;3.99;1.0;DUETO FUGINI MILHO VERDE E ERVILHA EM CONSERVA SC 170G;6250496da569650e8726feed
640bc83db8c04172937af828;2022-11-03 16:35:04;625035bee612a77bf7ffb15a;5.99;2.0;FEIJAO PRETO GOSTOZZO SC 1KG;625049700584b10e87c343a3
640bffa86f170f127122294f;2023-01-04 14:08:03;625035bee612a77bf7ffb15a;14.99;0.11;CEBOLA BRANCA KG;6250495bad4f820e87177f0e
640bd6b4c0c697240a1a2dee;2022-11-20 09:24:48;625035bee612a77bf7ffb15a;7.29;1.0;REFRIGERANTE COCA COLA GF 2LT;6250495f009be40e87ae07ca
640bdf90dc4f0b3c2b9847c5;2022-11-29 16:33:18;625035bee612a77bf7ffb15a;14.99;0.242;PAO  KG;6250495a0a398c0e87675e61
640bc90c5291d575903d132b;2022-11-04 07:58:55;625035bee612a77bf7ffb15a;22.99;1.0;SALGADINHO SUCRE COXINHAS DE CARNE DE SOL SC 375G;625049806552530e87341480
640c077bb8b3d12891f575fe;2023-01-13 18:00:44;625035bee612a77bf7ffb15a;10.99;1.0;OVOS EMAPE BRANCO EXTRA BDJ 20X1;6250496d2005170e878367c4
640c127cf478c70d5e2fd06b;2023-01-26 10:46:41;625035bee612a77bf7ffb15a;3.99;1.0;AGUA SANITARIA LIMPA FACIL GF 2LT;6250496424a6070e87955f07
640bdc96f8c69d33ef8e9b0a;2022-11-26 11:32:24;625035bee612a77bf7ffb15a;30.99;1.072;PATINHO BOVINO KG;6250495b1f2b220e877904f0
640c14caadef581d7e11133b;2023-01-28 19:10:06;625035bee612a77bf7ffb15a;6.99;1.0;DESODORANTE AEROSOL MONANGE INVISIVEL 48H 150ML;62504962b192310e87df6e15
640bcd421c46d5016faf1dc1;2022-11-09 18:05:49;625035bee612a77bf7ffb15a;3.49;0.235;CENOURA KG;6250495bc359040e870e593b
640bceb5e3a41c064ec717d8;2022-11-11 09:29:06;625035bee612a77bf7ffb15a;5.99;1.0;AMACIANTE DE ROUPAS URCA DILUIDO BRISA DA PRIMAVERA GF 2LT;6250495b3507470e871f5a59
640bfaf368ff9d05b650feb8;2022-12-30 18:48:59;625035bee612a77bf7ffb15a;12.99;0.42;MARACUJA KG;6250495bb97d4b0e8731ec01
640be71f97b6884f1601ae55;2022-12-08 19:29:38;625035bee612a77bf7ffb15a;3.99;3.34;MELAO SAPIER KG;625049700a24000e87725ec2
640bfc68556a4c098f1cbbc0;2022-12-31 12:38:50;625035bee612a77bf7ffb15a;4.19;3.0;POLPA DE FRUTA KIPOLPAS GOIABA SC 500G ;6250495fb25c3c0e8746265f
640bd0a5c10248106893d05c;2022-11-13 10:59:00;625035bee612a77bf7ffb15a;18.99;2.0;CARNE DE CHARQUE MINERVA JERKED DIANTEIRO SC 400G;62504962cb90430e87abc99f
640bd23b1178141400db5af0;2022-11-15 20:12:47;625035bee612a77bf7ffb15a;30.99;1.0;LEITE EM PO ITAMBE INTEGRAL SC 800G;6250495ed9d9a50e873b5c13
640be4aaafb5d748adee068b;2022-12-05 10:12:01;625035bee612a77bf7ffb15a;4.49;1.0;PAO PALITO PANIFICADORA IBICUITINGA PC 350G;6250496df1e0360e875c0a5b
640c14bd15e5801d7ecb1fc1;2023-01-28 16:08:38;625035bee612a77bf7ffb15a;6.49;1.0;REFRIGERANTE ANTARCTICA GUARANA GF 1,5L ;62504964db0f770e8765e936
640be4bda193ff48ad8de7de;2022-12-05 19:41:52;625035bee612a77bf7ffb15a;5.99;1.0;MARGARINA QUALY ORIGINAL COM SAL PT 250G;6250495e382aee0e8762f9b5
640c173ecec6472af4fe226f;2023-01-31 10:54:59;625035bee612a77bf7ffb15a;2.49;1.0;AGUA OXIGENADA ALYNE CREMOSA ESTABILIZADA 40 VOL GF 100ML;6250495be395540e87e73290
640c035c732aca1cf81d2484;2023-01-08 09:11:16;625035bee612a77bf7ffb15a;1.79;1.0;SABONETE ALBANY HOMEM REFRESCANCIA MENTOL SC 85G;62504964f66f880e879dd41d
640be8ec442bcd548a73870b;2022-12-10 09:17:25;625035bee612a77bf7ffb15a;2.49;1.0;SABONETE REXONA ANTIBAC ERVA DOCE SC 84G;636d97d9254154616a1da1c5
640bf220f4ba896cec23f841;2022-12-21 13:16:18;625035bee612a77bf7ffb15a;2.39;2.0;MACARRAO INSTANTANEO NISSIN MIOJO GALINHA CAIPIRA SC 85G;6250495ec30b710e8715fddf
640bcc8cc722ba7ea4104fd5;2022-11-08 20:47:51;625035bee612a77bf7ffb15a;6.0;1.0;PICOLE KIBON CHICABON ORIGINAL SC 62G;6347ceeff92895756e3e38c7
640bd16064287b120c507158;2022-11-14 12:39:59;625035bee612a77bf7ffb15a;17.99;0.978;SOBREPALETA SUINA CONG SEM OSSO KG;6250495a319aeb0e870fd0a0
640c0ba50a1fec4087af7add;2023-01-18 17:35:45;625035bee612a77bf7ffb15a;1.59;1.0;BOLINHO RICHESTER ANIMADOS ZOO CHOCOLATE E MORANGO SC 40G;625049675281200e878e0d54
640bd6bfc550ed240a88efdb;2022-11-20 12:08:23;625035bee612a77bf7ffb15a;1.59;1.0;REFRIGERANTE SPRITE LIMAO GF 250ML;6250497fc311c30e87b404b4
640bf313c0b5146fabed9e73;2022-12-22 16:11:53;625035bee612a77bf7ffb15a;9.99;2.096;FRANGO TICA DO FRANGO KG;6250497d50aee20e874c9726
640bf22758df616ceccaf758;2022-12-21 17:52:39;625035bee612a77bf7ffb15a;6.99;1.0;AGUA MINERAL APODI NATURAL GF 20LT;6250495bb32d540e875df736
640c016c42018f17ef4f4b4a;2023-01-06 09:08:56;625035bee612a77bf7ffb15a;7.99;1.0;ACUCAR MASCAVO ASTER SC LV550G PG500G;6250496815e7450e8703212a
640be7e7ca106c51a44914d9;2022-12-09 07:35:20;625035bee612a77bf7ffb15a;4.49;1.0;AMIDO DE MILHO MAIZENA ORIGINAL CX 200G;6250495b657f510e87df481f
640c173f2ec4932af4115df4;2023-01-31 11:06:29;625035bee612a77bf7ffb15a;36.99;0.93;LINGUICA PERDIGAO CALABRESA KG;6250497d400c600e876b85a1
640c102764d9db02a9b1e683;2023-01-23 11:12:50;625035bee612a77bf7ffb15a;5.49;1.0;TEMPERO EM PO SAZON CARNE SC 60G 12X1;62504960af5a940e875e098a
640be12e10be844071573439;2022-12-01 19:55:26;625035bee612a77bf7ffb15a;4.99;0.34;BATATA INGLESA KG;6250495b468da50e87b28476
640bc91459832175906519a9;2022-11-04 11:29:55;625035bee612a77bf7ffb15a;5.69;1.0;APARELHO DE BARBEAR BIC ACQUA3 CR 2X1;6250495bd2ef350e873109f4
640be04e8c42ad3e55a05774;2022-11-30 11:52:45;625035bee612a77bf7ffb15a;2.99;1.0;TEMPERO BAIANO NATUVIDA SC 50G;6250496861fa520e87ed332b
640c0e80b4c30a7cb538c0de;2023-01-21 10:31:12;625035bee612a77bf7ffb15a;2.99;1.0;CHEIRO VERDE UN;6250495bc94d120e87cc3181
640bcd3b12638e016f961b28;2022-11-09 11:26:22;625035bee612a77bf7ffb15a;1.39;1.0;REFRESCO TANG MANGA SC 18G;632b3d6d5234ce47f503136c
640befc7a2fdec669bd8d017;2022-12-18 10:51:50;625035bee612a77bf7ffb15a;9.99;1.0;BATATA FRITA ELMA CHIPS SENSACOES FRANGO GRELHADO SC 80G;625049694235180e8743c015
640c069a58ac1125ff6e2ad6;2023-01-12 19:06:26;625035bee612a77bf7ffb15a;4.79;1.0;PATE SADIA PEITO DE PERU DEFUMADO SC 100G;62a72e4bd44ffb4c1fb69faa
640bdec11f86ca3a3bfe749c;2022-11-28 09:34:24;625035bee612a77bf7ffb15a;3.49;0.35;TOMATE KG;6250495befd4f30e8754e347
640bfadf8726e805b6b0d57a;2022-12-30 13:18:22;625035bee612a77bf7ffb15a;2.99;1.0;COADOR DE CAFE JFITEX TEXTIL GRANDE SC;6250496261ee5e0e87f42f9b
640bf6dc9d96fb79b724705a;2022-12-26 20:06:06;625035bee612a77bf7ffb15a;24.99;1.0;SABAO EM PO YPE TIXAN MACIEZ SC 1,6KG;62a72ec1f8de124c1f4fa412
640bf3182ee27c6fabafbeb5;2022-12-22 18:03:31;625035bee612a77bf7ffb15a;2.99;1.0;MOLHO DE PIMENTA REGINA GF 150ML;6250496390c8170e87b3f44a
640bca4339a1e67807989b7a;2022-11-05 18:46:06;625035bee612a77bf7ffb15a;6.49;0.84;TOMATE KG;6250495befd4f30e8754e347
640bcd41126e80016f7303a4;2022-11-09 17:40:15;625035bee612a77bf7ffb15a;6.99;1.0;BISCOITO SEQUILHO FORTALEZA LEITE PC 250G;6250496bdef0f40e87fcbfdc
640bfaf42af29e05b6291276;2022-12-30 19:08:25;625035bee612a77bf7ffb15a;1.69;2.0;MACARRAO INSTANTANEO RICHESTER YOI GALINHA CAIPIRA SC 74,3G;62504968a810420e87c992ed
640c0b92050cd14087f1f7fb;2023-01-18 08:15:16;625035bee612a77bf7ffb15a;10.99;2.0;OVOS TIJUCA BRANCO EXTRA BDJ 20X1;62b3049ade566e7c4cd2798d
640bf091a92c9968aae58fe1;2022-12-19 19:24:27;625035bee612a77bf7ffb15a;14.99;0.42;CEBOLA BRANCA KG;6250495bad4f820e87177f0e
640c0e80b754007cb540fca0;2023-01-21 10:37:44;625035bee612a77bf7ffb15a;3.79;3.0;BISCOITO SORTIDO FORTALEZA POPULAR FOFITOS LEITE PC 400G;6250497d35cda90e8738531b
640c041a10884a1f41065274;2023-01-09 09:05:11;625035bee612a77bf7ffb15a;3.49;2.0;BISCOITO CRACKER PIRAQUE SALGADO ORIGINAL PC 138G;6250496b7579170e8758dc6c
640bec1b64439d5d40614e11;2022-12-14 19:03:31;625035bee612a77bf7ffb15a;3.39;1.0;CHEIRO VERDE PROCESSADO SC;6250495b66f1f10e87d6b01a
640bd3e2d1f5bb17e0a52807;2022-11-17 20:57:03;625035bee612a77bf7ffb15a;3.99;1.0;REFRIGERANTE FREVO LIMAO GF 2LT;62f776fffab4e1358a9d3643
640bfae961643605b63df568;2022-12-30 16:33:52;625035bee612a77bf7ffb15a;2.99;1.0;MOLHO DE TOMATE HEINZ TRADICIONAL SC 300G;630df4c40b19bb57363ec4b2
640c0c7147ed8e5f708ad5be;2023-01-19 09:43:37;625035bee612a77bf7ffb15a;2.99;1.0;CHEIRO VERDE UN;6250495bc94d120e87cc3181
640c0d6eea2c9c6ca442c87f;2023-01-20 18:16:35;625035bee612a77bf7ffb15a;26.99;0.466;LINGUICA PERDIGAO CALABRESA KG;6250497d400c600e876b85a1
640bedd048ebff61d5a70cdc;2022-12-16 13:35:26;625035bee612a77bf7ffb15a;3.99;1.0;BISCOITO RECHEADO RICHESTER ANIMADOS ZOO COBERTURA PC 40G;6250495c92ebc10e87de37a0
640be722da733e4f1659e2f9;2022-12-08 20:42:05;625035bee612a77bf7ffb15a;3.89;1.06;BANANA PRATA KG;6250495b591e3e0e87d73d29
640bdb0fddd1412f1db071ef;2022-11-25 20:17:16;625035bee612a77bf7ffb15a;1.95;5.0;LAVA LOUCAS YPE NEUTRO GF 500ML;6250495d6aa3350e8788d912
640be9dbe9967156c3c0a596;2022-12-11 13:05:01;625035bee612a77bf7ffb15a;4.29;1.0;BEBIDA LACTEA BETANIA POL MORAN BDJ 540G 6X1;6250495e38894c0e8795cac9
640bcc83a7a0bd7ea4ed1a7a;2022-11-08 16:52:22;625035bee612a77bf7ffb15a;1.49;4.0;PASTILHA GAROTO HORTELA 17G;6250495f9fd9a60e87f73e35
640bd4b5cd5b4b1bb071ab63;2022-11-18 14:26:45;625035bee612a77bf7ffb15a;14.99;1.0;AGUA DE COCO KERO COCO TP 1LT;62504980360a490e87f89442
640be04d14f32f3e55a04515;2022-11-30 10:54:38;625035bee612a77bf7ffb15a;16.99;1.0;AZEITE DE OLIVA GALLO PORTUGAL EXTRA VIRGEM GF 250ML;6250495b62dbe00e8754e776
640bcd436b8d81016f13f276;2022-11-09 18:24:57;625035bee612a77bf7ffb15a;9.99;1.0;PAO VISCONTI INTEGRAL FORMA PC 400G;62504965bb84ae0e879fac72
640c035c43d3271cf86b7b31;2023-01-08 08:57:54;625035bee612a77bf7ffb15a;7.79;1.0;IOGURTE BETANIA INTEG MORANGO BANANA MACA BDJ 540G 6X1;625049659928970e874a2a02
640bcd4a8b4804016fcdaaae;2022-11-09 21:27:49;625035bee612a77bf7ffb15a;4.29;1.0;SABONETE NIVEA LEITE SC 85G;62504963368a7b0e87c05ccc
640bec1bdeeff45d402e78d6;2022-12-14 19:02:16;625035bee612a77bf7ffb15a;1.59;4.0;MACARRAO INSTANTANEO NISSIN CARNE PICANTE SC 74G;625049698218a00e87e11419
640bf9b224b1fe02b18a4388;2022-12-29 12:32:46;625035bee612a77bf7ffb15a;5.99;1.0;SANDUICHE SADIA HOT POCKET X CHEDDAR MAIONESE SC 145G;6351745a5b15a22794b5397a
640bf57f15b07c767d728050;2022-12-24 08:49:21;625035bee612a77bf7ffb15a;9.99;1.0;MACARRAO ESTRELA SEMOLA LASANHA SC 500G;625049708632420e873303e2
640bea922bbd42593ec6f871;2022-12-12 18:16:50;625035bee612a77bf7ffb15a;5.49;2.0;PAO RABELO LEITE PC 350G;6250495f3989900e87fb65d4
640bc74f3f3c256d80d17476;2022-11-02 11:28:59;625035bee612a77bf7ffb15a;12.99;1.0;AMACIANTE DE ROUPAS DOWNY CONC BRISA DE VERAO GF 500ML;6250495bf8fbaf0e87e9e32d
640c0366ce4d901cf80348f3;2023-01-08 11:31:06;625035bee612a77bf7ffb15a;6.49;1.0;CHOCOLATE WAFER LACTA BIS ORIGINAL SC 126G;6250495c5c2aea0e8773e6e9
640bdc8936b9d733ef97eee7;2022-11-26 09:34:03;625035bee612a77bf7ffb15a;7.49;1.0;PAO VISCONTI INTEGRAL FORMA PC 400G;62504965bb84ae0e879fac72
640bf58ae6af2d767d531d36;2022-12-24 10:50:38;625035bee612a77bf7ffb15a;12.99;1.0;PANETTONE TOMMY GOTAS DE CHOCOLATE CX 400G;6250495ffb8a9a0e87c79b45
640bf8a9f4097e7e89819163;2022-12-28 19:30:35;625035bee612a77bf7ffb15a;1.79;1.0;VINAGRE REGINA ALCOOL TRADICIONAL GF 500ML;6250496006c94b0e87099a7a
640c0acdef2f9931f8c40081;2023-01-17 12:17:58;625035bee612a77bf7ffb15a;4.69;1.0;BOLACHA ROMANA LINHACA PC 300G;62c6b2295f6f0a02d9e51098
640c138f5768c3140e4907bc;2023-01-27 21:38:41;625035bee612a77bf7ffb15a;3.19;1.0;BOMBOM DE CHOCOLATE GAROTO CARIBE COM BANANA SC 28G;62a72e39e4555b4c1f81ed15
640bcbcdeb59167c6fa8b7d9;2022-11-07 15:59:52;625035bee612a77bf7ffb15a;1.99;4.0;HAMBURGUER SADIA MISTO SC 56G;6250496951ade10e875ca970
640bd23ddb150514008f8b49;2022-11-15 21:26:27;625035bee612a77bf7ffb15a;3.99;1.0;ACHOCOLATADO EM PO GAROTO SC 140G;62504968f999ba0e8791d4ee
640be7ef51339d51a469a056;2022-12-09 10:49:00;625035bee612a77bf7ffb15a;0.99;1.0;REFRESCO TANG MARACUJA SC 18G;632b3d6dc3615747f57257d9
640bec1419d0825d4042fa69;2022-12-14 16:09:56;625035bee612a77bf7ffb15a;12.99;1.0;CHIA LIVRE D PRETA EM GRAOS SC 120G;62504981ac32f20e870020a7
640beee0d015fa64a71b4be1;2022-12-17 10:55:40;625035bee612a77bf7ffb15a;2.09;1.0;REFRIGERANTE COCA COLA GF 250ML;6250495fc0e5650e872dc168
640be8ecbfd0d7548a40b9e2;2022-12-10 09:13:38;625035bee612a77bf7ffb15a;5.29;1.0;SABONETE PALMOLIVE OLEO NUTRITIVO CAMELIA E AMENDOAS SC 150G;625049620333460e87c6da76
640bdf97ac010e3c2b11ad5f;2022-11-29 19:58:35;625035bee612a77bf7ffb15a;3.49;1.0;SALGADINHO ELMA CHIPS CHEETOS LUA QUEIJO PARMESAO SC 40G;6250495ff962fd0e87ccf58e
640bd98e08129f2bb1af7b3f;2022-11-24 08:39:41;625035bee612a77bf7ffb15a;4.89;1.0;MILHO DE PIPOCA DONA CLARA MAGICA SC 500G;625049701f44140e871e3402
640bf161d68f6c6aff915ffe;2022-12-20 21:46:33;625035bee612a77bf7ffb15a;1.79;1.0;CHOCOLATE GAROTO BATON CREME RECHEIO AO LEITE SC 16G;6250495c5b73ce0e875b3b95
640bceb4b2e1a0064e811639;2022-11-11 08:47:39;625035bee612a77bf7ffb15a;7.99;0.695;BATATA INGLESA KG;6250495b468da50e87b28476
640be901cd1aa1548aa0ec0c;2022-12-10 17:22:53;625035bee612a77bf7ffb15a;1.19;1.0;BEBIDA LACTEA BETANIA UHT BETAKIDS CHOC TP 200ML;6250497db1994f0e87f5fe6d
640c00780ac5b2151f45118b;2023-01-05 08:11:09;625035bee612a77bf7ffb15a;17.99;0.776;LINGUICA AURORA SUINA KG;6250495bd86fdf0e870b2a41
640bf8a0b646e97e8988fb97;2022-12-28 17:34:06;625035bee612a77bf7ffb15a;6.99;1.0;SALGADO  FOLHADO MISTO;6250495a56c1950e874c0882
640bf9bdd5e3cb02b1c32dff;2022-12-29 17:10:35;625035bee612a77bf7ffb15a;8.99;1.0;REQUEIJAO BETANIA LIGHT CP 200G;6250495fe15da80e87a1f52d
640c14bc8ae4041d7e2c741d;2023-01-28 15:52:28;625035bee612a77bf7ffb15a;3.79;1.0;FARINHA DE TRIGO FINNA TRADICIONAL SC 1KG;6250496400ded20e873565bc
640bd828348a5c27802c6978;2022-11-22 18:10:23;625035bee612a77bf7ffb15a;5.49;0.67;BANANA NANICA KG;6250495bc674b30e87f14adc
640bc845486ef0729386ef7d;2022-11-03 19:11:55;625035bee612a77bf7ffb15a;2.69;1.0;BEBIDA LACTEA NESTLE NINHO FRUTI MORANGO E BANANA TP 190ML;62e48e2a17082d121a9c571a
640bf6c730c6a779b73be718;2022-12-26 09:10:51;625035bee612a77bf7ffb15a;4.59;1.0;ESPONJA SANTA MARIA ESFRELUX MULTIUSO SC LV4 PG3;6250496595eeb50e87f259df
640bdafdfcc7392f1d50fab8;2022-11-25 17:38:29;625035bee612a77bf7ffb15a;4.99;1.0;TEMPERO NATUVIDA EDU GUEDES SC 50G;6250496b18177f0e87d0c890
640bddf0465ede3782e1e242;2022-11-27 12:27:16;625035bee612a77bf7ffb15a;27.99;1.0;LEITE EM PO NESTLE NINHO INTEGRAL SC 750G;6250496af0c4a40e874cfe62
640beb5156cad35b75dae779;2022-12-13 12:05:38;625035bee612a77bf7ffb15a;1.49;1.0;REFRIGERANTE PEPSI COLA BLACK DIET GF 200ML;639960dd8f3d006a51dd60a1
640bd30b6b3b1a15fe4dfe14;2022-11-16 15:18:56;625035bee612a77bf7ffb15a;2.79;1.0;PAPEL HIGIENICO EXCELENCIA FS NEUTRO PC 30MT 4X1;62504962ad63950e8767df3f
640be64fc8a9174cc004c389;2022-12-07 10:36:22;625035bee612a77bf7ffb15a;2.99;1.0;LAVA LOUCAS YPE NEUTRO GF 500ML;6250495d6aa3350e8788d912
640bf41b05811772a43e9900;2022-12-23 10:30:35;625035bee612a77bf7ffb15a;3.99;1.038;ABOBORA CABOCLA KG ;6250495bb2fa820e874d4ede
640bd5d5e0844620d0c96d0b;2022-11-19 17:00:56;625035bee612a77bf7ffb15a;3.49;1.0;ACAFRAO NATUVIDA SC 50G;6250495b4e603b0e873d0190
640be65bfd0d814cc092ba97;2022-12-07 18:56:30;625035bee612a77bf7ffb15a;1.79;1.0;LAVA LOUCAS LIMPA FACIL MACA GF 500ML;62504964ae70a80e87dc8b45
640bcb077c57f77a72f6990a;2022-11-06 08:26:04;625035bee612a77bf7ffb15a;2.39;1.0;MACARRAO INSTANTANEO NISSIN MIOJO GALINHA CAIPIRA SC 85G;6250495ec30b710e8715fddf
640be8ecfd1f7a548ae1ec06;2022-12-10 09:12:45;625035bee612a77bf7ffb15a;5.49;1.0;MAIONESE HELLMANNS TRADICIONAL SC 200G;6250495edaa2230e87eecdd8
640bece2dffb195f7a0cb3ba;2022-12-15 12:50:16;625035bee612a77bf7ffb15a;7.83;2.0;LEITE UHT NESTLE MOLICO ZERO LACTOSE TP 1LT;6250495e0743ae0e87e97e1b
640bddec0e32fe378273faf8;2022-11-27 11:27:04;625035bee612a77bf7ffb15a;9.59;2.35;FRANGO TICA DO FRANGO KG;6250497d50aee20e874c9726
640c10e918d229056328ab89;2023-01-24 07:41:33;625035bee612a77bf7ffb15a;1.49;4.0;HAMBURGUER PERDIGAO MISTO SC 56G;6250495cad35cc0e87c88e51
640c05b8431d142384cc585d;2023-01-11 07:34:16;625035bee612a77bf7ffb15a;4.99;1.0;PIPOCA DE MICROONDAS YOKI NATURAL SEM SAL SC 100G;6250497009a7380e87a533b0
640becec56e9815f7a73363c;2022-12-15 18:26:34;625035bee612a77bf7ffb15a;16.99;0.818;CARRE SUINO CONGELADO KG;6250495b8843fc0e87aeba73
640c0f66ee460b7f6bb26097;2023-01-22 09:40:31;625035bee612a77bf7ffb15a;3.99;1.0;BALA HARIBO GELATINA BALLA STICKS HOT WHEELS MILKSHAK SC 80G;6250496ee9bd360e87da556c
640be64ba697794cc06a2ba7;2022-12-07 08:49:27;625035bee612a77bf7ffb15a;13.99;1.0;SHAMPOO CORPO DOURADO BABOSA GF 1LT;62504981c1beac0e876a4b8b
640bffb5693b7c12714e2a8b;2023-01-04 19:21:36;625035bee612a77bf7ffb15a;5.49;1.0;BISCOITO SORTIDO FORTALEZA POPULAR SORTIDO DOCE PC 400G;6250495ce7f34d0e8702a57b
640bd4b351393e1bb0297fae;2022-11-18 12:45:09;625035bee612a77bf7ffb15a;16.99;1.0;CORTE DE FRANGO PERDIGAO FILEZINHO DE PEITO SASSAMI BDJ 1KG;6250495d36f5610e87a2742a
640beb547380045b75f3e39c;2022-12-13 14:53:03;625035bee612a77bf7ffb15a;10.99;1.0;SABAO EM PO YPE TIXAN MACIEZ SC 800G;62a72ec1c3a6644c1f7f6a57
640bca241824d77807a101fa;2022-11-05 09:38:12;625035bee612a77bf7ffb15a;18.99;1.0;CORTE DE FRANGO REGINA CHURRASCO COXINHA DA ASA SC 700G;6250496a7981970e87eed1fe
640bea907d4d4a593ea5502c;2022-12-12 17:41:20;625035bee612a77bf7ffb15a;3.49;1.0;POLPA DE FRUTA MAIS POLPAS TAMARINDO SC 500G;62504966a2a9300e87eb3dcb
640c0183f96d4f17efa06ed8;2023-01-06 18:04:57;625035bee612a77bf7ffb15a;2.99;1.0;CHEIRO VERDE UN;6250495bc94d120e87cc3181
640bd77b39ebf825fd6f4d09;2022-11-21 21:37:41;625035bee612a77bf7ffb15a;2.99;1.0;IOGURTE ISIS POL SEMIDESN MORAN GF 180G;6250495e6cd4000e87efe58c
640c102ffe19c402a98679ee;2023-01-23 16:57:44;625035bee612a77bf7ffb15a;2.29;2.0;BISCOITO WAFER RICHESTER AMORI MAX CHOCOLATE M AMARGO PC 87G;6250496dc811450e87fac6b8
640c165db3d85a280459848a;2023-01-30 22:25:47;625035bee612a77bf7ffb15a;2.69;1.0;CHOCOLATE EM BARRA NESTLE KIT KAT DARK SC 41,5G;62504963bbeeda0e87b58fb9
640c102cc3853302a957ee31;2023-01-23 15:08:58;625035bee612a77bf7ffb15a;0.79;1.0;REFRESCO FRISCO MORANGO SC 25G;6250495fadbea40e87428098
640bc66163ee016925d8b6cb;2022-11-01 17:43:45;625035bee612a77bf7ffb15a;3.99;1.0;PAPEL HIGIENICO FLORAL PERFUMADO PC 30MT 4X1;6250495f7b4f050e87b02d95
640c0ac4da7fe831f83aff73;2023-01-17 07:17:31;625035bee612a77bf7ffb15a;33.99;0.22;PRESUNTO SEARA PERU FATIADO KG;6250495a1f3ebe0e87438c79
640bca3dad2079780711484a;2022-11-05 17:21:09;625035bee612a77bf7ffb15a;23.99;0.188;LINGUICA SADIA SUINA KG;6250495b67c88b0e87ed7dd3
640bdad14217902f1da75b16;2022-11-25 07:51:05;625035bee612a77bf7ffb15a;27.99;4.0;LEITE EM PO NESTLE NINHO INTEGRAL SC 750G;6250496af0c4a40e874cfe62
640bdcadbaea7b33ef4a5c58;2022-11-26 16:53:06;625035bee612a77bf7ffb15a;3.95;1.0;BISCOITO CREAM CRACKER FORTALEZA LEGITIMO PC 350G;625049702e1bf90e87c8dfd2
640c1381fe66f2140ec68d5a;2023-01-27 18:14:52;625035bee612a77bf7ffb15a;9.49;1.0;MINI PIZZA ALO PIZZA SC 400G;62a72eb23e06204c1f547701
640be58cb83c3c4ae9d0a868;2022-12-06 18:25:08;625035bee612a77bf7ffb15a;10.99;1.0;SHAMPOO SEDA COCO BS 325ML;62504966e12ab70e8762a4b6
640c042a726cd61f41986489;2023-01-09 16:52:13;625035bee612a77bf7ffb15a;2.29;1.0;GOMA DE MASCAR TRIDENT TUTTI FRUTTI 8,5G;62504960dfa67a0e8715bdca
640bd0a67e998f1068953582;2022-11-13 11:17:43;625035bee612a77bf7ffb15a;1.99;1.0;BISCOITO WAFER ESTRELA CHOCOLATE PC 80G;6250496d5010f40e87dd0a4a
640c164f0e90342804b7be10;2023-01-30 17:27:34;625035bee612a77bf7ffb15a;10.99;0.502;MORTADELA PERDIGAO MISTA FATIADA KG;6250495b5a358f0e87d920c4
640bd827f103b927807708f7;2022-11-22 17:49:18;625035bee612a77bf7ffb15a;17.99;1.0;PEITO DE FRANGO SADIA TEMP COZIDO EM TIRAS SC 400G;62a72e800c564a4c1f3e1c59
640bdde6fb5e293782ee6b03;2022-11-27 10:31:01;625035bee612a77bf7ffb15a;4.49;1.0;LEITE UHT BETANIA INTEGRAL TP 1LT;6250495e959c790e8771e6e8
640c174ba17dac2af4192977;2023-01-31 17:22:48;625035bee612a77bf7ffb15a;4.99;1.0;MACARRAO FORTALEZA SEMOLA SPAGHETTI SC 500G;62504970e5788c0e874dd3a1
640c1379bc40f8140edac870;2023-01-27 16:53:59;625035bee612a77bf7ffb15a;1.79;1.0;BISCOITO RECHEADO RICHESTER ESCURETO PC 71,2G;62a72ebb8f703e4c1fe07daf
640bcd48a037b4016f7a1fd5;2022-11-09 20:11:47;625035bee612a77bf7ffb15a;5.99;1.0;BEBIDA LACTEA ISIS POL BANANA E MACA SC 900G;625049631c28250e87896d5d
640bd31355e8d015fed43de2;2022-11-16 18:31:22;625035bee612a77bf7ffb15a;27.99;0.215;ALHO A GRANEL KG ;6250495b8e39270e87dd3afb
640bfdcadbf5e90d6b175892;2023-01-02 10:04:54;625035bee612a77bf7ffb15a;12.99;1.0;MACARRAO BIFUM MASSA DE ARROZ ORIENTAL SC 200G;62a72e6106035c4c1f2ae544
640beed5204f5364a717efe4;2022-12-17 07:40:40;625035bee612a77bf7ffb15a;6.89;1.0;REFRIGERANTE ANTARCTICA GUARANA ZERO GF 2LT;6250495f63b80c0e8715c3b9
640bcd362a55a2016fffc66b;2022-11-09 07:38:55;625035bee612a77bf7ffb15a;4.39;1.0;ACUCAR CRISTAL SAMUKA SC 1KG;62504970a1b4990e87d991a8
640bcd3cee1a58016f52ec97;2022-11-09 12:01:28;625035bee612a77bf7ffb15a;2.29;2.0;SUCO DEL VALLE KAPO UVA TP 200ML;6250497f9769fc0e8732a851
640bd6c0cfdf51240a1e4977;2022-11-20 12:31:28;625035bee612a77bf7ffb15a;11.99;1.0;BEBIDA LACTEA DANONE YOPRO COCO BATATA DOCE TP 250ML;625049644ef3320e874d9cd3
640bcd3eaa6a56016f57a72d;2022-11-09 16:00:19;625035bee612a77bf7ffb15a;4.19;1.0;DOCE POLY PREDILECTA GOIABADA PT 250G;62a72eb3e92ecf4c1f13483c
640c05c066f1ec238434eaee;2023-01-11 12:19:18;625035bee612a77bf7ffb15a;5.99;1.0;BATATA PALHA SAO BRAZ SCRUSCH TRADICIONAL SC 140G;6351745aee568f2794ff438e
640bd81d33ce3927803622bf;2022-11-22 09:27:51;625035bee612a77bf7ffb15a;7.49;1.0;CHOCOLATE EM BARRA LACTA LAKA OREO SC 90G;62504964c520020e875aea46
640bedc703c52f61d53cb635;2022-12-16 09:25:50;625035bee612a77bf7ffb15a;6.99;1.0;CHOCOLATE EM BARRA SNICKERS DUO SC 78G;62504968d85b9b0e8761374a
640c164bd6c1cf2804b58c58;2023-01-30 15:21:06;625035bee612a77bf7ffb15a;3.19;12.0;CERVEJA BRAHMA DUPLO MALTE LA 350ML;625049678a0adc0e8701b4e9
640bf08cd5c03868aa60382d;2022-12-19 17:12:10;625035bee612a77bf7ffb15a;9.99;1.0;ACHOCOLATADO EM PO NESTLE NESCAU 2 0 LA 370G;6250496c3015290e87bdb21b
640bedd39b47e961d55a284e;2022-12-16 15:28:04;625035bee612a77bf7ffb15a;2.69;1.0;CREME DE LEITE BETANIA UHT SUPER CREMOSO TRAD TP 200G;6250495d3da6c10e872edeca
640bdcb90d8c3333ef18d5b3;2022-11-26 19:14:13;625035bee612a77bf7ffb15a;5.99;1.0;BEBIDA LACTEA ISIS POL GRAVIOLA SC 900G;6250495e31ca550e871cf66e
640bc83d5074647293cdb9ed;2022-11-03 16:55:05;625035bee612a77bf7ffb15a;1.59;1.0;BOLINHO RICHESTER ANIMADOS ZOO BAUNILHA E CHOCOLATE SC 40G;6250495c57415c0e87381412
640c07741ff00228910063a0;2023-01-13 13:33:19;625035bee612a77bf7ffb15a;3.99;1.0;CREME DE LEITE BETANIA UHT SUPER CREMOSO TRAD TP 200G;6250495d3da6c10e872edeca
640c128cb8ff2d0d5efd53ba;2023-01-26 20:02:10;625035bee612a77bf7ffb15a;3.49;1.0;RAPADURA ENGENHO LEARENA BATIDA REDONDA SC 200G ;625049617be1590e879e65a4
640c09fa9f47112fbc0fd2b6;2023-01-16 09:12:43;625035bee612a77bf7ffb15a;4.59;1.0;ARROZ BRANCO VO OLIMPIO SC 1KG;62504967b149810e87e9b739
640bdece8184b13a3b538682;2022-11-28 18:08:33;625035bee612a77bf7ffb15a;14.99;0.466;PAO  KG;6250495a0a398c0e87675e61
640bc655a1194d6925942faf;2022-11-01 10:22:29;625035bee612a77bf7ffb15a;2.99;1.0;PIMENTA DO REINO NATUVIDA MOIDA SC 40G;6250495f89ac7b0e8784dcb6
640bdafd2f2d892f1d51f8ce;2022-11-25 17:39:50;625035bee612a77bf7ffb15a;3.19;2.0;MACARRAO BRANDINI SEMOLA PARAFUSO SC 500G;6250495eda16550e8702d9ec
640bd9961ce63b2bb17d5192;2022-11-24 13:54:00;625035bee612a77bf7ffb15a;5.69;1.0;BEBIDA LACTEA BETANIA POL COCO BDJ 540G 6X1;6250495c754f490e8715cf9f
640c0c6ee8ea5a5f70af31e2;2023-01-19 07:54:01;625035bee612a77bf7ffb15a;2.99;2.0;CREME DE LEITE ITAMBE TRAD TP 200G;6250495d17bf250e8794d585
640bd22a1df5ca14007178a4;2022-11-15 11:08:55;625035bee612a77bf7ffb15a;6.99;1.0;BISCOITO MAIZENA ESTRELA ORIGINAL PC 350G;6250497d48355e0e875256ae
640c0e970a7db17cb5f9bb9b;2023-01-21 17:35:49;625035bee612a77bf7ffb15a;3.99;1.0;SALGADINHO ELMA CHIPS BACONZITOS BACON SC 55G;6250495f99f1540e87f11c0f
640bcfd2ffd8370b90bbe4c7;2022-11-12 19:14:05;625035bee612a77bf7ffb15a;4.49;5.0;CHOCOLATE WAFER LACTA BIS XTRA OREO SC 45G;62504964b20f820e8759b996
640bf9b74cff1602b196197c;2022-12-29 15:00:51;625035bee612a77bf7ffb15a;8.99;1.0;IOGURTE BETANIA POL SEMIDESN MEL GF 900G;6250495efb68820e8743cacd
640be7f560514551a4439326;2022-12-09 16:03:09;625035bee612a77bf7ffb15a;2.79;0.72;BANANA PRATA KG;6250495b591e3e0e87d73d29
640c04f89162812178796950;2023-01-10 14:20:18;625035bee612a77bf7ffb15a;3.49;1.0;MACARRAO BONSABOR SEMOLA ESPAGUETE SC 400G;625049709816c00e8782fa6b
640bea8717f8ff593ec439a9;2022-12-12 11:08:59;625035bee612a77bf7ffb15a;4.99;0.47;CENOURA KG;6250495bc359040e870e593b
640be8ee34ea66548aa3332f;2022-12-10 09:50:26;625035bee612a77bf7ffb15a;5.99;1.0;BEBIDA LACTEA ISIS POL MORANGO SC 900G;6250495eac86950e87c7d135
640c0f744547587f6b71aa30;2023-01-22 13:46:02;625035bee612a77bf7ffb15a;9.99;2.0;BEBIDA ENERGETICA RED BULL ORIGINAL LA 250ML;6250495d8560f00e874f07cf
640bedd88862c261d5b8288e;2022-12-16 17:41:31;625035bee612a77bf7ffb15a;4.99;1.0;DESINFETANTE LIMPEZA FELIZ FLORAL GF 2LT;62504965da36ff0e874f073e
640bcec4dac80f064e426189;2022-11-11 16:58:35;625035bee612a77bf7ffb15a;16.99;1.0;PAO PLUSVITA FORMA ARTESANO INTEGRAL PC 500G;62504967dc616f0e878a6223
640bf9bd8804a902b11da46d;2022-12-29 17:14:25;625035bee612a77bf7ffb15a;1.99;1.0;MOLHO DE TOMATE FUGINI TRADICIONAL SC 300G;6250495ebd89cf0e879d957e
640c0bb160aee5408752081e;2023-01-18 21:16:47;625035bee612a77bf7ffb15a;1.59;1.0;BOLINHO RICHESTER ANIMADOS ZOO BAUNILHA E MORANGO SC 40G;6250495cfa0a840e879bf4da
640c07877a0771289115297e;2023-01-13 21:15:18;625035bee612a77bf7ffb15a;5.99;1.0;APARELHO DE BARBEAR GILLETTE PRESTOBARBA ULTRAGRIP ROSA 2X1;62504968cc59dc0e87104b81
640c0698f2fb3025ff339b46;2023-01-12 18:36:31;625035bee612a77bf7ffb15a;6.99;1.0;UVA ROXA DA HORA DOCE MEL BDJ 250G;62b8308df66a4204e2a6c3ff
640bf42ac9704172a469106b;2022-12-23 15:59:10;625035bee612a77bf7ffb15a;5.99;0.715;BERINJELA KG;6250495bd8f24f0e87702e41
640bfacf87ece605b68a5ed4;2022-12-30 08:56:57;625035bee612a77bf7ffb15a;0.79;1.0;REFRESCO FRISCO LARANJA SC 25G;6250495f12173d0e8740afcb
640c0ad9346df331f83d3928;2023-01-17 18:48:45;625035bee612a77bf7ffb15a;5.49;1.0;BISCOITO CREAM CRACKER FORTALEZA LEGITIMO PC 350G;625049702e1bf90e87c8dfd2
640bd3033cec1b15fe93faad;2022-11-16 09:06:21;625035bee612a77bf7ffb15a;3.09;1.0;CALDO EM TABLET MAGGI EQUILIBRIUM CARNE CX 114G 12X1;6250496618d9430e879d9535
640bcbcd581df97c6f22324d;2022-11-07 15:10:14;625035bee612a77bf7ffb15a;14.99;0.304;PAO  KG;6250495a0a398c0e87675e61
640be21841f561429058ad8c;2022-12-02 20:19:10;625035bee612a77bf7ffb15a;4.49;1.0;CHOCOLATE WAFER LACTA BIS XTRA OREO SC 45G;62504964b20f820e8759b996
640c14cf540ec61d7eca3cef;2023-01-28 20:19:13;625035bee612a77bf7ffb15a;4.49;1.0;MILHO DE PIPOCA KIMIMO PULA PULA SC 500G;625049709a327f0e87bc75ee
640bc6561864716925fd15ca;2022-11-01 10:38:36;625035bee612a77bf7ffb15a;36.99;0.232;LINGUICA PERDIGAO CALABRESA KG;6250497d400c600e876b85a1
640c102d67de7f02a9c6fe3a;2023-01-23 15:46:22;625035bee612a77bf7ffb15a;3.99;1.0;REFRIGERANTE H2O LIMONETO LIMAO GF 500ML;62504964abbcc80e8741eb50
640bcdf56719e903b1dce238;2022-11-10 19:27:29;625035bee612a77bf7ffb15a;2.69;1.0;BISCOITO RECHEADO RICHESTER AMORI FLORESTA NEGRA PC 125G;62a72eb79fc37f4c1f7b5eab
640be7217f10704f16f525be;2022-12-08 20:10:34;625035bee612a77bf7ffb15a;2.49;2.0;CREME DE LEITE CCGL TRAD UHT TP 200G;62a72e5e208b8b4c1f38bece
640bd0a2fabc3810683708c4;2022-11-13 10:19:46;625035bee612a77bf7ffb15a;4.99;1.0;LEITE UHT BETANIA INTEGRAL TP 1LT;6250495e959c790e8771e6e8
640beb4e0272285b75c27981;2022-12-13 10:16:20;625035bee612a77bf7ffb15a;3.79;1.0;ABACAXI UN;625049606d308a0e87033050
640bc914b7c00a75900fe671;2022-11-04 11:23:50;625035bee612a77bf7ffb15a;1.75;1.0;BISCOITO RECHEADO RICHESTER AMORI MORANGO PC 125G;62a72ebbc8f7814c1f8c4008
640c0174bfc77b17efadff29;2023-01-06 11:47:42;625035bee612a77bf7ffb15a;7.99;1.0;REFRIGERANTE COCA COLA GF 1,5LT;6250495fc7eb6b0e877c3305
640bca430645967807af8452;2022-11-05 18:45:15;625035bee612a77bf7ffb15a;5.29;2.0;BOLACHA NOSSA SENHORA DE FATIMA NEUDA PC 400G;6250495cfe3c080e878f49e2
640bc926ebc9717590de7e3f;2022-11-04 19:20:51;625035bee612a77bf7ffb15a;1.19;3.0;BEBIDA LACTEA BETANIA UHT BETAKIDS CHOC TP 200ML;6250497db1994f0e87f5fe6d
640c0788452f0f2891ce159f;2023-01-13 21:39:37;625035bee612a77bf7ffb15a;4.49;1.0;BISCOITO CREAM CRACKER FORTALEZA LEGITIMO PC 350G;625049702e1bf90e87c8dfd2
640c1390460b09140e906087;2023-01-27 22:50:17;625035bee612a77bf7ffb15a;3.29;1.0;FOSFORO GABOARDI CX 40X10;6250495d1e1b210e87206752
640be3f2e2a2f546b2f17192;2022-12-04 10:52:19;625035bee612a77bf7ffb15a;4.79;1.0;LEITE UHT JAGUARIBE INTEGRAL TP 1LT;6250495efa52b70e872a6843
640bfc739db45b098fd03418;2022-12-31 15:20:07;625035bee612a77bf7ffb15a;18.99;1.404;SOBREPALETA SUINA CONG SEM OSSO KG;6250495a319aeb0e870fd0a0
640c0e812fc9867cb5f8537c;2023-01-21 10:55:11;625035bee612a77bf7ffb15a;2.49;2.0;MOLHO DE TOMATE PREDILECTA TRADICIONAL SC 300G;6250496eeb22fa0e87c9807c
640c137c86b286140ea1c2ef;2023-01-27 17:29:40;625035bee612a77bf7ffb15a;0.99;1.0;REFRESCO TANG UVA SC 18G;632b3d6eaabadc47f5132ffe
640bc926e5891b7590a23e96;2022-11-04 19:30:15;625035bee612a77bf7ffb15a;2.55;14.0;MACARRAO ESTRELA SEMOLA GOSTOSO ESPAGUETE SC 400G;6250497039edf50e87b3af43
640becebb0438e5f7af4ce5f;2022-12-15 18:08:33;625035bee612a77bf7ffb15a;8.99;1.0;BATATA FRITA ELMA CHIPS RUFFLES CHURRASCO SC 76G;6250496c90bac00e87e011aa
640c016d15eed017ef34b399;2023-01-06 09:22:01;625035bee612a77bf7ffb15a;2.69;1.0;BISCOITO RECHEADO RICHESTER AMORI FLORESTA NEGRA PC 125G;62a72eb79fc37f4c1f7b5eab
640c016afd156f17ef50b47e;2023-01-06 08:03:54;625035bee612a77bf7ffb15a;8.49;0.92;BATATA INGLESA KG;6250495b468da50e87b28476
640c1367258996140ee64d47;2023-01-27 10:03:26;625035bee612a77bf7ffb15a;10.99;1.0;SABAO EM PO BRILHANTE CUIDADO TOTAL SC 800G;62504966c26c880e8768dd08
640c1653dbbeac280486b0b0;2023-01-30 18:55:17;625035bee612a77bf7ffb15a;8.99;1.0;CREME PARA PENTEAR ALYNE CRESCIMENTO ACELERADO BS 300ML;6250496c7b38780e8701b2ee
640bf22f477ee16ceca21df8;2022-12-21 21:12:50;625035bee612a77bf7ffb15a;49.99;0.106;QUEIJO COALHO FP LATICINIO FATIADO KG;6250495b6e8dad0e87213381
640bf9cf26a70c02b1980924;2022-12-29 21:07:31;625035bee612a77bf7ffb15a;8.99;1.0;AMIDO DE MILHO KIMIMO ORIGINAL CX 500G;6250495b9aa9640e87f2637d
640bd6bdf5439f240acfad16;2022-11-20 11:40:41;625035bee612a77bf7ffb15a;1.19;2.0;BEBIDA LACTEA ISIS POL MORAN SC 120G;6250495eab9b940e8771f5d3
640bf15eefc6e46affc91600;2022-12-20 20:16:29;625035bee612a77bf7ffb15a;1.19;2.0;SALGADINHO SALSITO GALINHA CAIPIRA SC 32G;6250497f7305050e8709ea63
640bf318a362966fabbba0de;2022-12-22 18:05:59;625035bee612a77bf7ffb15a;15.99;0.192;BROCOLIS KG;6250495b1702e20e870e0707
640bffad7ccf6a1271baa727;2023-01-04 17:14:43;625035bee612a77bf7ffb15a;18.99;0.886;PEIXE CARA TILAPIA KG;6250495b01649e0e87e161fe
640bd3c37a7f2c17e0ae7a21;2022-11-17 07:02:43;625035bee612a77bf7ffb15a;16.49;0.094;PAO  COCO KG;62cfed9ed4d9ef767328547d
640bffb4ea15921271b0fe77;2023-01-04 19:04:51;625035bee612a77bf7ffb15a;8.99;1.0;BATATA PALHA YOKI EXTRA FINA ORIGINAL SC 100G;62504969bcdc970e87a9ccf1
640bdcb8d40b5433ef334dac;2022-11-26 19:01:45;625035bee612a77bf7ffb15a;5.49;1.0;TEMPERO EM PO SAZON LEGUMES SC 60G 12X1;62504960f79ae30e8733db94
640bf7a99b94c97c10a6b6f9;2022-12-27 17:53:37;625035bee612a77bf7ffb15a;10.99;1.0;PAO VISCONTI FORMA PC 400G;625049652655ca0e87f4edac
640c02816133051a5b51e929;2023-01-07 11:39:46;625035bee612a77bf7ffb15a;1.19;1.0;SALGADINHO DELICITOS CALABRESA PICANTE SC 50G;6250495ff54b0e0e87247cb4
640bfadf18bd1b05b6975230;2022-12-30 13:25:50;625035bee612a77bf7ffb15a;7.99;1.0;CARNE ENLATADA ODERICH FIAMBRE FRANGO LA 320G;6250496142e2190e876fc0c2
640bcbda65b4b37c6f45c881;2022-11-07 20:15:56;625035bee612a77bf7ffb15a;14.99;1.0;OVOS CAIPIRA RIO PALHANO BDJ 15X1;6325b0b15286e83c01c8ef51
640bd8dc946c4129b8d49ca7;2022-11-23 18:07:18;625035bee612a77bf7ffb15a;1.49;1.0;REFRIGERANTE ANTARCTICA SODA LIMONADA GF 200ML;6250496674d2cb0e87bd0524
640bf58c7ba1c4767d7d101c;2022-12-24 11:04:29;625035bee612a77bf7ffb15a;6.99;1.0;FEIJAO CARIOCA DONA DE SC 1KG;62504961b5c98d0e87092cda
640bd8d1bd066d29b813c05c;2022-11-23 07:18:55;625035bee612a77bf7ffb15a;3.29;1.0;COUVE MANTEIGA UN;6250497d7df1c70e879f39ea
640c09f70e7b392fbca44ede;2023-01-16 07:00:22;625035bee612a77bf7ffb15a;14.99;0.24;PAO  KG;6250495a0a398c0e87675e61
640beedc90dde164a7832e12;2022-12-17 09:51:31;625035bee612a77bf7ffb15a;2.19;1.0;BISCOITO WAFER RICHESTER AMORI MOUSSE DE LIMAO PC 80G;6250496f8189b20e87df2f7a
640bf0838ad6bd68aa86dabb;2022-12-19 10:37:57;625035bee612a77bf7ffb15a;4.89;1.0;MILHO DE PIPOCA DONA CLARA MAGICA SC 500G;625049701f44140e871e3402
640c04f65df1cf21786ad7f0;2023-01-10 12:57:02;625035bee612a77bf7ffb15a;2.99;1.0;AGUA MINERAL NATURAGUA NATURAL GF 1,5LT;6250495bbd7b500e878d1040
640c11cf8ea186087fa5ecbb;2023-01-25 20:13:41;625035bee612a77bf7ffb15a;29.99;0.23;KIWI IMPORTADO KG;6250495b4c12b40e87ee7ce3
640c13815b3383140e0d9b3c;2023-01-27 18:19:34;625035bee612a77bf7ffb15a;3.29;1.0;ACUCAR CRISTAL CORURIPE SC 1KG ;62504966263fcb0e87c6d456
640c1039e191b902a905de29;2023-01-23 20:16:38;625035bee612a77bf7ffb15a;0.99;1.0;ESPONJA LIMPABELA MULTIUSO DUPLA FACE SC;6250495d3cf3120e879124b5
640be80091c05751a48985e4;2022-12-09 19:47:23;625035bee612a77bf7ffb15a;14.99;0.356;PAO  KG;6250495a0a398c0e87675e61
640bcc841be7717ea4be2280;2022-11-08 17:04:57;625035bee612a77bf7ffb15a;4.29;6.0;ARROZ BRANCO VO OLIMPIO SC 1KG;62504967b149810e87e9b739
640bc831a57ad8729344db9e;2022-11-03 07:04:34;625035bee612a77bf7ffb15a;3.99;1.0;CREME DE LEITE BETANIA UHT SUPER CREMOSO TRAD TP 200G;6250495d3da6c10e872edeca
640c086534975f2b8fc6e6b7;2023-01-14 07:37:23;625035bee612a77bf7ffb15a;29.99;1.0;LEITE EM PO NESTLE NINHO INTEGRAL SC 750G;6250496af0c4a40e874cfe62
640be2022a524d4290e2c047;2022-12-02 11:16:30;625035bee612a77bf7ffb15a;12.99;0.984;PEITO DE FRANGO CONGELADO PECA KG;6250495a3c512a0e87de73d8
640bcfc8cd22d50b9024d974;2022-11-12 16:17:38;625035bee612a77bf7ffb15a;2.59;10.0;MACARRAO ESTRELA SEMOLA GOSTOSO ESPAGUETE SC 400G;6250497039edf50e87b3af43
640bd3e1a87dd617e09c0b83;2022-11-17 20:26:57;625035bee612a77bf7ffb15a;2.29;1.0;CREME CULINARIO TRIANGULO MINEIRO MISTURA DE LEITE TP 200G;62504963b27df70e876532f6
640bf08093ee9568aace6d49;2022-12-19 09:02:29;625035bee612a77bf7ffb15a;4.99;2.0;MACARRAO FORTALEZA SEMOLA FAIXA DOURADA ESPAGUETE SC 500G;62504970f1453d0e87590fd2
640bfdd8f182640d6be08ca7;2023-01-02 17:08:32;625035bee612a77bf7ffb15a;5.49;1.0;BATATA PALHA ELMA CHIPS TRADICIONAL SC 70G;6250496658045b0e87856a6a
640bfde273dfde0d6b041265;2023-01-02 19:46:10;625035bee612a77bf7ffb15a;7.99;1.0;ANTIMOFO SANY LAVANDA PT 100G;62a72ed91b14d04c1f9617f5
640bd22c3229261400751b57;2022-11-15 11:34:27;625035bee612a77bf7ffb15a;5.99;1.0;CREME DENTAL COLGATE MAX PROT ANTICARIES CX 180G;6250495da42bc80e879d0dea
640c10eda5bcae0563c3100f;2023-01-24 09:53:42;625035bee612a77bf7ffb15a;3.99;0.715;BATATA INGLESA KG;6250495b468da50e87b28476
640c035dffd0901cf882d14b;2023-01-08 09:21:13;625035bee612a77bf7ffb15a;52.99;1.074;PATINHO BOVINO KG;6250495b1f2b220e877904f0
640c174f627ee92af4965ef1;2023-01-31 18:17:09;625035bee612a77bf7ffb15a;4.49;1.0;CHOCOLATE EM BARRA HERSHEYS EXTRA CREMOSO SC 92G;62f8cab7ff326d6c2cf8b1fc
640c10fe75ff3e0563bd0655;2023-01-24 18:41:57;625035bee612a77bf7ffb15a;3.79;1.0;CHOCOLATE WAFER LACTA BIS XTRA AO LEITE SC 45G;625049617248940e8760e0ef
640befbb783c3d669b0e5b76;2022-12-18 07:58:19;625035bee612a77bf7ffb15a;2.99;1.0;MILHO DE PIPOCA GOSTOZZO SC 500G;62504962b0a8c60e873a37a0
640be59596e11a4ae9012cf2;2022-12-06 20:59:28;625035bee612a77bf7ffb15a;2.49;1.0;CREME CULINARIO DAMARE TP 200G;62a72ead4b8af94c1fdd4fbd
640c11bb5b6881087f67f312;2023-01-25 09:32:24;625035bee612a77bf7ffb15a;8.99;1.0;PANO DE PIA MD MALHA ATOALHADO 30CM X 30CM 3X1;6250496580a5b70e87a9e2e7
640c0177981cd217ef783a64;2023-01-06 13:35:34;625035bee612a77bf7ffb15a;10.49;1.0;OLEO DE SOJA SOYA GF 900ML;6250495ebd25ed0e8742ab1c
640bcb0eb11fec7a72284946;2022-11-06 10:34:45;625035bee612a77bf7ffb15a;36.99;1.0;LEITE EM PO NESTLE NINHO INTEGRAL SC 750G;6250496af0c4a40e874cfe62
640bd778b0a29825fdc112fe;2022-11-21 20:15:31;625035bee612a77bf7ffb15a;4.49;1.0;CREME DENTAL COLGATE T ACAO MENTA ORIGINAL CX 90G;6250495dad834f0e877a9f9f
640c076ac8fa022891282daa;2023-01-13 09:36:39;625035bee612a77bf7ffb15a;1.99;1.0;BOMBOM DE CHOCOLATE LACTA SONHO DE VALSA SC 20G;6250495c2d38d00e879f49eb
640bd31775aede15feb5043e;2022-11-16 20:00:51;625035bee612a77bf7ffb15a;28.99;0.155;ROMA KG;6250495aa693f40e871e4921
640bf6c63b2edd79b7c28383;2022-12-26 08:33:27;625035bee612a77bf7ffb15a;4.39;35.0;ARROZ PARBOILIZADO CAMIL SC 1KG;62504970bac8d20e87a51b29
640bdcc2c126d133ef3f8ec3;2022-11-26 21:14:33;625035bee612a77bf7ffb15a;9.99;1.0;MASSA SEARA MENU GOURMET FETTUCCINE A BOLONHESA CX 350G;6250497f71e32c0e879672b9
640bcecba9d9db064e96b8f0;2022-11-11 19:05:45;625035bee612a77bf7ffb15a;2.99;1.0;CHOCOLATE WAFER LACTA STICK OURO BRANCO SC 25G;6310972465d0304836d65544
640bf7970807147c1019d19d;2022-12-27 08:04:39;625035bee612a77bf7ffb15a;4.59;1.0;BISCOITO SORTIDO PETYAN COCO PC 400G;636ed3246fa23f013ab20beb
640c0f6453d2287f6bd80593;2023-01-22 09:02:06;625035bee612a77bf7ffb15a;4.99;1.0;BISCOITO SORTIDO FORTALEZA POPULAR MINI CRACKER PC 400G;6250495c47f2730e87da06a4
640beee810bfc464a78b58c8;2022-12-17 14:09:36;625035bee612a77bf7ffb15a;5.99;1.0;BISCOITO SORTIDO FORTALEZA PETIT CRACKER PC 400G;6250495ce1071e0e87d2751e
640bcfd07b39a60b905f947b;2022-11-12 18:37:20;625035bee612a77bf7ffb15a;2.49;2.0;CHOCOLATE EM BARRA SNICKERS SC 45G;62504965ccf01a0e87050a4a
640bcb088918ef7a72752ca6;2022-11-06 08:33:55;625035bee612a77bf7ffb15a;2.29;1.0;BARRA DE CEREAL RITTER BANANA AVEIA E MEL SC 25G;6250495c6172c10e878e18ef
640be12333801a40718d08c0;2022-12-01 15:46:45;625035bee612a77bf7ffb15a;26.99;1.0;LEITE EM PO ITAMBE INTEGRAL SC 800G;6250495ed9d9a50e873b5c13
640bd3d99e61c417e03be6c5;2022-11-17 18:02:17;625035bee612a77bf7ffb15a;4.49;1.0;BISCOITO BM AMANTEIGADO COM DOCE DE GOIABA PT 90G;6250496341c7b80e87dbbda7
640bd227d61a7a1400bb68d8;2022-11-15 09:58:23;625035bee612a77bf7ffb15a;5.99;1.0;CREME DENTAL COLGATE MAX PROT ANTICARIES CX 180G;6250495da42bc80e879d0dea
640bfdd2f5cf2a0d6b05f6c3;2023-01-02 13:43:20;625035bee612a77bf7ffb15a;10.99;1.0;AMACIANTE DE ROUPAS YPE DILUIDO INTENSO GF 2LT GTS 400ML;62504981768a4b0e87f8e009
640c0d59e390f16ca47ee525;2023-01-20 09:30:10;625035bee612a77bf7ffb15a;1.39;2.0;BEBIDA LACTEA ITAMBE GOODY UHT CHOC TP 200ML;6250497f4399500e874a78bc
640bd0a781667b1068bf8be1;2022-11-13 11:33:06;625035bee612a77bf7ffb15a;7.99;1.0;FEIJAO PRETO KICALDO SC 1KG;625049708293270e8762b30c
640be131510b644071ce4ba5;2022-12-01 21:44:46;625035bee612a77bf7ffb15a;3.99;1.0;KETCHUP ODERICH TRADICIONAL BS 200G;6250495c87be200e87f6486f
640bcb0df010b47a728454e2;2022-11-06 10:04:54;625035bee612a77bf7ffb15a;1.89;1.0;FARINHA DE MILHO VITAMILHO FLOCAO TRADICIONAL SC 500G;62504970fa017c0e87a897a0
640bd2260fbb6c140048b97a;2022-11-15 09:26:12;625035bee612a77bf7ffb15a;12.99;1.0;LAMPADA FLUORESCENTE KIAN RETA 3U BIVOLT 6,4K 20W CX;6250496a8a05cf0e87f0120d
640bfdcf07ea9d0d6be57c90;2023-01-02 12:14:53;625035bee612a77bf7ffb15a;5.0;11.0;PICOLE KIBON FRUTTARE MARACUJA SC 60G;6360387b6aba1954ffb7fe76
640c15abe987bc255ec00a67;2023-01-29 08:32:28;625035bee612a77bf7ffb15a;4.99;1.0;DESINFETANTE URCA PINHO LAVANDA GF 2LT;6250495da134fa0e8702b0de
640bd8d06c4b1a29b8c9ac22;2022-11-23 06:58:33;625035bee612a77bf7ffb15a;14.99;0.298;PAO  KG;6250495a0a398c0e87675e61
640c0a11b4e0432fbc8fa6fa;2023-01-16 20:07:14;625035bee612a77bf7ffb15a;6.99;1.0;DOCE POLY TAMBAU GOIABADA PT 600G;6250495d01e2140e87090dd6
640be3f4566cf346b2bfefd7;2022-12-04 11:20:34;625035bee612a77bf7ffb15a;6.49;1.0;HASTES FLEXIVEIS JOHNSONS COTONETES CX 75X1;6250495e172f140e8787ac57
640be3eb59f3ea46b2596061;2022-12-04 09:14:40;625035bee612a77bf7ffb15a;3.99;7.0;ARROZ PARBOILIZADO PANELACO SC 1KG;62504970d46d770e873fccaa
640bf8942216d47e8969d3bc;2022-12-28 11:51:11;625035bee612a77bf7ffb15a;2.79;0.624;MELAO JAPONES KG;6250495b26dd770e87968ee1
640bf304a397d76fabf47143;2022-12-22 09:27:11;625035bee612a77bf7ffb15a;5.49;5.0;CAFE NESTLE NESCAFE SOLUVEL TRADICAO SC 50G;6250495cdcc5c10e87db8b3c
640c042bbef3ea1f41f4e1fe;2023-01-09 17:10:06;625035bee612a77bf7ffb15a;2.99;1.0;CHOCOLATE WAFER LACTA STICK SONHO DE VALSA SC 25G;63109724e0100848365b2748
640be9d8a9a80c56c394729f;2022-12-11 11:55:01;625035bee612a77bf7ffb15a;4.99;2.0;CAFE SANTA CLARA SOLUVEL CLASSICO SC 50G;6250495caf15a80e872b8b47
640bc8327e44fa72936022c3;2022-11-03 08:00:11;625035bee612a77bf7ffb15a;5.99;1.0;BATATA FRITA ELMA CHIPS RUFFLES ORIGINAL SC 57G;6250495c9dec3c0e8746754f
640c087fd26f212b8ff76366;2023-01-14 16:59:21;625035bee612a77bf7ffb15a;10.99;1.0;OVOS EMAPE BRANCO EXTRA BDJ 20X1;6250496d2005170e878367c4
640c0438eed2a01f416a5f64;2023-01-09 21:15:12;625035bee612a77bf7ffb15a;17.99;1.0;SORVETE FROSTY NAPOLITANO PT 2LT;62504960231ca70e8785f0a7
640bc66002465e69252fbbea;2022-11-01 17:39:18;625035bee612a77bf7ffb15a;5.99;1.0;LEITE UHT ELEGE INTEGRAL TP 1LT;6250495e437f080e87f8c3de
640bec0aaaac6d5d404a1d2b;2022-12-14 09:02:04;625035bee612a77bf7ffb15a;12.99;1.0;TINTURA NIELY COR E TON 6.0 LOURO ESCURO CX;6250496041f1380e879dd156
640bf09749893e68aaa2a189;2022-12-19 21:16:19;625035bee612a77bf7ffb15a;13.49;1.0;CREME DENTAL SENSODYNE RAPIDO ALIV CX 50G;6250495d94061d0e8714fa59
640bf156f38b676affa47e7d;2022-12-20 17:21:55;625035bee612a77bf7ffb15a;7.99;1.0;VASSOURA CRISTAL TRADICIONAL;625049605446bc0e87df2e78
640be9d80cd93756c39fd4a4;2022-12-11 12:05:02;625035bee612a77bf7ffb15a;6.49;2.0;POLPA DE FRUTA NOSSA FRUTA ACEROLA SC 400G;6250496bf659b50e87954809
640c1029d22c1502a94d1e9c;2023-01-23 13:01:33;625035bee612a77bf7ffb15a;4.49;1.0;SABAO EM BARRA YPE FRESH SC 180G;62a72eb32506e34c1f3fa49b
640c174ba17dac2af4192977;2023-01-31 17:22:48;625035bee612a77bf7ffb15a;17.99;0.38;ALHO A GRANEL KG ;6250495b8e39270e87dd3afb
640c0f5f9819ad7f6b422655;2023-01-22 07:11:59;625035bee612a77bf7ffb15a;9.99;1.0;OVOS SAO JOSE CAIPIRA SERTANEJO GRANDE BDJ 10X1 ;62504961bd5e5d0e877f176d
640c10fa686ff00563fd0b82;2023-01-24 17:27:08;625035bee612a77bf7ffb15a;6.99;1.0;SALGADO  CROISSANT DE FRANGO;6250495a971cbd0e87038f9f
640bdec11f86ca3a3bfe749c;2022-11-28 09:34:24;625035bee612a77bf7ffb15a;4.29;1.0;MILHO DE PIPOCA KIMIMO PULA PULA SC 500G;625049709a327f0e87bc75ee
640c11bcd2e8c3087fd6f0b1;2023-01-25 10:17:12;625035bee612a77bf7ffb15a;14.99;0.228;LANCHE REGINA GOSTOSINHA MISTO FATIADA KG;6250495b2abc8f0e877bf1b0
640bdcbb1679fe33ef829a9e;2022-11-26 19:37:34;625035bee612a77bf7ffb15a;11.99;1.0;PAPEL HIGIENICO MIMMO FOLHA DUPLA NEUTRO PC 30MT LV12 PG11;6250496408f2100e87a06f37
640be1faca0c41429010158d;2022-12-02 08:45:25;625035bee612a77bf7ffb15a;2.99;1.0;CHEIRO VERDE UN;6250495bc94d120e87cc3181
640bca2bb69ea578070abc17;2022-11-05 11:18:13;625035bee612a77bf7ffb15a;5.99;0.725;CEBOLA BRANCA KG;6250495bad4f820e87177f0e
640c04eec62ab62178e919d7;2023-01-10 08:29:12;625035bee612a77bf7ffb15a;1.89;1.0;REFRIGERANTE COCA COLA SEM ACUCAR GF 250ML;62504980ee26c50e8711d8aa
640bdcb894f23c33ef4e6ad1;2022-11-26 18:56:37;625035bee612a77bf7ffb15a;24.99;1.0;INSETICIDA ELETRICO SBP REF CHEIRO SUAVE 35ML + AP;6250498182aac60e87ffd5d0
640c174be7c9692af4b7f308;2023-01-31 17:33:35;625035bee612a77bf7ffb15a;9.99;0.42;CEBOLA BRANCA KG;6250495bad4f820e87177f0e
640bf220b38cdf6cec4d6fbd;2022-12-21 14:00:23;625035bee612a77bf7ffb15a;5.29;1.0;BOLACHA NOSSA SENHORA DE FATIMA NEUDA PC 400G;6250495cfe3c080e878f49e2
640c09f898ce252fbc4f4ff8;2023-01-16 07:16:21;625035bee612a77bf7ffb15a;14.99;0.174;PAO  KG;6250495a0a398c0e87675e61
640befcb050ad2669b721ec6;2022-12-18 11:44:57;625035bee612a77bf7ffb15a;1.19;4.0;HAMBURGUER REZENDE MISTO SC 56G;6250495c09f03d0e870db615
640c0baefb15fb4087332bd6;2023-01-18 19:59:07;625035bee612a77bf7ffb15a;4.99;1.0;DESCOLORANTE EM PO MARCIA CAMOMILA SC 20G;6250495d6fe9d50e8785db67
640c0783863cec289190fd7c;2023-01-13 19:59:45;625035bee612a77bf7ffb15a;13.99;2.0;CORTE DE FRANGO JAGUA FILEZINHO SASSAMI SC 1KG;62a72e5924faed4c1f2bfa9d
640c136367f108140ed6a76b;2023-01-27 08:42:57;625035bee612a77bf7ffb15a;1.19;2.0;SALGADINHO SALSITO GALINHA CAIPIRA SC 32G;6250497f7305050e8709ea63
640bea9b4c16fa593efe285c;2022-12-12 21:30:20;625035bee612a77bf7ffb15a;35.99;1.0;CORTE DE FRANGO FRIATO FILE DE PEITO SC 1,5KG;62504968832de70e87a05b84
640c0e86ad1db17cb5228608;2023-01-21 12:08:07;625035bee612a77bf7ffb15a;5.49;1.0;TEMPERO EM PO SAZON LEGUMES SC 60G 12X1;62504960f79ae30e8733db94
640bd16f2ed8a7120cb1abdb;2022-11-14 21:18:09;625035bee612a77bf7ffb15a;2.39;1.0;MACARRAO INSTANTANEO NISSIN MIOJO CAMARAO COM ALHO SC 85G;62504966c2a2390e87cd353a
640c15aeef8c92255e1bd713;2023-01-29 09:12:59;625035bee612a77bf7ffb15a;4.49;1.0;LEITE UHT ELEGE DESNATADO TP 1LT;6250495e5b328d0e875c3049
640bc832e64f647293c925e0;2022-11-03 08:07:25;625035bee612a77bf7ffb15a;15.49;1.0;SHAMPOO PANTENE HIDRAT BS 175ML;625049628dea290e87a2cd7e
640c15b327aa6d255e5c3846;2023-01-29 10:02:32;625035bee612a77bf7ffb15a;5.19;1.0;ARROZ PARBOILIZADO PANELACO SC 1KG;62504970d46d770e873fccaa
640be1220bed314071114274;2022-12-01 15:14:58;625035bee612a77bf7ffb15a;16.49;0.088;PAO  COCO KG;62cfed9ed4d9ef767328547d
640bdc8cc3c6e333efe35093;2022-11-26 09:54:41;625035bee612a77bf7ffb15a;5.99;0.645;BETERRABA KG;6250495b79fd2b0e87bf0522
640bf15d4ddd936affcf3c41;2022-12-20 20:02:02;625035bee612a77bf7ffb15a;0.99;2.0;ESPONJA SANTA MARIA VIP DUPLA FACE SC;635995dd40d5672177bcffe4
640c035a2049f01cf8ae30bf;2023-01-08 08:34:24;625035bee612a77bf7ffb15a;8.49;0.39;TOMATE KG;6250495befd4f30e8754e347
640c0f6c391f537f6b04b285;2023-01-22 11:07:57;625035bee612a77bf7ffb15a;4.49;1.0;MILHO VERDE PREDILECTA EM CONSERVA SC 170G;6250496874cc160e874eb6d4
640bced230aff8064eb948fb;2022-11-11 20:46:28;625035bee612a77bf7ffb15a;1.99;1.0;MACARRAO INSTANTANEO NISSIN MIOJO HOT CALABRESA SC 85G;6250497026a82f0e87643834
640bdec9005b883a3b34e4ad;2022-11-28 12:58:11;625035bee612a77bf7ffb15a;8.29;1.0;REFRIGERANTE ANTARCTICA GUARANA GF 2LT;6250495f77d5530e87615613
640bf6cef46f5379b727a68c;2022-12-26 12:54:13;625035bee612a77bf7ffb15a;25.99;0.98;CARRE SUINO CONGELADO KG;6250495b8843fc0e87aeba73
640bfddae421ee0d6bf305c6;2023-01-02 18:04:00;625035bee612a77bf7ffb15a;4.79;1.0;SABAO EM BARRA YPE COCO E TOQUE AVEIA SC 180G;62a72eb3f422ec4c1f9f8cf7
640bd76618429425fd1b0d81;2022-11-21 07:56:37;625035bee612a77bf7ffb15a;1.59;4.0;BOLINHO RICHESTER ANIMADOS ZOO CHOCOLATE SC 40G;6250495c5806960e877104e2
640bfddbe83a740d6bfacdd9;2023-01-02 18:20:41;625035bee612a77bf7ffb15a;1.99;1.0;SABONETE EM BARRA GIPSY TOQUE DE LAVANDA SC 80G;636d97d9c40cc9616ae88a55
640bd6b08f71ce240ab4f231;2022-11-20 08:42:53;625035bee612a77bf7ffb15a;3.89;0.875;BANANA PRATA KG;6250495b591e3e0e87d73d29
640c0c747d99d85f70c85be2;2023-01-19 10:56:15;625035bee612a77bf7ffb15a;2.29;6.0;BISCOITO WAFER RICHESTER AMORI MAX CHOCOLATE M AMARGO PC 87G;6250496dc811450e87fac6b8
640be65f51fcf64cc07ea700;2022-12-07 20:09:58;625035bee612a77bf7ffb15a;20.99;0.842;CORTE DE FRANGO TICA DO FRANGO PEITO BDJ KG;6250495bc83e7a0e8775b8c1
640bcd47df7f66016f1be547;2022-11-09 20:04:27;625035bee612a77bf7ffb15a;10.49;1.0;IOGURTE ITAMBE GREGO INTEGRAL MORANGO PT 500G;62504980523d0d0e87098906
640bcb16a680c87a7222e242;2022-11-06 12:17:41;625035bee612a77bf7ffb15a;14.99;1.0;CAPPUCCINO 3 CORACOES CHOCOLATE PT 200G;6250495c2a23b80e87c2b773
640befc698c207669b118061;2022-12-18 10:41:16;625035bee612a77bf7ffb15a;1.89;2.0;FARINHA DE MILHO VITAMILHO FLOCAO TRADICIONAL SC 500G;62504970fa017c0e87a897a0
640c036a8e2eec1cf8556560;2023-01-08 12:26:00;625035bee612a77bf7ffb15a;5.49;1.0;CERVEJA HEINEKEN LAGER BEER PREMIUM LONG NECK GF 330ML;62504962abdc470e872d40c0
640c175b689eab2af4e659e3;2023-01-31 21:02:47;625035bee612a77bf7ffb15a;10.99;1.0;IOGURTE ITAMBE PEDACOS DE FLOCOS PT 450G;6250496c8a1e8a0e8739ba9e
640bf15204458c6aff14725f;2022-12-20 14:16:33;625035bee612a77bf7ffb15a;16.49;0.108;PAO  COCO KG;62cfed9ed4d9ef767328547d
640bdcb0e5f55833ef76aef0;2022-11-26 17:26:04;625035bee612a77bf7ffb15a;5.99;3.0;BISCOITO CREAM CRACKER FORTALEZA AGUA E SAL PC 350G;62a72ead7d57654c1f9b7fd4
640c09fa7f3dcc2fbc5b3333;2023-01-16 09:09:47;625035bee612a77bf7ffb15a;17.99;1.0;SHAMPOO HEAD E SHOULDERS MEN OLD SPICE BS 200ML;62db3503d119eb16761b1acb
640bdde1ec0d5137826c57f5;2022-11-27 09:47:03;625035bee612a77bf7ffb15a;3.79;1.0;AGUA SANITARIA QBOA MULTIPLO USO CLORO ATIV GF 1LT;6250495b137e0e0e8789b7f9
640bf589d88ba8767d6fa907;2022-12-24 10:41:23;625035bee612a77bf7ffb15a;3.79;1.0;MILHO VERDE FUGINI CROCANTE LA 170G;62504967339fae0e870ca147
640c1754557dbd2af476ef1a;2023-01-31 19:13:20;625035bee612a77bf7ffb15a;2.69;1.0;CHOCOLATE EM BARRA NESTLE KIT KAT BRANCO SC 41,5G ;62b5898ff4e3975cd7c2c0b4
640bcb16d7080d7a72f610d3;2022-11-06 12:17:44;625035bee612a77bf7ffb15a;1.99;1.0;BISCOITO WAFER RICHESTER AMORI CHOCOLATE PC 80G;625049829cd4290e8753f053
640bf7981e92407c10941344;2022-12-27 08:25:58;625035bee612a77bf7ffb15a;14.99;0.23;PAO  KG;6250495a0a398c0e87675e61
640bfed1ac98f10ff5c2728b;2023-01-03 20:34:24;625035bee612a77bf7ffb15a;13.99;0.168;SALADA DE FRIOS  BDJ KG;6250497d95675b0e87dc9b01
640be6523249a14cc0560ba3;2022-12-07 12:26:01;625035bee612a77bf7ffb15a;3.79;1.0;MILHO DE PIPOCA KICALDO SC 500G;62504961f77e530e8755a167
640bd168363660120c9ec0b4;2022-11-14 18:13:44;625035bee612a77bf7ffb15a;4.99;0.188;LIMAO TAITI KG;6250495b65eadd0e87b42929
640bddf269e50137821f64b2;2022-11-27 12:40:16;625035bee612a77bf7ffb15a;1.39;5.0;FARINHA DE MILHO SAO BRAZ FLOCAO TRADICIONAL SC 500G;62504970b9a7e40e87fbc40a
640c0d558c84cf6ca434c224;2023-01-20 07:38:17;625035bee612a77bf7ffb15a;2.99;1.0;GUARDANAPO SORELLA PAPEL 30CMX30,5CM SC 50X1;6250496ac5de410e87b42acc
640bcc89356c0f7ea4e37b8f;2022-11-08 19:13:37;625035bee612a77bf7ffb15a;6.99;1.0;CEREAL NESTLE NESCAU RADICAL SC 120G;6250495caa9c790e877fb581
640bdf878646f93c2bf7ff8f;2022-11-29 08:39:02;625035bee612a77bf7ffb15a;15.9;0.46;FARINHA DE ROSCA  PC KG;62a741bc4ab66a713d80ae0c
640bf798261a887c10470d14;2022-12-27 08:31:29;625035bee612a77bf7ffb15a;14.99;0.168;PAO  KG;6250495a0a398c0e87675e61
640be5922808c64ae99ef053;2022-12-06 19:47:11;625035bee612a77bf7ffb15a;3.29;2.435;LARANJA KG;6250495b10dcbf0e87d93203
640bf3147f30bc6fab33b1c0;2022-12-22 16:58:52;625035bee612a77bf7ffb15a;9.99;1.0;CREME PARA PENTEAR SEDA COCRIACOES CERAMIDAS BS 300ML;6250495d9eee800e8768b41c
640bd3d5b4f6d517e0b39046;2022-11-17 16:42:25;625035bee612a77bf7ffb15a;2.29;1.0;CREME CULINARIO TRIANGULO MINEIRO MISTURA DE LEITE TP 200G;62504963b27df70e876532f6
640bea81cd4835593e9550ed;2022-12-12 07:10:11;625035bee612a77bf7ffb15a;2.79;1.49;BANANA PRATA KG;6250495b591e3e0e87d73d29
640bdf9532e15f3c2bb53e5e;2022-11-29 19:06:00;625035bee612a77bf7ffb15a;6.99;1.0;SABONETE DOVE ORIGINAL CX 90G;6250495f914b630e8701651c
640beceb7423c65f7a5b9c5c;2022-12-15 18:13:00;625035bee612a77bf7ffb15a;6.99;1.0;MOLHO DE TOMATE HEINZ BOLONHESA SC 300G;62c6b22c6f157d02d9aa382f
640becf03e8ddb5f7ab19905;2022-12-15 19:48:29;625035bee612a77bf7ffb15a;5.49;1.0;PAO RABELO HAMBURGUER PC 400G;6250495fda9f130e876c92dc
640bd3d5bad47417e00742e4;2022-11-17 16:33:50;625035bee612a77bf7ffb15a;49.99;0.216;QUEIJO COALHO FP LATICINIO FATIADO KG;6250495b6e8dad0e87213381
640c1650ac02952804f377b1;2023-01-30 17:37:18;625035bee612a77bf7ffb15a;7.99;1.0;SACO DE LIXO EXTRUSA PACK AZUL 30LT SC 50X1;6300c152a6631532a5964f6c
640c0e9eefb8c17cb545499e;2023-01-21 19:01:59;625035bee612a77bf7ffb15a;6.49;1.0;LIMPADOR MULTIUSO UAU FLORES E FRESCOR GF 500ML;6250495e5f6c940e87f88f14
640c173f2ec4932af4115df4;2023-01-31 11:06:29;625035bee612a77bf7ffb15a;4.49;1.0;MOLHO SHOYU SAKURA TRADICIONAL GF 150ML;6250497ec1d69a0e872ad00a
640be7fc19a16c51a4095e2b;2022-12-09 18:44:26;625035bee612a77bf7ffb15a;6.99;1.0;SUCO TAMPICO FRUTAS CITRICAS GF 2LT;6250496025796b0e87131fc1
640bdf8d2537c23c2bbe03a7;2022-11-29 13:19:04;625035bee612a77bf7ffb15a;24.99;1.0;SABAO EM PO BRILHANTE LIMPEZA TOTAL SC 1,6KG;62504966db49b50e8746e143
640bd6b3629a30240ab5b7df;2022-11-20 09:12:11;625035bee612a77bf7ffb15a;5.49;1.0;CORDA VARAL POLIFORT N10 ESPECIAL SC 10MT;62504964ca05c50e87abd404
640bff9cba8f541271597b25;2023-01-04 09:08:18;625035bee612a77bf7ffb15a;2.59;8.0;CERVEJA SKOL PILSEN RETORNAVEL GF 300ML;6250495c94b5040e87089b06
640bdb07af31c12f1d336111;2022-11-25 19:00:32;625035bee612a77bf7ffb15a;4.95;1.0;AGUA SANITARIA LIMPEBEM GF 5LT;630b47bd8acffd5c9c183865
640bd09ef035c71068d8ca12;2022-11-13 09:06:53;625035bee612a77bf7ffb15a;2.49;1.0;CHOCOLATE EM BARRA SNICKERS SC 45G;62504965ccf01a0e87050a4a
640c164faea9c528042dddda;2023-01-30 17:27:29;625035bee612a77bf7ffb15a;6.99;1.0;VINAGRE ROSANI FRUTA MACA GF 500ML;62504962fd576b0e870db90e
640bf591518e32767ddb13f3;2022-12-24 11:58:31;625035bee612a77bf7ffb15a;20.99;1.0;SABAO EM BARRA YPE COCO COM TOQUE DE AVEIA SC 900G;62504982754fde0e8773caa7
640bf3092055566fabe6af43;2022-12-22 10:54:32;625035bee612a77bf7ffb15a;2.99;1.0;BISCOITO RECHEADO PIRAQUE MALTADO COBERTO PC 80G;62504968a2df550e875244dd
640c04f10c863c217865de10;2023-01-10 10:17:18;625035bee612a77bf7ffb15a;52.99;0.208;QUEIJO COALHO NILTON FATIADO KG;6250495b3317f00e87de6509
640c0f68fbdbd37f6b74085c;2023-01-22 10:16:05;625035bee612a77bf7ffb15a;20.99;1.0;ANTISSEPTICO LISTERINE ZERO ALCOOL MENTA SUAVE GF 250ML;6250495bd941b70e87bc006f
640c077c96b013289108f04a;2023-01-13 18:08:02;625035bee612a77bf7ffb15a;4.49;1.0;BISCOITO MERENDINHA ALVORADA GOIABA SC 150G;6250498194cb2c0e87c01d10
640bf6db5a5dce79b70560b2;2022-12-26 19:56:22;625035bee612a77bf7ffb15a;11.99;3.0;OVOS EMAPE BRANCO GRANDE BDJ 20X1;62a72ea8d3fa694c1fb5bb7b
640c0f641e33cf7f6b402fb8;2023-01-22 09:03:53;625035bee612a77bf7ffb15a;6.99;0.195;PIMENTAO VERDE KG;6250495bca7a350e8741b903
640c0a01b046e32fbc867431;2023-01-16 12:11:45;625035bee612a77bf7ffb15a;2.99;1.0;CHOCOLATE EM BARRA NESTLE CHOKITO AO LEITE SC 32G;62a72e3a7dba614c1f230369
640be57d50373e4ae9c48dbc;2022-12-06 09:24:04;625035bee612a77bf7ffb15a;3.59;1.0;POLPA DE FRUTA NOSSA FRUTA GOIABA SC 400G;6250496b7f0e6b0e87d03350
640bcd3e0d4450016fc999f9;2022-11-09 15:35:31;625035bee612a77bf7ffb15a;9.99;0.23;LIMAO TAITI KG;6250495b65eadd0e87b42929
640becee8b7a5e5f7a967f3c;2022-12-15 19:12:30;625035bee612a77bf7ffb15a;17.99;1.0;PAPEL HIGIENICO LE BLANC EXCELENCE NEUTRO 30M SC LV12 PG11;6321cc9cb5ca257361b4af98
640bd3d38a45a617e0a2e42e;2022-11-17 13:44:31;625035bee612a77bf7ffb15a;12.99;0.545;CEBOLA BRANCA KG;6250495bad4f820e87177f0e
640be65e5bd9f54cc06f6759;2022-12-07 19:54:42;625035bee612a77bf7ffb15a;14.99;1.0;OVOS EMAPE BRANCO GRANDE BDJ 20X1;62a72ea8d3fa694c1fb5bb7b
640bede3efc5be61d5e61d3a;2022-12-16 20:14:54;625035bee612a77bf7ffb15a;8.99;1.0;BOLO  CHOCOLATE BDJ UN;62a741bdd9da84713d608282
640bfad3507e0905b6c60fa8;2022-12-30 09:54:52;625035bee612a77bf7ffb15a;6.99;1.0;LEITE CONDENSADO BETANIA SEMIDESNATADO TP 395G;6250495ed7b9fc0e87c63c21
640c0ba1b002784087292f8d;2023-01-18 16:14:01;625035bee612a77bf7ffb15a;4.89;0.908;BATATA DOCE KG;6250495b20af2b0e87f023e6
640c077fd596182891ff12c5;2023-01-13 18:52:19;625035bee612a77bf7ffb15a;5.99;1.0;MOLHO DE TOMATE HEINZ ARRABIATA SC 300G;636af9c16b0e3356d0b1580e
640c0433a627a31f41eca63a;2023-01-09 19:43:37;625035bee612a77bf7ffb15a;17.99;1.0;SORVETE FROSTY NATA E GOIABA PT 2LT;625049602b6cfc0e879e0e77
640be9c9b3af2c56c34dc0d2;2022-12-11 08:16:54;625035bee612a77bf7ffb15a;13.99;1.0;CAFE SANTA CLARA SOLUVEL CLASSICO VD 100G;6250495c24d3b70e87cd41cb
640bd0ac918a201068aab593;2022-11-13 13:08:21;625035bee612a77bf7ffb15a;2.99;1.0;CREME DE LEITE ITAMBE TRAD TP 200G;6250495d17bf250e8794d585
640bd303c5949e15feb87987;2022-11-16 08:56:11;625035bee612a77bf7ffb15a;3.49;1.0;AGUA SANITARIA DRAGAO CLORO ATIV GF 2LT;625049635339b80e87d08e44
640be1256015b040719bd82d;2022-12-01 17:30:57;625035bee612a77bf7ffb15a;3.49;1.0;MILHO VERDE FUGINI EM CONSERVA SC 170G;6250496ae13c900e877cd09b
640c093fe31af62d8e0b5baa;2023-01-15 07:13:48;625035bee612a77bf7ffb15a;6.49;0.44;GOIABA KG;6250495b35fe8d0e87d7cc9d
640c0ad12f046931f8544e83;2023-01-17 15:35:28;625035bee612a77bf7ffb15a;9.99;1.0;PRESUNTO SEARA COZIDO FATIADO SC 180G;632483771c29a90dcc3b8ad4
640c11c01ab76a087fc0eecf;2023-01-25 11:57:58;625035bee612a77bf7ffb15a;4.99;1.0;COLORIFICO EM PO SAO FRANCISCO SC 500G;6250497ee337d70e87128cc9
640bc90f9a714c75902b1769;2022-11-04 08:55:53;625035bee612a77bf7ffb15a;1.99;1.0;POLIDOR DE ALUMINIO LIMPA FACIL TRAD GF 500ML;6250495f7373ca0e875cb7bf
640c1738c71a1f2af419819a;2023-01-31 08:59:58;625035bee612a77bf7ffb15a;1.99;0.935;MAMAO FORMOSA KG;6250495b1a363f0e870bb47d
640bffa36d8a311271120faf;2023-01-04 11:17:31;625035bee612a77bf7ffb15a;3.39;1.0;CHEIRO VERDE PROCESSADO SC;6250495b66f1f10e87d6b01a
640bd0a65bb09c106826a40c;2022-11-13 11:22:23;625035bee612a77bf7ffb15a;3.39;1.0;ACUCAR CRISTAL SAMUKA SC 1KG;62504970a1b4990e87d991a8
640c0e9b60402b7cb57ec5c0;2023-01-21 18:20:35;625035bee612a77bf7ffb15a;3.99;1.0;BISCOITO WAFER PIRAQUE NEWAFER LIMAO PC 100G;6250495c8b12e90e87701660
640bfed49e85fb0ff587eff6;2023-01-03 21:14:16;625035bee612a77bf7ffb15a;2.49;1.36;MAMAO FORMOSA KG;6250495b1a363f0e870bb47d
640bf22dcd622d6cec961f3e;2022-12-21 20:32:39;625035bee612a77bf7ffb15a;11.99;1.0;BOLO  CHOCOLATE BDJ UN;62a741bdd9da84713d608282
640be8e856d0ef548ad26210;2022-12-10 07:16:47;625035bee612a77bf7ffb15a;6.99;1.0;AGUA MINERAL APODI NATURAL GF 20LT;6250495bb32d540e875df736
640bd310c58bb915fe3dd45b;2022-11-16 17:33:58;625035bee612a77bf7ffb15a;2.99;0.945;MANGA COITE KG;6250495b9743500e87c00be9
640c06986d28b125ffe05326;2023-01-12 18:29:41;625035bee612a77bf7ffb15a;9.99;1.0;BEBIDA ENERGETICA RED BULL ORIGINAL LA 250ML;6250495d8560f00e874f07cf
640befc43e466e669ba7deeb;2022-12-18 10:10:42;625035bee612a77bf7ffb15a;18.99;1.052;SOBREPALETA SUINA CONG SEM OSSO KG;6250495a319aeb0e870fd0a0
640c0f6cfea5fe7f6b75aaa2;2023-01-22 11:00:57;625035bee612a77bf7ffb15a;8.99;1.0;AMACIANTE DE ROUPAS DOWNY CONC BRISA DE VERAO GF 500ML;6250495bf8fbaf0e87e9e32d
640bfad01d178b05b67f261c;2022-12-30 09:17:23;625035bee612a77bf7ffb15a;6.49;1.0;MARGARINA PRIMOR COM SAL PT 500G;6250495eb7c2570e87c8aa1b
640bd3d79c64b917e02848e8;2022-11-17 17:39:13;625035bee612a77bf7ffb15a;14.99;0.396;PAO  KG;6250495a0a398c0e87675e61
640bcec4cc2221064e519397;2022-11-11 17:19:32;625035bee612a77bf7ffb15a;4.49;1.0;BEBIDA LACTEA BETANIA POL MORAN BDJ 540G 6X1;6250495e38894c0e8795cac9
640bc8495defc072936cbc93;2022-11-03 20:37:24;625035bee612a77bf7ffb15a;10.99;0.48;CEBOLA BRANCA KG;6250495bad4f820e87177f0e
640c12910e75dc0d5e992801;2023-01-26 21:53:11;625035bee612a77bf7ffb15a;2.79;1.0;HASTES FLEXIVEIS CLINOFF CX 75X1;6250497e8896050e87e43e0e
640c0bab488f7640873ea3f3;2023-01-18 19:14:58;625035bee612a77bf7ffb15a;3.79;1.0;MILHO VERDE FUGINI CROCANTE LA 170G;62504967339fae0e870ca147
640be3f7ba811746b25bb876;2022-12-04 11:56:31;625035bee612a77bf7ffb15a;7.99;2.0;FARINHA DE MANDIOCA BAIANA AMARELA SC 1KG;62504962ad37ac0e876b67a5
640c10f2c800bf056361d84d;2023-01-24 11:33:38;625035bee612a77bf7ffb15a;0.79;1.0;REFRESCO FRISCO UVA SC 25G;6250495f7014420e8740a6da
640be64a33a0784cc04841f9;2022-12-07 08:03:38;625035bee612a77bf7ffb15a;4.39;1.0;ACUCAR CRISTAL SAMUKA SC 1KG;62504970a1b4990e87d991a8
640bfec9cf2fc50ff5430ad6;2023-01-03 18:31:25;625035bee612a77bf7ffb15a;15.49;1.0;MORTADELA REGINA GOSTOSINHA MISTA SC 1KG;625049605be24c0e8714e70b
640c173ca7d6882af4560e63;2023-01-31 10:18:33;625035bee612a77bf7ffb15a;5.49;1.0;PAO RABELO HAMBURGUER PC 400G;6250495fda9f130e876c92dc
640c007afe9119151f0fe304;2023-01-05 09:32:34;625035bee612a77bf7ffb15a;7.99;1.0;BEBIDA LACTEA DANONE KIDS MORANGO BDJ 510G 6X1;6250496e57b83f0e879fef8c
640beddb897d6b61d54e4468;2022-12-16 18:28:39;625035bee612a77bf7ffb15a;12.49;0.435;MARACUJA KG;6250495bb97d4b0e8731ec01
640c0adb894c4f31f8ad68bf;2023-01-17 19:17:49;625035bee612a77bf7ffb15a;8.99;1.0;CREME DE AVELA NUTELLA COM CACAU PT 140G;6250495e50cc6f0e874ac7e2
640bd6bf0d997e240af93b44;2022-11-20 12:04:41;625035bee612a77bf7ffb15a;12.99;1.0;MINGAU NESTLE MUCILON MULTICEREAIS SC 600G;625049613a8f130e875354bd
640c0ac679c93931f8ff40a1;2023-01-17 08:31:08;625035bee612a77bf7ffb15a;9.99;1.0;SABAO LIQUIDO BLEACH COCO GF 500ML;6250496177ef4d0e875b9d18
640bcdeaa578b803b150567b;2022-11-10 11:18:10;625035bee612a77bf7ffb15a;1.49;1.0;COCADA ALIANA SORTIDA SC 50G;6250497fe36c1f0e87480d02
640bf14accdcd76affeaf704;2022-12-20 08:45:22;625035bee612a77bf7ffb15a;9.99;1.0;UVA ITALIA NOVIM BDJ 500G;6250498196112d0e877724b8
640c069be88ae925ff9b15ac;2023-01-12 19:21:54;625035bee612a77bf7ffb15a;12.99;1.0;REQUEIJAO SABOR E VIDA TRADICIONAL PT 420G;625049652755330e87a19824
640c1036fde68802a982fc77;2023-01-23 19:32:58;625035bee612a77bf7ffb15a;8.99;1.0;TORRADA OKOSHI ARROZ INTEGRAL CHIA E GERGELIM SC 75G;625049624ec01d0e87b873d6
640c041f5d22691f4161cc70;2023-01-09 10:30:25;625035bee612a77bf7ffb15a;3.49;1.11;CENOURA KG;6250495bc359040e870e593b
640be320e46151448ec74ede;2022-12-03 16:58:53;625035bee612a77bf7ffb15a;8.99;0.15;CEBOLA BRANCA KG;6250495bad4f820e87177f0e
640bf9d0fff33a02b1ad285f;2022-12-29 21:27:18;625035bee612a77bf7ffb15a;9.99;1.0;DOCE CREMOSO ISIS LEITE TRADICIONAL PT 400G;6250495d9161dc0e8731334d
640beef4d3a06064a78c4939;2022-12-17 18:15:32;625035bee612a77bf7ffb15a;2.39;4.0;MACARRAO INSTANTANEO NISSIN MIOJO HOT CALABRESA SC 85G;6250497026a82f0e87643834
640c13633317b3140e3ab303;2023-01-27 08:45:07;625035bee612a77bf7ffb15a;22.99;1.0;LEITE EM PO NESTLE NINHO FORTI+ INTEGRAL LA 380G;6250496aba044e0e87c2c7ba
640c1281f555610d5e62e9e9;2023-01-26 15:03:37;625035bee612a77bf7ffb15a;4.29;1.0;SABONETE PROTEX OMEGA 3 SC 85G;62504963eca3520e876ebfc6
640be804c793a251a43d5685;2022-12-09 21:52:26;625035bee612a77bf7ffb15a;0.99;1.0;REFRESCO TANG UVA SC 18G;632b3d6eaabadc47f5132ffe
640c0a02f63c602fbc8d9239;2023-01-16 12:50:44;625035bee612a77bf7ffb15a;30.9;0.06;PAO DE QUEIJO  KG;6250495b8121d30e87d28402
640bd0a65bb09c106826a40c;2022-11-13 11:22:23;625035bee612a77bf7ffb15a;4.49;1.0;CHOCOLATE WAFER LACTA BIS XTRA OREO SC 45G;62504964b20f820e8759b996
640bddda8fa17837827e5abe;2022-11-27 08:48:38;625035bee612a77bf7ffb15a;16.99;1.182;MORTADELA PERDIGAO FRANGO FATIADA KG;6250495b67de890e8780ddee
640c035a335bef1cf88bc8c6;2023-01-08 08:33:55;625035bee612a77bf7ffb15a;65.99;0.172;AMEIXA SECA COM CAROCO KG;6250495bb33d750e8783d47a
640be4c15b0b7948adae9024;2022-12-05 21:16:52;625035bee612a77bf7ffb15a;9.99;1.0;OVOS TIJUCA CAIPIRA GRANDE VERMELHO BDJ 10X1 ;6250496cdc13490e873475ba
640be6584b3e424cc03c892d;2022-12-07 17:50:34;625035bee612a77bf7ffb15a;4.99;0.575;CENOURA KG;6250495bc359040e870e593b
640bfae7fb78db05b6485861;2022-12-30 16:06:08;625035bee612a77bf7ffb15a;3.85;2.0;BISCOITO SORTIDO FORTALEZA POPULAR FOFITOS LEITE PC 400G;6250497d35cda90e8738531b
640bc7533aae5c6d80426424;2022-11-02 13:01:02;625035bee612a77bf7ffb15a;2.39;3.0;MACARRAO INSTANTANEO NISSIN MIOJO GALINHA SC 85G;625049700659f40e8702cdbe
640bdece0819d13a3b62eab9;2022-11-28 18:06:02;625035bee612a77bf7ffb15a;1.99;1.0;PEDRA SANITARIA SANY JASMIM CX 25G;6250496a9f95020e87e392fd
640c11c9ece4b7087ff7f160;2023-01-25 17:54:41;625035bee612a77bf7ffb15a;29.99;1.0;CORTE DE FRANGO REGINA FILE DE PEITO BDJ 1KG;6250495ddc071c0e8779e8a7
640bdf99a18bd43c2bc2ebf5;2022-11-29 21:41:59;625035bee612a77bf7ffb15a;2.99;1.0;CHEIRO VERDE UN;6250495bc94d120e87cc3181
640bf9a82da34c02b179967b;2022-12-29 09:34:17;625035bee612a77bf7ffb15a;1.49;2.0;REFRIGERANTE PEPSI COLA GF 200ML;62504966c2fd540e878a7757
640bfdc56233e70d6bea7e61;2023-01-02 08:24:32;625035bee612a77bf7ffb15a;3.59;1.0;BISCOITO RABELO EMOCAO DOCE SC 180G;6250495c10a5b20e878e3e0e
640be9cf92b79b56c384afff;2022-12-11 09:46:12;625035bee612a77bf7ffb15a;5.99;1.0;FERMENTO EM PO ROYAL QUIMICO PT 100G;6250495d3751560e8769763a
640be654f84b004cc0dd3e42;2022-12-07 15:36:34;625035bee612a77bf7ffb15a;6.99;1.0;LIMPADOR MULTIUSO VEJA GOLD ORIG GF 500ML GTS 10%;62504961e463050e87733a4e
640bfebeddb5250ff5905ece;2023-01-03 14:47:30;625035bee612a77bf7ffb15a;3.49;1.0;ALFACE CRESPA HIDROPONICA UN;62523bc454962d4902f3c88c
640bc74a9f3d226d80cb05a1;2022-11-02 10:15:47;625035bee612a77bf7ffb15a;8.99;1.0;DESODORANTE AEROSOL MONANGE HIDRAT INTENSIVA 48H 150ML;625049642f1e490e87f024e4
640beb5aac378e5b750c05d2;2022-12-13 18:32:44;625035bee612a77bf7ffb15a;2.29;1.0;SABONETE ALBANY HOMEM CONTROLE DE ODOR SC 85G;62504980c0c48a0e8722ed6c
640bf8a9278c607e89a086df;2022-12-28 19:36:56;625035bee612a77bf7ffb15a;6.89;1.0;REFRIGERANTE ANTARCTICA GUARANA GF 2LT;6250495f77d5530e87615613
640bca328eb4f8780727b380;2022-11-05 13:36:48;625035bee612a77bf7ffb15a;10.99;1.0;DESODORANTE AEROSOL REXONA MEN V8 150ML;6250495df23c440e875924ff
640be80091c05751a48985e4;2022-12-09 19:47:23;625035bee612a77bf7ffb15a;2.89;1.645;BATATA DOCE KG;6250495b20af2b0e87f023e6
640bd82c7e76522780aecfa0;2022-11-22 19:32:53;625035bee612a77bf7ffb15a;5.29;1.0;BOLACHA NOSSA SENHORA DE FATIMA NEUDA PC 400G;6250495cfe3c080e878f49e2
640bf1551706f96aff557d22;2022-12-20 16:58:19;625035bee612a77bf7ffb15a;1.29;1.0;BALA DORI GOMETS FRUTAS SC 32G;6250495e40132a0e877fa951
640c102f45d40902a96f8e91;2023-01-23 17:17:54;625035bee612a77bf7ffb15a;3.99;1.194;MELAO ORANGE KG;6250498222d0a60e877b42eb
640becdfb878ed5f7a4f6f10;2022-12-15 11:19:30;625035bee612a77bf7ffb15a;5.99;1.0;LEITE CONDENSADO BETANIA SEMIDESNATADO TP 395G;6250495ed7b9fc0e87c63c21
640bfc5d6121af098fc94512;2022-12-31 10:50:04;625035bee612a77bf7ffb15a;3.85;1.0;BISCOITO SORTIDO FORTALEZA POPULAR FOFITOS LEITE PC 400G;6250497d35cda90e8738531b
640bd5dd4fe62820d00c61e7;2022-11-19 18:57:17;625035bee612a77bf7ffb15a;3.89;0.922;BANANA PRATA KG;6250495b591e3e0e87d73d29
640c0e85e16b837cb5082671;2023-01-21 11:46:13;625035bee612a77bf7ffb15a;5.49;1.0;VELA AVE MARIA BRANCA N10 SC 165G 8X1;634f1bc94d4f4846ca5398a5
640bfc64c7cd72098f7cbb48;2022-12-31 11:58:03;625035bee612a77bf7ffb15a;6.49;1.0;CHOCOLATE EM BARRA LACTA DIAMANTE NEGRO SC 90G;6250496191fb9b0e8787713a
640beefcf710cf64a790e50a;2022-12-17 20:44:48;625035bee612a77bf7ffb15a;8.79;1.0;GOMA FRESCA NOSSA GOMA SC 1KG;62504961fcf5440e87214cef
640be658b4284a4cc089b547;2022-12-07 17:58:20;625035bee612a77bf7ffb15a;26.99;1.0;AMACIANTE DE ROUPAS DOWNY CONC LIRIOS DO CAMPO GF 1LT;625049621363370e87f3d654
640c069bac039f25ff61cc3d;2023-01-12 19:29:23;625035bee612a77bf7ffb15a;7.99;1.0;GOMA FRESCA KUME SC 1KG;625049803188010e878665c7
640be90005444c548a62bb14;2022-12-10 17:15:54;625035bee612a77bf7ffb15a;6.49;1.0;DESINFETANTE MEU LAR LAVANDA GF 2LT;62504961e48e590e87a9ccf3
640bd3e2b59d4117e0e7f547;2022-11-17 21:01:12;625035bee612a77bf7ffb15a;8.99;1.0;REFRIGERANTE ANTARCTICA GUARANA GF 2,5L ;6250495fe05aab0e878a44df
640bcdf8334c1a03b1fa732e;2022-11-10 21:27:23;625035bee612a77bf7ffb15a;3.99;1.0;DUETO FUGINI MILHO VERDE E ERVILHA EM CONSERVA SC 170G;6250496da569650e8726feed
640bf438c44dc772a46da1d8;2022-12-23 19:27:03;625035bee612a77bf7ffb15a;12.49;0.68;ABACATE KG;6250495b244c4a0e87bbd6f5
640bdcb8d602a433efed4a1e;2022-11-26 18:59:23;625035bee612a77bf7ffb15a;21.99;1.0;CAPSULA 3 CORACOES ACHOCOLATADO CARAMELO CX 105G 10X1;6250497f04d4c50e87c9d48e
640be3108e7d56448ebcee3f;2022-12-03 11:05:52;625035bee612a77bf7ffb15a;3.99;1.0;SABAO EM PASTA URCA TRAD ULTRA BRILHO PT 200G;6250495e9679ee0e87e2d140
640bd8dcbc3d6e29b88a59f4;2022-11-23 18:07:50;625035bee612a77bf7ffb15a;1.39;1.0;AGUA NATURAGUA MINERAL NATURAL GF 500ML;62b3049811b0c97c4c7b5415
640bca467801207807adddbf;2022-11-05 19:19:35;625035bee612a77bf7ffb15a;14.99;0.196;LANCHE REGINA GOSTOSINHA MISTO FATIADA KG;6250495b2abc8f0e877bf1b0
640bf14d3aa2a46aff0cff18;2022-12-20 10:03:44;625035bee612a77bf7ffb15a;6.99;1.0;FARINHA DE MANDIOCA GOSTOZZO AMARELA SC 1KG;625049704975710e87c98fc5
640bf7aceb3b007c10b8b48a;2022-12-27 18:37:45;625035bee612a77bf7ffb15a;3.99;1.0;UVA CAPPELLARO KIDS 250G;62c9130bd2057e2932bf2ff6
640c05d248da3d23841b8916;2023-01-11 21:10:44;625035bee612a77bf7ffb15a;3.99;1.0;CREME DE LEITE BETANIA UHT SUPER CREMOSO TRAD TP 200G;6250495d3da6c10e872edeca
640bc7430c75176d80a8fc29;2022-11-02 08:25:34;625035bee612a77bf7ffb15a;9.99;1.0;CREME DENTAL SORRISO XTREME WHITE 4D MINT CX 70G;62504963a068810e872840b7
640bdaf7ca9c002f1da402df;2022-11-25 16:40:17;625035bee612a77bf7ffb15a;2.99;1.0;GELEIA DE MOTOCO STELLA DORO NATURAL CP 180G;6321cca09067417361aec545
640c017314d14417ef036aef;2023-01-06 11:31:42;625035bee612a77bf7ffb15a;3.79;1.0;POLPA DE FRUTA MAIS POLPAS ACEROLA SC 500G;62504966c577590e8766131f
640c14ac3b5fbb1d7e7e9675;2023-01-28 11:42:45;625035bee612a77bf7ffb15a;12.99;1.0;CHIA LIVRE D PRETA EM GRAOS SC 120G;62504981ac32f20e870020a7
640c14a4db89221d7eeee5aa;2023-01-28 10:08:52;625035bee612a77bf7ffb15a;24.99;1.0;AZEITE DE OLIVA GALLO PORTUGAL EXTRA VIRGEM GF 500ML;6250495b1a59a60e8780797d
640bedc500da0e61d570cc17;2022-12-16 08:50:17;625035bee612a77bf7ffb15a;2.29;1.0;LAVA LOUCAS BOMBRIL LIMPOL MACA GF 500ML;6250497efe28a40e876b2646
640be04a1896d13e552f2b69;2022-11-30 08:59:38;625035bee612a77bf7ffb15a;9.99;1.0;LIMPADOR PERFUMADO UAU LAVANDA E CONFORTO GF LV1LT PG800ML;625049620480300e87b60603
640c1377e2e5f2140ea50ee2;2023-01-27 16:17:35;625035bee612a77bf7ffb15a;5.49;5.0;CERVEJA HEINEKEN LAGER BEER PREMIUM LONG NECK GF 330ML;62504962abdc470e872d40c0
640becf1f064b05f7ac04f37;2022-12-15 20:32:01;625035bee612a77bf7ffb15a;6.99;1.0;GEL DENTAL CLOSEUP ACAO PROFUNDA LIQUIFRESH RED HOT BS 100G;62504964675a130e870c32e4
640bfc4baf7981098fffa464;2022-12-31 07:32:10;625035bee612a77bf7ffb15a;1.19;10.0;HAMBURGUER SEARA TEXAS BURGER MISTO SC 56G;6250495c20c0b00e8753bb8c
640c164bdd2aeb2804df1027;2023-01-30 15:19:27;625035bee612a77bf7ffb15a;2.29;5.0;EMPANADO REZENDE STEAK DE FRANGO SC 100G;6250495d16f7040e87c8b331
640be11ee49f514071492f45;2022-12-01 12:40:39;625035bee612a77bf7ffb15a;9.99;1.0;OVOS TIJUCA CAIPIRA GRANDE VERMELHO BDJ 10X1 ;6250496cdc13490e873475ba
640bc757f654ab6d80d2002c;2022-11-02 16:22:23;625035bee612a77bf7ffb15a;6.99;1.0;DESINFETANTE URCA PINHO TRAD GF 2LT;6250495d1e53030e8794507a
640c0b9211432e408730d429;2023-01-18 08:15:02;625035bee612a77bf7ffb15a;10.99;1.0;OVOS TIJUCA BRANCO EXTRA BDJ 20X1;62b3049ade566e7c4cd2798d
640bcc851a1d087ea41b229e;2022-11-08 17:51:59;625035bee612a77bf7ffb15a;4.99;2.0;ARROZ PARBOILIZADO NAMORADO SC 1KG;6250495bc356cd0e8705e929
640bd236adfc671400b2ceef;2022-11-15 17:52:24;625035bee612a77bf7ffb15a;1.79;9.0;FARINHA DE MILHO DONA CLARA FLOCAO TRADICIONAL SC 500G;625049704968700e87d81181
640bd822c3e2b62780f9526b;2022-11-22 13:47:18;625035bee612a77bf7ffb15a;8.49;1.0;PAPEL HIGIENICO FAMILIAR SUPREMO NEUTRO PC 30MT 8X1;625049615107280e87f492a8
640c04f1d00caa2178769548;2023-01-10 10:22:05;625035bee612a77bf7ffb15a;6.99;3.0;BISCOITO ROSQUINHA FORTALEZA LEITE PC 350G;6250495c0fe40e0e871e7778
640bcbd6db06fb7c6fe9a60c;2022-11-07 18:48:56;625035bee612a77bf7ffb15a;1.09;3.0;BISCOITO RECHEADO RICHESTER AMORI CHOCOLATE PC 35,6G;62a72ecb09b15d4c1f4f03b1
640bd99ba222802bb1e5bd03;2022-11-24 15:37:18;625035bee612a77bf7ffb15a;15.99;0.36;BROCOLIS KG;6250495b1702e20e870e0707
640bf8a3044d7b7e89f84126;2022-12-28 18:15:58;625035bee612a77bf7ffb15a;1.79;1.0;BISCOITO RECHEADO RICHESTER AMORI MORANGO PC 125G;62a72ebbc8f7814c1f8c4008
640c1751e0f4802af48c3e7c;2023-01-31 18:38:31;625035bee612a77bf7ffb15a;32.99;0.186;QUEIJO COALHO FP LATICINIO FATIADO KG;6250495b6e8dad0e87213381
640c0505d13cec217833e300;2023-01-10 19:51:33;625035bee612a77bf7ffb15a;1.99;2.633;MELANCIA KG;6250495b0ed2910e875bc185
640be90956ed89548a145e0a;2022-12-10 19:44:06;625035bee612a77bf7ffb15a;5.49;1.0;PAO RABELO HOT DOG PC 400G;6250495f4901520e878553d9
640c0ae161a34731f8546ed3;2023-01-17 21:15:55;625035bee612a77bf7ffb15a;1.99;1.98;MAMAO FORMOSA KG;6250495b1a363f0e870bb47d
640be6525c7af84cc07457aa;2022-12-07 12:37:27;625035bee612a77bf7ffb15a;2.39;1.0;MACARRAO INSTANTANEO NISSIN MIOJO GALINHA CAIPIRA SC 85G;6250495ec30b710e8715fddf
640c09fca5d1662fbcc92283;2023-01-16 10:22:22;625035bee612a77bf7ffb15a;3.39;1.0;CHEIRO VERDE PROCESSADO SC;6250495b66f1f10e87d6b01a
640bf6d55d60ba79b7e9f688;2022-12-26 17:46:02;625035bee612a77bf7ffb15a;3.99;1.185;MAMAO FORMOSA KG;6250495b1a363f0e870bb47d
640bedc65a5e8161d53cfe7a;2022-12-16 09:08:47;625035bee612a77bf7ffb15a;7.99;2.0;CAFE PILAO TRADICIONAL VACUO SC 250G;6250495cfd01b60e878e2767
640bfec0a160240ff56625d3;2023-01-03 16:06:12;625035bee612a77bf7ffb15a;2.69;1.0;EMPANADO NOBRE STEAK DE PEITO DE FRANGO SC 100G;637fa381291ae80d7893c6e7
640bedc9f3f73161d5a9e3eb;2022-12-16 10:25:29;625035bee612a77bf7ffb15a;5.49;1.0;PAO KIPAO BISNAGUINHA PC 300G;6250497f19fbbf0e87b9774f
640bf4224d157d72a4ee524c;2022-12-23 12:20:09;625035bee612a77bf7ffb15a;11.99;1.0;ESCOVA DENTAL ORAL B 123 CLASSIC LIMPEZA BRILHANT MD LV3 PG2;6250496375fa0a0e876777ec
640bd8df1f3b6629b8ab6be3;2022-11-23 19:22:26;625035bee612a77bf7ffb15a;1.99;1.0;PASTILHA HALLS EXTRA FORTE 27,5G;62504964cc476e0e87a2d9fb
640c128a1a4ace0d5ebbd856;2023-01-26 19:04:34;625035bee612a77bf7ffb15a;30.99;1.0;LEITE EM PO ITAMBE INTEGRAL SC 800G;6250495ed9d9a50e873b5c13
640bf8913a1f697e897fa164;2022-12-28 11:00:54;625035bee612a77bf7ffb15a;7.99;0.74;REPOLHO VERDE KG;6250497d2250670e877ae0cd
640c0f6131d5df7f6b1fd071;2023-01-22 08:05:33;625035bee612a77bf7ffb15a;7.49;1.0;CAFE PILAO TRADICIONAL ABRE E FECHA SC 250G;62504965445ccd0e8701da8a
640be203ea8abf429096bff7;2022-12-02 11:22:43;625035bee612a77bf7ffb15a;36.99;0.312;QUEIJO MUSSARELA RIO JAGUARIBE FATIADO KG;636135470f70386ec98d9c5e
640c019196439a17efcef57a;2023-01-06 21:07:14;625035bee612a77bf7ffb15a;10.49;1.0;REFRIGERANTE ANTARCTICA GUARANA GF 3,3LT;6250495f0c71be0e87f404e7
640c043a1cca221f41a1711f;2023-01-09 22:35:05;625035bee612a77bf7ffb15a;2.49;1.0;MACARRAO INSTANTANEO NISSIN MIOJO GALINHA CAIPIRA SC 85G;6250495ec30b710e8715fddf
640be71bcaa3b94f165c4c23;2022-12-08 17:43:27;625035bee612a77bf7ffb15a;2.49;1.0;BISCOITO RECHEADO RICHESTER AMORI CHOCOLATE PC 125G;62a72eca0d1e524c1ff255c7
640c008cf07698151ff518f8;2023-01-05 18:35:16;625035bee612a77bf7ffb15a;2.49;1.0;TEMPERO EM PO REGINA NORDESTE SC 50G 10X1;6250497fff69230e879f5f62
640bf14c151d056aff04837c;2022-12-20 09:34:59;625035bee612a77bf7ffb15a;9.99;1.0;PAO PANE VITA INTEGRAL FORMA PC 500G;6250495fa5a6f30e87e99382
640bf6d360458779b780d0db;2022-12-26 16:41:05;625035bee612a77bf7ffb15a;6.99;1.0;SARDINHA GOMES DA COSTA C MOLHO DE TOMATE LA 125G;625049609681380e87420c74
640c041701ab2a1f41fc6743;2023-01-09 07:03:57;625035bee612a77bf7ffb15a;12.99;1.0;LAVA LOUCAS LIMPEBEM LIMAO GF 5LT;6321cca05c633a7361560679
640be9db9ca5c256c3b67d6c;2022-12-11 12:43:28;625035bee612a77bf7ffb15a;4.99;2.0;ABACAXI UN;625049606d308a0e87033050
640c136f8cf948140ed5df51;2023-01-27 12:36:42;625035bee612a77bf7ffb15a;9.99;2.0;OVOS EMAPE BRANCO EXTRA BDJ 20X1;6250496d2005170e878367c4
640c043b33d1001f41ff87a6;2023-01-09 23:02:08;625035bee612a77bf7ffb15a;2.69;1.0;BISCOITO RECHEADO RICHESTER AMORI FLOCOS PC 125G;62a72eb6d9e2dd4c1f4dc68f
640bf6d72554ed79b77ba3ee;2022-12-26 18:20:01;625035bee612a77bf7ffb15a;9.99;1.0;MACARRAO ADRIA SEMOLA GRANO DURO SPAGHETTI SC 500G;62a72e6b5e84414c1f074949
640be3f2594cb646b2b1de28;2022-12-04 10:52:21;625035bee612a77bf7ffb15a;7.99;1.0;DOCE POLY PREDILECTA GOIABADA PT 500G;62a72eb37ab3ad4c1f80040b
640bdecae312363a3bb54b22;2022-11-28 15:42:21;625035bee612a77bf7ffb15a;3.49;1.0;PEDRA SANITARIA GLADE BOSQUE DE PINHO CX 25G GTS 25%;625049623faac50e870a1b6b
640c15a5847e45255e19abac;2023-01-29 06:58:17;625035bee612a77bf7ffb15a;3.79;2.0;ARROZ BRANCO DO SITIO 1KG;63b5b26181a75b61cd833200
640c09523c840a2d8ef66875;2023-01-15 12:22:02;625035bee612a77bf7ffb15a;5.49;1.0;MILHO VERDE QUERO EM CONSERVA SC 170G;62504968cbee490e877f7e20
640bcfaf1e00f50b901de933;2022-11-12 07:50:47;625035bee612a77bf7ffb15a;3.59;1.0;SALGADINHO PIPPOS CEBOLA E SALSA SC 60G;633691144b9ba94f60638cd7
640bd3dc5cf1d217e0517b28;2022-11-17 19:15:24;625035bee612a77bf7ffb15a;6.99;1.0;COCADA ALIANA BRANCO BDJ 330G;62504963be49d40e8718957d
640bdec8d870c53a3ba5d421;2022-11-28 12:31:51;625035bee612a77bf7ffb15a;12.99;1.0;FARINHA LACTEA NESTLE TRADICIONAL LA 400G;6250495db1c0f50e877168a3
640bd77a00f09b25fd3459f6;2022-11-21 21:21:16;625035bee612a77bf7ffb15a;1.49;1.0;PASTILHA GAROTO HORTELA 17G;6250495f9fd9a60e87f73e35
640bd0ad2559061068497b78;2022-11-13 14:01:10;625035bee612a77bf7ffb15a;6.99;8.0;CERVEJA HEINEKEN LAGER BEER PREMIUM LONG NECK GF 330ML;62504962abdc470e872d40c0
640bf08e0051c468aac02eaf;2022-12-19 18:08:56;625035bee612a77bf7ffb15a;5.99;1.0;KETCHUP TAMBAU TRADICIONAL BS 380G;6250495c305faa0e872a2933
640bcd42f60094016f720ffa;2022-11-09 18:13:26;625035bee612a77bf7ffb15a;14.99;0.488;COSTELA SUINA SALGADA KG;6250495a4082730e87a6e349
640bca3825ae8478072a7f36;2022-11-05 15:52:05;625035bee612a77bf7ffb15a;1.89;8.0;FARINHA DE MILHO VITAMILHO FLOCAO TRADICIONAL SC 500G;62504970fa017c0e87a897a0
640bcde903d4d503b16b2382;2022-11-10 10:52:44;625035bee612a77bf7ffb15a;10.99;1.0;REQUEIJAO NESTLE LIGHT CP 200G;6250497f6c88b00e878f9295
640c0c77d0de2e5f70e80d6b;2023-01-19 13:23:06;625035bee612a77bf7ffb15a;9.99;1.0;ACHOCOLATADO EM PO NESTLE NESCAU 2 0 LA 370G;6250496c3015290e87bdb21b
640c008d830c4c151fe55cc0;2023-01-05 18:52:57;625035bee612a77bf7ffb15a;1.79;5.0;FARINHA DE MILHO DONA CLARA FLOCAO TRADICIONAL SC 500G;625049704968700e87d81181
640be3e97e63dc46b2875b13;2022-12-04 08:49:13;625035bee612a77bf7ffb15a;2.39;1.0;SUCO DEL VALLE KAPO UVA TP 200ML;6250497f9769fc0e8732a851
640bea907d4d4a593ea5502c;2022-12-12 17:41:20;625035bee612a77bf7ffb15a;5.19;1.0;BISCOITO CREAM CRACKER FORTALEZA TOSTADINHA PC 350G;62504968c6635f0e87aa92f8
640bc64e8d25de6925d516c1;2022-11-01 07:33:18;625035bee612a77bf7ffb15a;4.49;5.0;MACARRAO FORTALEZA SEMOLA FAIXA DOURADA ESPAGUETE SC 500G;62504970f1453d0e87590fd2
640bf0987a4cd768aa3ab1e4;2022-12-19 21:52:53;625035bee612a77bf7ffb15a;8.99;1.0;PAO PANE VITA DE NATA PC 400G;62504980bcc70a0e87c3cbb9
640bd3cc27a55b17e01bc68f;2022-11-17 09:27:32;625035bee612a77bf7ffb15a;2.99;3.0;CREME DE LEITE PARMALAT UHT TP 200G;62c9130718a3ab29324589af
640c05cb5dfd9f2384ccc0f4;2023-01-11 18:52:53;625035bee612a77bf7ffb15a;5.89;1.0;BOLACHA SANTANA TARECO PC 300G;625049676cf5e50e87838fa6
640bcde594ed4a03b11f1cd2;2022-11-10 07:50:54;625035bee612a77bf7ffb15a;9.99;1.0;LEITE EM PO ITAMBE INTEGRAL SC 200G;6250495ee22edf0e87d9acc3
640c10fa0786bb0563e3eec0;2023-01-24 17:27:20;625035bee612a77bf7ffb15a;6.99;1.0;SALGADO  COXINHA DE FRANGO;6250495a4795a50e87293b02
640c068839b53b25ffc18985;2023-01-12 09:40:14;625035bee612a77bf7ffb15a;4.19;1.0;POLPA DE FRUTA KIPOLPAS ABACAXI SC 500G ;6250495f7a04320e871b8f25
640bdde322c9fc378239b085;2022-11-27 10:09:16;625035bee612a77bf7ffb15a;1.09;1.0;BEBIDA LACTEA BETANIA UHT BETAKIDS CHOC TP 200ML;6250497db1994f0e87f5fe6d
640bcc87a82f5b7ea4b92519;2022-11-08 18:14:26;625035bee612a77bf7ffb15a;8.99;1.0;REFRIGERANTE COCA COLA GF 2LT;6250495f009be40e87ae07ca
640bcec3c7ca60064ea2a44a;2022-11-11 16:56:51;625035bee612a77bf7ffb15a;6.49;0.53;TOMATE KG;6250495befd4f30e8754e347
640c069a09e98d25ff9fcf0c;2023-01-12 19:06:03;625035bee612a77bf7ffb15a;8.99;2.0;BATATA FRITA PRINGLES CHURRASCO PT 120G;62504969e80c620e871255e4
640bea9634cd4c593eb742e5;2022-12-12 19:18:44;625035bee612a77bf7ffb15a;5.49;4.0;LEITE UHT ELEGE INTEGRAL TP 1LT;6250495e437f080e87f8c3de
640bcc80c1e6ae7ea44aedaf;2022-11-08 12:44:43;625035bee612a77bf7ffb15a;3.49;1.0;BISCOITO DOCE NESTLE PASSATEMPO LEITE PC 150G;62a72e3615123a4c1f86e7b2
640bd6afd83fbe240a4fe33b;2022-11-20 08:20:04;625035bee612a77bf7ffb15a;5.99;1.0;LEITE UHT BETANIA INTEGRAL TP 1LT;6250495e959c790e8771e6e8
640c17473f79282af411f48e;2023-01-31 15:28:13;625035bee612a77bf7ffb15a;4.29;1.0;PETA ROMANA PC 100G;63eec2f9f91e373c75b9a0c3
640bcbddfd2dc87c6f1fa38b;2022-11-07 21:26:50;625035bee612a77bf7ffb15a;18.99;1.0;SABAO LIQUIDO OMO SPORTS SC 900ML;625049658100b00e873726aa
640c1289f93b6f0d5ebb6553;2023-01-26 18:36:52;625035bee612a77bf7ffb15a;2.49;1.0;FERMENTO EM PO DONA BENTA BIOLOGICO FERMIX SC 10G;6250495dc656520e877525ce
640bd15db67212120c4ccf5c;2022-11-14 10:50:08;625035bee612a77bf7ffb15a;4.39;2.0;ACUCAR CRISTAL SAMUKA SC 1KG;62504970a1b4990e87d991a8
640bf9ac2dc37e02b186556d;2022-12-29 10:40:15;625035bee612a77bf7ffb15a;8.49;1.0;SABAO EM PASTA ASSOLAN ATOL NEUTRO MAIS BRILHO PT 500G;6250495fa939c80e8780f8e5
640bf6dee271bb79b7e2a9a8;2022-12-26 20:58:55;625035bee612a77bf7ffb15a;1.99;1.0;PASTILHA HALLS CEREJA 28G;62504964c19c250e87459da9
640bd98c44237b2bb1b08cfc;2022-11-24 07:31:34;625035bee612a77bf7ffb15a;2.19;1.0;BISCOITO WAFER RICHESTER AMORI MORANGO PC 80G;6250496faddc7c0e87584185
640bf5b6ef27fa767d5159af;2022-12-24 21:07:20;625035bee612a77bf7ffb15a;2.49;1.0;CREME DENTAL ORAL B 123 ANTIC MENTA SUAVE CX 70G;6250495df858740e876ed5ac
640c0bac6fb4e34087af660a;2023-01-18 19:24:57;625035bee612a77bf7ffb15a;4.19;3.0;ARROZ BRANCO DO SITIO 1KG;63b5b26181a75b61cd833200
640c11b714e2ed087f488abe;2023-01-25 06:59:07;625035bee612a77bf7ffb15a;2.29;2.0;LAVA LOUCAS URCA LIMAO GF 500ML;63eec2fecb432e3c7570640e
640c1656b2d0942804ab9373;2023-01-30 19:29:35;625035bee612a77bf7ffb15a;2.99;1.0;PAPRICA NATUVIDA DOCE SC 50G;62504965dd9e100e8769e63f
640be3f396447a46b2618cf0;2022-12-04 10:56:51;625035bee612a77bf7ffb15a;1.79;1.0;BISCOITO WAFER BAUDUCCO CHOCOLATE PC 78G;62504964e2443d0e877a7046
640c0288a4a8551a5b2a9d61;2023-01-07 14:26:44;625035bee612a77bf7ffb15a;3.99;1.0;BISCOITO RECHEADO OREO CHOCOLATE PC 90G;625049612ebdf90e8768b891
640bcc89a708507ea4c3fd46;2022-11-08 19:17:51;625035bee612a77bf7ffb15a;2.99;1.0;HASTES FLEXIVEIS TOPZ CX 75X1;6250496d2d11eb0e877e2486
640bcfd9e38d0c0b909661b8;2022-11-12 22:05:56;625035bee612a77bf7ffb15a;6.99;1.0;SABAO LIQUIDO OMO LAVAGEM PERFEITA SC 700ML;62a72ecc7cb9274c1f660ac9
640bd31bc8616315fed8a795;2022-11-16 22:04:21;625035bee612a77bf7ffb15a;16.99;1.0;CREME DE TRATAMENTO NOVEX REPOSITOR DE MASSA PT 400G;62a72e3cf6c43f4c1fa2f922
640be4ae4d63c048ade8fb64;2022-12-05 12:09:51;625035bee612a77bf7ffb15a;3.19;1.0;CREME DE LEITE ITAMBE TRAD TP 200G;6250495d17bf250e8794d585
640bd81e5e3b3a2780e84369;2022-11-22 09:51:35;625035bee612a77bf7ffb15a;2.49;1.0;CHOCOLATE EM BARRA SNICKERS SC 45G;62504965ccf01a0e87050a4a
640bcd3657d8ea016f6f9f42;2022-11-09 08:02:36;625035bee612a77bf7ffb15a;1.39;1.0;REFRESCO FRISCO UVA SC 25G;6250495f7014420e8740a6da
640c1751e9c61e2af4fb895d;2023-01-31 18:44:41;625035bee612a77bf7ffb15a;14.99;0.34;PAO  KG;6250495a0a398c0e87675e61
640bdc94d9181a33efb83953;2022-11-26 11:07:47;625035bee612a77bf7ffb15a;2.79;1.255;BATATA DOCE KG;6250495b20af2b0e87f023e6
640be32289658f448e0f0177;2022-12-03 17:50:49;625035bee612a77bf7ffb15a;5.49;1.0;MINGAU VITALON TURMA DA MONICA 3 FRUTAS SC 200G;6250495eb2991d0e8718ca77
640bea981de232593e60f83d;2022-12-12 19:59:59;625035bee612a77bf7ffb15a;8.99;1.0;ABS ALWAYS NOITES TRANQUILAS SECA C ABAS SC LV8 PG7;6250495bce981d0e87b44241
640c15ad1bf21c255efcfd21;2023-01-29 09:03:12;625035bee612a77bf7ffb15a;7.49;1.0;LENCOS FACIAIS KLEENEX DUPLOS SUAVES CX LV60 PG50;6250495e3c817e0e873a4e1d
640bc65ec087fa692507df4a;2022-11-01 16:18:41;625035bee612a77bf7ffb15a;32.99;1.0;LEITE EM PO ITAMBE INTEGRAL SC 1KG;6250495ef1f7de0e8736ffdd
640bfdd8ac82b50d6b5fd4e7;2023-01-02 17:12:04;625035bee612a77bf7ffb15a;5.49;1.0;MINGAU MAIZENA CREMOGEMA MARACUJA CX 160G;62504967b3540f0e870a5a98
640bd770b5990125fd221c38;2022-11-21 17:00:51;625035bee612a77bf7ffb15a;8.49;1.0;REQUEIJAO ISIS LIGHT CP 200G;6250497fdd258b0e876105f4
640be9ccad96df56c3538664;2022-12-11 08:58:55;625035bee612a77bf7ffb15a;4.99;1.0;SUCO ISIS FRUTAS CITRICAS GF 1LT;62504960e309c40e872dd10d
640c0e8e726dcc7cb56e52e7;2023-01-21 14:43:21;625035bee612a77bf7ffb15a;13.99;1.0;SABAO EM PO BRILHANTE HIGIENE TOTAL SC 800G;6250496670565f0e8716a27e
640bdf8a3b50363c2b50a7bf;2022-11-29 10:31:01;625035bee612a77bf7ffb15a;19.99;0.08;ALHO A GRANEL KG ;6250495b8e39270e87dd3afb
640c008ec98cb9151fdd4135;2023-01-05 19:04:09;625035bee612a77bf7ffb15a;2.39;2.0;FARINHA DE MILHO MARATA FLOCAO TRADICIONAL SC 500G;6250495d86e4ae0e877d7471
640bec17c6343d5d402854f7;2022-12-14 17:33:02;625035bee612a77bf7ffb15a;17.99;1.99;RACAO NHAC GATO MIX KG;637fa37af7514f0d78872113
640c0b99595b79408745e647;2023-01-18 10:49:24;625035bee612a77bf7ffb15a;14.99;1.0;OVOS CAIPIRA RIO PALHANO BDJ 15X1;6325b0b15286e83c01c8ef51
640becdc97fa175f7a11c5a5;2022-12-15 09:42:04;625035bee612a77bf7ffb15a;5.59;1.0;SALGADINHO ELMA CHIPS DORITOS QUEIJO NACHO SC 45G;633ec692571265557784926d
640c0884fd8c3b2b8f0bb5c6;2023-01-14 18:26:11;625035bee612a77bf7ffb15a;8.49;0.385;BATATA INGLESA KG;6250495b468da50e87b28476
640bced49fc613064e8e6851;2022-11-11 21:30:19;625035bee612a77bf7ffb15a;3.49;12.0;CERVEJA BOHEMIA PURO MALTE LA 350ML;6250495cc827c50e877afd74
640bdf996756a43c2bb586f3;2022-11-29 21:24:16;625035bee612a77bf7ffb15a;5.19;1.0;BISCOITO KIPAO AMANTEIGADO PC 250G;625049693c68de0e87866212
640bcb0f55d0e77a72be076f;2022-11-06 10:49:10;625035bee612a77bf7ffb15a;4.99;1.0;UVA VITORIA NOVIM BDJ 500G;6250496d3673410e87ce9d30
640bdf97daa4013c2b50ae7e;2022-11-29 19:49:17;625035bee612a77bf7ffb15a;0.89;6.0;HAMBURGUER CHULETAO MISTO SC 56G;62504980d2e6f10e875da5c3
640c15b1f6d295255eb658de;2023-01-29 09:44:14;625035bee612a77bf7ffb15a;1.99;1.0;BISCOITO RECHEADO RICHESTER AMORI CHOCOLATE PC 125G;62a72eca0d1e524c1ff255c7
640be4b0800e6248adcf4bdc;2022-12-05 12:56:48;625035bee612a77bf7ffb15a;3.89;0.13;BATATA INGLESA KG;6250495b468da50e87b28476
640bf891f2be2d7e8930f28c;2022-12-28 10:53:12;625035bee612a77bf7ffb15a;5.99;1.0;LEITE UHT BETANIA DESNATADO TP 1LT;6250495e18a1b30e870766be
640bf59724e2c5767dba2fd2;2022-12-24 13:24:15;625035bee612a77bf7ffb15a;33.99;1.0;AZEITE DE OLIVA GALLO PORTUGAL TIPO UNICO GF 500ML;6250495b448b4a0e877c861d
640be317898395448ed6a493;2022-12-03 13:16:45;625035bee612a77bf7ffb15a;4.49;2.0;BISCOITO CREAM CRACKER MARILAN ESPECIAL PC 350G;6250496bb5ff170e87420d72
640bcb0b3da32e7a72318d05;2022-11-06 09:22:18;625035bee612a77bf7ffb15a;2.79;1.0;BEBIDA LACTEA NESTLE NESQUIK UHT MORAN TP 200ML;6250495cbd0b080e87e6df09
640bd4a984936a1bb0a6e7bc;2022-11-18 08:48:07;625035bee612a77bf7ffb15a;9.99;1.0;SABAO LIQUIDO OMO LAVAGEM PERFEITA SC 700ML;62a72ecc7cb9274c1f660ac9
640c10fbf6c19d05630b6a6a;2023-01-24 17:39:13;625035bee612a77bf7ffb15a;19.99;1.202;FIGADO BOVINO KG;6250495b5abfab0e8743bc5f
640be3f964471146b22ed645;2022-12-04 12:32:07;625035bee612a77bf7ffb15a;1.99;1.0;SABONETE REXONA ANTIBAC FRESH SC 84G;6250495fc9a2f40e87c85ef0
640be3f32b3d1446b28d72c1;2022-12-04 11:06:21;625035bee612a77bf7ffb15a;3.99;1.0;SABONETE PROTEX COMPLETE 12 SC 85G;625049632406a20e87a0458b
640c076d1110bd2891b506d1;2023-01-13 10:24:55;625035bee612a77bf7ffb15a;8.99;1.0;CAPPUCCINO SANTA CLARA TRADICIONAL PT 200G;6250497ebb155d0e87344267
640c036aa062d01cf867e869;2023-01-08 12:26:54;625035bee612a77bf7ffb15a;4.99;1.0;BISCOITO SORTIDO FORTALEZA POPULAR MINI CRACKER PC 400G;6250495c47f2730e87da06a4
640bd4abb9babe1bb0978153;2022-11-18 09:33:02;625035bee612a77bf7ffb15a;3.79;1.0;TORRADA FORTALEZA INTEGRAL PC 142G;62504965d8d31e0e874338d5
640bec170822c25d40459c80;2022-12-14 18:00:48;625035bee612a77bf7ffb15a;11.49;2.0;OLEO DE SOJA SOYA GF 900ML;6250495ebd25ed0e8742ab1c
640bea8a61d20a593e4c1fc1;2022-12-12 12:22:59;625035bee612a77bf7ffb15a;4.29;1.0;ACUCAR CRISTAL SAMUKA SC 1KG;62504970a1b4990e87d991a8
640bcfb022dcbd0b90230d9a;2022-11-12 07:57:50;625035bee612a77bf7ffb15a;1.79;1.0;BISCOITO WAFER RICHESTER AMORI MAX CHOCOLATE AO LEITE PC 87G;6250496da77af80e8736260b
640bdf958f34473c2b6e4cfc;2022-11-29 19:06:38;625035bee612a77bf7ffb15a;1.29;27.0;BEBIDA LACTEA MOCOCA UHT MOCOQUINHA CHOC TP 200ML;639960ddbfc2496a51e26255
640bdddb95c0b93782e0559d;2022-11-27 08:55:06;625035bee612a77bf7ffb15a;3.19;4.0;ACUCAR CRISTAL CORURIPE SC 1KG ;62504966263fcb0e87c6d456
640bcecde5e0ef064e0a6bc1;2022-11-11 19:33:07;625035bee612a77bf7ffb15a;8.99;0.305;TANGERINA MURCOTE KG;6250495b6af9d90e87023088
640bfc59cdb8d0098f774df7;2022-12-31 10:09:58;625035bee612a77bf7ffb15a;18.99;3.938;SOBREPALETA SUINA CONG SEM OSSO KG;6250495a319aeb0e870fd0a0
640c0295a0c2a81a5b5eb237;2023-01-07 19:22:40;625035bee612a77bf7ffb15a;8.49;1.0;REFRIGERANTE COCA COLA MENOS ACUCAR GF 2,5LT;62504969098f5f0e873acd19
640bd3e09513f117e04b7a89;2022-11-17 20:03:02;625035bee612a77bf7ffb15a;2.49;2.0;AGUA SANITARIA DRAGAO CLORO ATIV GF 1LT;6250495b02758b0e872e1a4c
640c0f63769cd27f6b5a7cc3;2023-01-22 08:54:16;625035bee612a77bf7ffb15a;5.49;1.0;MILHO VERDE QUERO EM CONSERVA SC 170G;62504968cbee490e877f7e20
640bd775b932db25fda2185e;2022-11-21 18:51:44;625035bee612a77bf7ffb15a;5.49;1.0;PAO RABELO LEITE PC 350G;6250495f3989900e87fb65d4
640bd99fd2d5922bb1117f9c;2022-11-24 19:18:44;625035bee612a77bf7ffb15a;1.09;6.0;HAMBURGUER FRIBOI MISTO SC 56G;62e48e2568696a121a02d628
640bf58e31a90e767d9471d8;2022-12-24 11:25:51;625035bee612a77bf7ffb15a;1.99;1.0;SABONETE EVEN SUAVE EXTRATO DE FLORES E BURITI SC 85G;6250496560d6340e87ec6834
640bd6b463f383240af15215;2022-11-20 09:29:29;625035bee612a77bf7ffb15a;3.19;1.0;ABS CLINOFF SWEET FRESH SUAVE C ABAS SC 8X1;62504961970bdc0e8707367a
640c035f8306aa1cf8d27a84;2023-01-08 09:50:51;625035bee612a77bf7ffb15a;5.19;1.0;GELO MAIS GELO CUBO SC 3KG;6250495e87eb220e87317494
640bc91790cf7475907fabe5;2022-11-04 13:35:16;625035bee612a77bf7ffb15a;6.99;1.0;DESODORANTE AEROSOL MONANGE FLOR DE LAVANDA 72H 150ML;625049646cd6130e874c636a
640c095601cb832d8e5acd25;2023-01-15 15:03:59;625035bee612a77bf7ffb15a;2.79;5.0;CERVEJA PETRA ORIGEM PURO MALTE LA 350ML;625049633275f10e87bdbee9
640bd4be43ec6a1bb0762fbe;2022-11-18 18:25:15;625035bee612a77bf7ffb15a;2.19;1.0;REFRIGERANTE FANTA LARANJA LA 220ML;62504962ace9e40e8712497e
640bcdecf8400103b1dfc1e8;2022-11-10 14:07:13;625035bee612a77bf7ffb15a;3.99;1.0;REMOVEDOR DE ESMALTE ALYNE ACETONA GF 100ML;6250495be9d3da0e874fb988
640bf31735c1ca6fabb1ee63;2022-12-22 17:35:44;625035bee612a77bf7ffb15a;7.29;1.0;FARINHA DE TRIGO FINNA TRADICIONAL SC 1KG;6250496400ded20e873565bc
640bcfbe322f450b90b3f68b;2022-11-12 11:50:19;625035bee612a77bf7ffb15a;6.49;1.0;TEMPERO GENGIBRE DESIDRATADO NATUVIDA SC 50G;62504968df162f0e87c7b6d3
640c11c3e30e09087f94ae95;2023-01-25 14:53:04;625035bee612a77bf7ffb15a;6.99;1.0;AGUA MINERAL APODI NATURAL GF 20LT;6250495bb32d540e875df736
640be1fbc408894290dc5420;2022-12-02 09:02:58;625035bee612a77bf7ffb15a;6.99;3.0;LEITE CONDENSADO BETANIA SEMIDESNATADO TP 395G;6250495ed7b9fc0e87c63c21
640bf7ad72caef7c10f0a62c;2022-12-27 19:12:28;625035bee612a77bf7ffb15a;3.29;2.0;CAPIM SANTO SC;6250495b686e860e87c73283
640bf3026dc8566fab2b43a7;2022-12-22 08:28:12;625035bee612a77bf7ffb15a;10.49;1.0;OVOS EMAPE BRANCO GRANDE BDJ 20X1;62a72ea8d3fa694c1fb5bb7b
640c10318b4af002a9f0c47d;2023-01-23 18:03:19;625035bee612a77bf7ffb15a;8.99;0.15;TOMATE KG;6250495befd4f30e8754e347
640bd765a956b325fdfbaf9a;2022-11-21 07:29:50;625035bee612a77bf7ffb15a;3.39;1.0;CHEIRO VERDE PROCESSADO SC;6250495b66f1f10e87d6b01a
640be0600356513e5596ab6b;2022-11-30 21:06:38;625035bee612a77bf7ffb15a;5.49;1.0;BISCOITO SORTIDO FORTALEZA POPULAR FOFITOS COCO PC 400G;6250495cb16e730e8787167a
640bfc6824f71e098fd5794b;2022-12-31 12:36:32;625035bee612a77bf7ffb15a;3.29;1.0;COUVE MANTEIGA UN;6250497d7df1c70e879f39ea
640c10ed4cbd9905638be8c1;2023-01-24 09:48:59;625035bee612a77bf7ffb15a;19.99;1.0;AMACIANTE DE ROUPAS FOFO DILUIDO TRAD GF 1,8LT;62504968ff8d700e875628c4
640c0c7812b5c65f701d773e;2023-01-19 14:45:39;625035bee612a77bf7ffb15a;9.99;1.0;DESINFETANTE LIMPEBEM IGUATEMI GF 5LT;630f3b97ba0e3e4115e8d089
640becee3a75a25f7af74b4a;2022-12-15 19:03:19;625035bee612a77bf7ffb15a;15.99;1.0;POLPA DE FRUTA DELICIA DO PARA ACAI SC 500G;6250496d960f480e87eba144
640c10fd3ad8af0563724684;2023-01-24 18:21:17;625035bee612a77bf7ffb15a;34.99;0.216;QUEIJO MUSSARELA RIO JAGUARIBE FATIADO KG;636135470f70386ec98d9c5e
640bede69bee9961d5d6a709;2022-12-16 22:04:04;625035bee612a77bf7ffb15a;12.99;1.0;BATATA FRITA PRINGLES CREME E CEBOLA PT 120G;625049804e47fe0e871428fe
640c13884490e8140ec72d44;2023-01-27 19:50:26;625035bee612a77bf7ffb15a;1.99;1.0;MOLHO DE TOMATE FUGINI TRADICIONAL SC 300G;6250495ebd89cf0e879d957e
640c0ace53522231f8a4f23d;2023-01-17 13:24:07;625035bee612a77bf7ffb15a;18.99;1.0;SABAO EM PO OMO LAVAGEM PERFEITA SC 800G;62504967cb56ca0e877800f6
640be203e8ee41429036ee73;2022-12-02 11:24:00;625035bee612a77bf7ffb15a;8.99;0.13;CEBOLA BRANCA KG;6250495bad4f820e87177f0e
640bd16d68ff4b120cbfb020;2022-11-14 20:22:00;625035bee612a77bf7ffb15a;8.29;1.0;REFRIGERANTE ANTARCTICA GUARANA GF 2LT;6250495f77d5530e87615613
640bece6f9f9af5f7acb0d60;2022-12-15 16:10:42;625035bee612a77bf7ffb15a;4.39;1.0;BEBIDA LACTEA ITAMBE GOODY MORANGO BDJ 540G;625049809918c50e87c851da
640be4b621d8de48ad602c4e;2022-12-05 15:29:11;625035bee612a77bf7ffb15a;6.99;1.0;MOLHO PRONTO PREDILECTA BRANCO SC 240G;6250495e2fda1c0e878fd388
640bfdce2109680d6b78506b;2023-01-02 11:49:49;625035bee612a77bf7ffb15a;2.49;1.465;MAMAO FORMOSA KG;6250495b1a363f0e870bb47d
640c175b90138f2af4e23d42;2023-01-31 21:11:19;625035bee612a77bf7ffb15a;10.99;1.0;BISCOITO DE ARROZ FIT FOOD CHOCOLATE AMARGO PC 60G;637fa38110a9300d787067af
640c0688b3882325ffb86154;2023-01-12 09:30:20;625035bee612a77bf7ffb15a;5.99;1.0;TORRADA BAUDUCCO CEREALE TOAST INTEGRAL MULTICEREAIS PC 128G;62504968a6df9b0e872f00a3
640bec17517c995d40d4119e;2022-12-14 17:34:13;625035bee612a77bf7ffb15a;2.79;1.0;HASTES FLEXIVEIS BELLACOTTON CX LV75 PG65;6250495e570bad0e87345641
640c0c835946ce5f704d67a7;2023-01-19 18:38:08;625035bee612a77bf7ffb15a;4.49;1.0;FILTRO DE PAPEL SANTA CLARA 103 CX 30X1;6250495de009090e8751a5e0
640be1fd441855429097e28a;2022-12-02 09:43:24;625035bee612a77bf7ffb15a;5.49;1.0;FARINHA DE TRIGO DONA MARIA TRADICIONAL SC 1KG;62504963fc35170e8787389e
640bd5cb1f3ad420d08d48d1;2022-11-19 12:24:31;625035bee612a77bf7ffb15a;10.99;0.75;ABACATE KG;6250495b244c4a0e87bbd6f5
640c16574903e12804cb146b;2023-01-30 19:51:44;625035bee612a77bf7ffb15a;22.99;1.006;LINGUICA REZENDE TOSCANA MISTA KG;6250495b93ac4c0e87c92e66
640bcde7336b5d03b1f86b68;2022-11-10 09:42:45;625035bee612a77bf7ffb15a;0.99;3.0;ESPONJA BETTANIN BRILHUS MULTIUSO DUPLA FACE SC;6250495d14297a0e8766eeae
640bcbc89457de7c6f080057;2022-11-07 10:08:12;625035bee612a77bf7ffb15a;12.99;1.0;LAVA LOUCAS LIMPEBEM LIMAO GF 5LT;6321cca05c633a7361560679
640beee21e5ae364a7dfd256;2022-12-17 11:34:01;625035bee612a77bf7ffb15a;10.99;1.0;SABONETE LIQUIDO ALYNE ORQUIDEA GF 1LT;6250496c14957a0e877fbc5f
640be7fe882d9151a43fe41a;2022-12-09 19:08:58;625035bee612a77bf7ffb15a;4.49;1.0;CAFE KIMIMO FORTE E ENCORPADO SOLUVEL SC 50G;6250495cd4ad710e8736b33f
640c0acf7c272031f8d88999;2023-01-17 14:01:45;625035bee612a77bf7ffb15a;3.29;1.0;FOSFORO GABOARDI CX 40X10;6250495d1e1b210e87206752
640c128d2d993f0d5e314145;2023-01-26 20:34:18;625035bee612a77bf7ffb15a;9.99;4.0;OVOS SAO JOSE CAIPIRA SERTANEJO GRANDE BDJ 10X1 ;62504961bd5e5d0e877f176d
640c12843e74fd0d5e0fea90;2023-01-26 17:03:58;625035bee612a77bf7ffb15a;6.99;1.0;FILME DE PVC BRICOFLEX 28CM X 30MT CX;625049701c05730e87f98481
640bf431c0858372a4fa27de;2022-12-23 17:47:42;625035bee612a77bf7ffb15a;2.99;1.0;BALA MENTOS DROPS PURE FRESH WINTERGREEN 16G;6250496e2881170e87b900db
640bedd9ae50b061d5b09bbb;2022-12-16 17:50:45;625035bee612a77bf7ffb15a;4.49;1.0;AMIDO DE MILHO MAIZENA ORIGINAL CX 200G;6250495b657f510e87df481f
640bfadb36afee05b6f0e20f;2022-12-30 12:03:54;625035bee612a77bf7ffb15a;10.49;1.0;DESODORANTE AEROSOL REXONA WOMAN ACTIVE EMOTION 150ML;6250495d278f4f0e8751e5ed
640c173c7b8bff2af4b07b29;2023-01-31 10:25:15;625035bee612a77bf7ffb15a;2.99;1.0;IOGURTE ISIS POL SEMIDESN SALADA FRUT GF 180G;6250495e9517380e871e343a
640c0ad3a24b2c31f8d490a7;2023-01-17 17:00:22;625035bee612a77bf7ffb15a;25.99;0.218;LANCHE PERDIGAO CHESTER FRANGO FATIADA KG ;6250497d66a77e0e8744c689
640bd9969cd8fe2bb1059a90;2022-11-24 14:06:49;625035bee612a77bf7ffb15a;4.39;1.0;ACUCAR CRISTAL CAETE SC 1KG;625049701d1cd90e87c35051
640be124c340d14071145c81;2022-12-01 16:55:27;625035bee612a77bf7ffb15a;14.99;0.126;PAO  KG;6250495a0a398c0e87675e61
640bfeb1f5cf3c0ff535bca8;2023-01-03 08:58:33;625035bee612a77bf7ffb15a;9.99;1.0;TELA PARA PIA TNTEX OVAL 38CM X 30CM;62504965c3f8670e87e46465
640bcc7dfe89a67ea44d49f7;2022-11-08 09:59:07;625035bee612a77bf7ffb15a;4.79;1.0;DESODORANTE EM CREME DONNA HERBISSIMO SENSITIVE PT 55G;62a72e3e0c07104c1febf287
640c042957ee531f41891326;2023-01-09 16:44:01;625035bee612a77bf7ffb15a;1.59;4.0;REFRIGERANTE FANTA UVA GF 250ML;6250497fc6b6710e878256b9
640bdadb9083ea2f1d6ec919;2022-11-25 09:58:06;625035bee612a77bf7ffb15a;0.99;1.0;ESPONJA SANTA MARIA VIP DUPLA FACE SC;635995dd40d5672177bcffe4
640bc8323822307293947c05;2022-11-03 08:03:34;625035bee612a77bf7ffb15a;17.99;1.0;SHAMPOO HEAD E SHOULDERS ANTICOCEIR BS 200ML;6250496033647d0e87cd1cbe
640beb54f257725b756d0a90;2022-12-13 14:50:35;625035bee612a77bf7ffb15a;3.49;0.974;ABOBORA LEITE KG ;6250495b00916b0e87971a6d
640c11d0a21b1a087fd20a0e;2023-01-25 20:23:17;625035bee612a77bf7ffb15a;12.99;0.12;TANGERINA MURCOTE KG;6250495b6af9d90e87023088
640bca3baf5fde78079add45;2022-11-05 16:49:49;625035bee612a77bf7ffb15a;1.89;2.0;FARINHA DE MILHO VITAMILHO FLOCAO TRADICIONAL SC 500G;62504970fa017c0e87a897a0
640bc92c3f403b7590d46c67;2022-11-04 21:43:35;625035bee612a77bf7ffb15a;8.49;1.0;PAPEL HIGIENICO FAMILIAR SUPREMO NEUTRO PC 30MT 8X1;625049615107280e87f492a8
640c00822b50c0151fbd8916;2023-01-05 13:34:47;625035bee612a77bf7ffb15a;4.19;2.0;ARROZ PARBOILIZADO VO OLIMPIO SC 1KG;6250496795ab1d0e8701c4ac
640bec072431345d40492b54;2022-12-14 07:15:20;625035bee612a77bf7ffb15a;16.99;1.0;MINGAU NESTLE MUCILON MULTICEREAIS SC 600G;625049613a8f130e875354bd
640c175536625f2af4ab73d0;2023-01-31 19:27:03;625035bee612a77bf7ffb15a;52.99;1.0;FRALDA PERSONAL BABY PREMIUM PANTS JUMBO G SC 42X1;632c705d369d152669b71640
640bf423d4279872a475cc02;2022-12-23 12:26:33;625035bee612a77bf7ffb15a;15.99;1.0;MOLHO BARBECUE CEPERA ORIGINAL BS 400G;625049660121210e870db4f6
640c0361e2d7071cf8cb7da1;2023-01-08 10:20:40;625035bee612a77bf7ffb15a;6.49;1.0;MARGARINA PRIMOR COM SAL PT 500G;6250495eb7c2570e87c8aa1b
640bfdd22dd5ec0d6b5903eb;2023-01-02 13:20:48;625035bee612a77bf7ffb15a;4.49;1.0;UVA CAPPELLARO KIDS 250G;62c9130bd2057e2932bf2ff6
640bf888b4d1787e892f8615;2022-12-28 07:28:25;625035bee612a77bf7ffb15a;6.99;0.685;MAMAO FORMOSA KG;6250495b1a363f0e870bb47d
640c05baf8835c23841c97ec;2023-01-11 09:02:54;625035bee612a77bf7ffb15a;34.99;0.2;PRESUNTO SADIA PERU FATIADO KG;6250495b6e1edb0e871d11d9
640bfde4db2fba0d6b1e3669;2023-01-02 20:10:57;625035bee612a77bf7ffb15a;3.49;1.0;EXTRATO DE ALHO FOLHA VERDE TRADICIONAL GF 500ML;62a741e1af6688713deeba63
640c042c8fe7b11f4160a9cc;2023-01-09 17:36:39;625035bee612a77bf7ffb15a;13.99;1.0;SABONETE LIQUIDO ALYNE MORANGO GF 1LT;6250496ccd90840e877abda5
640c0691559f5625ff185cc7;2023-01-12 15:20:36;625035bee612a77bf7ffb15a;1.39;1.0;BEBIDA LACTEA BETANIA UHT BETAKIDS CHOC TP 200ML;6250497db1994f0e87f5fe6d
640c0c6eb7449f5f7076f7be;2023-01-19 08:23:19;625035bee612a77bf7ffb15a;15.99;1.0;CORTE DE FRANGO TIJUCA COXA COM SOBRECOXA BDJ 1KG;6250496351699c0e87b21daf
640bf8938522247e89969f75;2022-12-28 11:21:11;625035bee612a77bf7ffb15a;10.49;1.0;FEIJAO CORDA KICALDO SC 1KG;62504961d79f420e87dc8252
640bcd3e82c349016fbf7bac;2022-11-09 15:18:33;625035bee612a77bf7ffb15a;8.49;1.0;ALHO PRA GENTE ROXO PC 200G;6250495ba58eec0e876e3f48
640bd76f9d52e625fdf98904;2022-11-21 16:08:33;625035bee612a77bf7ffb15a;1.79;5.0;CHOCOLATE GAROTO BATON ORIGINAL AO LEITE SC 16G;6250495c32b1bb0e8792b818
640bc834aa03f07293491318;2022-11-03 09:10:25;625035bee612a77bf7ffb15a;19.99;1.0;PAPEL HIGIENICO VELUD FOLHA DUPLA NEUTRO PC 30MT LV12 PG11;625049635a95a50e8769c62b
640bec094908245d40b67007;2022-12-14 08:43:01;625035bee612a77bf7ffb15a;25.99;1.0;OVOS SAO JOSE VERMELHO MEDIO BDJ 30X1 ;6250497fd380550e871d5910
640c04ffc915602178515753;2023-01-10 18:09:48;625035bee612a77bf7ffb15a;3.79;1.0;CHOCOLATE WAFER LACTA BIS XTRA BLACK SC 45G;6250496b7a042f0e871b1b6d
640c137619a146140ecee392;2023-01-27 16:10:27;625035bee612a77bf7ffb15a;1.99;0.55;LARANJA KG;6250495b10dcbf0e87d93203
640c14d55586081d7edbd8c2;2023-01-28 21:56:17;625035bee612a77bf7ffb15a;11.99;1.0;CADERNO CAPA DURA TERRA DO SOL EMILY DESENHO 96 FLS;63eec2f7c004a73c752f1f4a
640bd16c4c8483120ca3d620;2022-11-14 19:59:39;625035bee612a77bf7ffb15a;10.99;1.0;ALICATE MUNDIAL PERSONAL CARE SANDY LILAS CR + ESPATULA;625049629f3f490e874a5cf7
640c035af7d5641cf8bc4f00;2023-01-08 08:37:40;625035bee612a77bf7ffb15a;4.79;1.0;POLPA DE FRUTA MAIS POLPAS ABACAXI COM HORTELA SC 500G;62504966b2037c0e873a6bbf
640bec21a9700e5d4095bdc4;2022-12-14 21:23:07;625035bee612a77bf7ffb15a;6.99;1.0;FARINHA DE TRIGO DONA BENTA TRADICIONAL SC 1KG;6250497058ef290e879a7333
640c0b980a825c40876faa71;2023-01-18 10:38:19;625035bee612a77bf7ffb15a;12.99;0.505;CEBOLA BRANCA KG;6250495bad4f820e87177f0e
640bf5ab0d188d767dd3dd43;2022-12-24 17:47:58;625035bee612a77bf7ffb15a;7.49;1.0;REFRIGERANTE COCA COLA GF 2LT;6250495f009be40e87ae07ca
640bec1308acde5d4004d14e;2022-12-14 15:25:52;625035bee612a77bf7ffb15a;3.49;3.0;BISCOITO WAFER PIRAQUE CHOCOLATE PC 100G;62a72eca7f1a2f4c1fff2845
640c164ca20d9f280452e1e9;2023-01-30 15:31:40;625035bee612a77bf7ffb15a;16.99;1.0;BEBIDA DE CASTANHA POSSIBLE CHOCOLATE TP 1LT;6250496cd2c6f70e87e94683
640bf223c013256cec34b0a8;2022-12-21 16:39:26;625035bee612a77bf7ffb15a;77.99;1.0;SANDALIA HAVAIANAS SLIM PRIDE II BEGE PALHA 37 38;62a72ed0f672dc4c1f33616b
640beb4ce23cea5b75c3f99d;2022-12-13 09:34:05;625035bee612a77bf7ffb15a;24.99;1.0;FRALDA BENNY BABY CALCA JUMBO XG SC 15X1;639960dd91be856a51ff26bf
640be3e443986b46b2c5dd06;2022-12-04 07:12:33;625035bee612a77bf7ffb15a;4.49;1.0;BEBIDA LACTEA BETANIA POL MORAN BDJ 540G 6X1;6250495e38894c0e8795cac9
640c09505611d02d8ecf57a7;2023-01-15 11:54:02;625035bee612a77bf7ffb15a;0.99;1.0;ESPONJA LIMPABELA MULTIUSO DUPLA FACE SC;6250495d3cf3120e879124b5
640bfae568c54e05b6110a3a;2022-12-30 15:46:37;625035bee612a77bf7ffb15a;5.99;1.0;MACARRAO FORTALEZA SEMOLA PARAFUSO SC 500G;6250495ea73fd10e87be51fb
640c0ba51ccc904087e2a5f9;2023-01-18 17:24:46;625035bee612a77bf7ffb15a;3.49;1.0;BISCOITO COOKIES NESTLE NESCAU CHOCOLATE PC 60G;6250496bd147110e87987a08
640bffa3cec3ac12719b0e21;2023-01-04 11:41:55;625035bee612a77bf7ffb15a;32.99;0.246;LINGUICA SEARA CALABRESA KG;6250495ac47cf20e87b1aed2
640c0366ad86931cf8dde5e9;2023-01-08 11:31:58;625035bee612a77bf7ffb15a;3.49;1.0;BISCOITO COOKIES NESTLE NESCAU CHOCOLATE PC 60G;6250496bd147110e87987a08
640c04fdd70bc021780d1dcc;2023-01-10 17:23:11;625035bee612a77bf7ffb15a;3.99;2.0;IOGURTE NESTLE INTEG MEL CP 170G;6250495eca86090e87df86b1
640bcfae0653290b9021b9ee;2022-11-12 07:23:25;625035bee612a77bf7ffb15a;25.99;1.0;LEITE EM PO ITAMBE INTEGRAL SC 800G;6250495ed9d9a50e873b5c13
640bd81d3547c32780341e2a;2022-11-22 09:06:18;625035bee612a77bf7ffb15a;9.99;0.16;PIMENTA DE CHEIRO KG;6250495bb9ac490e878513e9
640bfde1fb28730d6b179275;2023-01-02 19:36:40;625035bee612a77bf7ffb15a;9.99;1.0;DESODORANTE AEROSOL MONANGE FLOR DE LAVANDA 72H 150ML;625049646cd6130e874c636a
640c027931a0771a5b0defed;2023-01-07 09:41:04;625035bee612a77bf7ffb15a;4.49;1.0;BISCOITO DOCE NESTLE NESFIT INTEGRAL CACAU E CEREAIS PC 160G;625049672827880e8784817f
640c16592efe692804187f03;2023-01-30 20:14:53;625035bee612a77bf7ffb15a;12.99;1.0;PAO PULLMAN FORMA INTEGRAL PC 400G;6250496f216b1a0e8758fe99
640bc8495bade872932c4a21;2022-11-03 20:48:05;625035bee612a77bf7ffb15a;8.99;1.0;AGUA SANITARIA LIMPEBEM GF 5LT;630b47bd8acffd5c9c183865
640be7e9d0360951a43da1c4;2022-12-09 08:36:08;625035bee612a77bf7ffb15a;27.99;0.125;AMEIXA FRESCA IMPORTADA KG ;62504970471c6c0e879f32c3
640c077a1def942891556745;2023-01-13 17:31:03;625035bee612a77bf7ffb15a;6.99;0.68;CEBOLA BRANCA KG;6250495bad4f820e87177f0e
640bd822a1e7bd27802465a7;2022-11-22 12:32:09;625035bee612a77bf7ffb15a;4.49;2.0;MACARRAO FORTALEZA SEMOLA FAIXA DOURADA ESPAGUETE SC 500G;62504970f1453d0e87590fd2
640bd99e51165a2bb1d8e350;2022-11-24 19:12:56;625035bee612a77bf7ffb15a;6.99;1.0;BEBIDA ENERGETICA FURIOSO ACAI LA 473ML;636ed3284f8a44013a6fdc15
640c11c0e0e219087f7fcc58;2023-01-25 12:10:23;625035bee612a77bf7ffb15a;4.99;1.0;TEMPERO NATUVIDA EDU GUEDES SC 50G;6250496b18177f0e87d0c890
640bfc70f6a386098fe1b5ef;2022-12-31 14:33:38;625035bee612a77bf7ffb15a;17.99;2.44;LINGUICA AURORA SUINA KG;6250495bd86fdf0e870b2a41
640c0add249c2731f8fdf20a;2023-01-17 20:03:30;625035bee612a77bf7ffb15a;39.99;1.0;AZEITE DE OLIVA GALLO PORTUGAL EXTRA VIRGEM GF 500ML;6250495b1a59a60e8780797d
640bec1d96b82f5d40c35960;2022-12-14 19:39:21;625035bee612a77bf7ffb15a;1.79;1.0;VINAGRE REGINA ALCOOL TRADICIONAL GF 500ML;6250496006c94b0e87099a7a
640c0283e382a61a5b1827f8;2023-01-07 12:21:16;625035bee612a77bf7ffb15a;4.49;1.0;CAFE NESTLE NESCAFE SOLUVEL DOLCA SC 50G;6250495cde18880e871eaa99
640c017efc613917efa160c0;2023-01-06 16:33:28;625035bee612a77bf7ffb15a;23.99;1.0;MANTEIGA ITACOLOMY COM SAL PT 500G;6250497e8cb1b20e8760c3fd
640c069b97c7da25ff75c538;2023-01-12 19:24:36;625035bee612a77bf7ffb15a;1.79;3.0;REFRIGERANTE COCA COLA GF 250ML;6250495fc0e5650e872dc168
640bca4894d4bd7807c0420b;2022-11-05 20:09:40;625035bee612a77bf7ffb15a;6.99;1.0;SALGADO  FOLHADO MISTO;6250495a56c1950e874c0882
640bf89f2bad3d7e89610f67;2022-12-28 17:07:13;625035bee612a77bf7ffb15a;5.49;1.0;CHOCOLATE EM BARRA HERSHEYS MEIO AMARGO SC 92G;639960d9e5c0036a517580a5
640bfec9ca90cf0ff59f4342;2023-01-03 18:33:10;625035bee612a77bf7ffb15a;18.99;1.0;CASTANHA DE CAJU CLARA ALIMENTOS NATURAL SC 180G;6250496334364a0e871af695
640c027ac1e3ca1a5b281f82;2023-01-07 10:10:22;625035bee612a77bf7ffb15a;1.79;1.0;FARINHA DE MILHO DONA CLARA FLOCAO TRADICIONAL SC 500G;625049704968700e87d81181
640be71248e11a4f16871f69;2022-12-08 10:22:24;625035bee612a77bf7ffb15a;13.99;1.0;SABAO EM PO BRILHANTE HIGIENE TOTAL SC 800G;6250496670565f0e8716a27e
640bd6bcc7c262240a1bd384;2022-11-20 11:27:18;625035bee612a77bf7ffb15a;5.59;1.0;BEBIDA LACTEA ISIS POL MORAN BDJ 540G 6X1;6250495e7c70da0e874f47c0
640bd99e568e842bb1a3865b;2022-11-24 19:13:39;625035bee612a77bf7ffb15a;4.49;1.0;BISCOITO DOCE NESTLE NESFIT INTEGRAL MORANGO CEREAIS PC 160G;625049672ca4a10e879afbef
640bf15dbea1536affe813bf;2022-12-20 19:51:58;625035bee612a77bf7ffb15a;14.99;0.42;CEBOLA BRANCA KG;6250495bad4f820e87177f0e
640be903c2e00f548ae37b20;2022-12-10 17:59:43;625035bee612a77bf7ffb15a;9.99;1.0;ATUM COQUEIRO RALADO AO NATURAL LA 170G;62504965a21c750e87d7312c
640bf438bdf37b72a4a1d789;2022-12-23 19:25:50;625035bee612a77bf7ffb15a;6.99;0.59;BATATA INGLESA KG;6250495b468da50e87b28476
640c0506a9a1bc2178ea0f41;2023-01-10 20:15:18;625035bee612a77bf7ffb15a;3.49;1.0;SALGADINHO ELMA CHIPS CHEETOS LUA QUEIJO PARMESAO SC 40G;6250495ff962fd0e87ccf58e
640c05be9a9233238405b990;2023-01-11 10:56:55;625035bee612a77bf7ffb15a;36.99;0.478;LINGUICA PERDIGAO CALABRESA KG;6250497d400c600e876b85a1
640bede0a5270361d509d9ac;2022-12-16 19:39:53;625035bee612a77bf7ffb15a;21.99;0.645;PERA DANJOU KG;6250495b466bd40e878baa70
640c069a29c14c25ffffadc8;2023-01-12 19:07:59;625035bee612a77bf7ffb15a;3.49;12.0;CERVEJA BOHEMIA PURO MALTE LA 350ML;6250495cc827c50e877afd74
640c094cd96c4b2d8e7a7e9b;2023-01-15 10:51:50;625035bee612a77bf7ffb15a;6.49;1.0;REFRIGERANTE PEPSI COLA GF 2LT;6250495f1a26830e87a378fa
640bd7698af42425fd821072;2022-11-21 10:36:57;625035bee612a77bf7ffb15a;5.99;2.0;ACUCAR DEMERARA UNIAO SC 1KG;625049616e82650e87331001
640beb5005d2015b7571716d;2022-12-13 11:57:09;625035bee612a77bf7ffb15a;2.79;1.0;SABONETE EVEN SUAVE BUQUE DE ROSAS SC 85G;62504965bbe5d70e87fbfb19
640c0e8b3e97cf7cb545b868;2023-01-21 13:39:19;625035bee612a77bf7ffb15a;10.49;1.0;MINGAU NESTLE MUCILON AVEIA E ARROZ SC 360G;62c6b22c365bec02d9f5fb1e
640bdde84226a53782111e03;2022-11-27 10:56:05;625035bee612a77bf7ffb15a;24.99;1.0;PANETTONE NESTLE ALPINO AO LEITE CX 450G;63569f240489ba1da81c24c8
640be9cbb126b356c30791c0;2022-12-11 08:53:40;625035bee612a77bf7ffb15a;14.99;0.118;PAO  KG;6250495a0a398c0e87675e61
640bf08cc361b268aaed6f64;2022-12-19 17:14:28;625035bee612a77bf7ffb15a;4.99;1.0;MINGAU NUTRIBOM MULTICEREAIS SC 230G;6250495ebc26370e877c53d1
640bdc974da78f33ef997904;2022-11-26 11:36:26;625035bee612a77bf7ffb15a;2.49;1.0;MACARRAO ESTRELA SEMOLA GOSTOSO ESPAGUETE SC 400G;6250497039edf50e87b3af43
640bd0a95c4c1e10689f7901;2022-11-13 11:59:11;625035bee612a77bf7ffb15a;2.59;10.0;CERVEJA SKOL PILSEN RETORNAVEL GF 300ML;6250495c94b5040e87089b06
640c06a2e1433025ffafe1fe;2023-01-12 22:13:32;625035bee612a77bf7ffb15a;5.49;1.0;CHA BARAO DE COTEGIPE CAMOMILA CX 13G;6250495cd375fc0e871f0f14
640c007ae9c9e1151f999621;2023-01-05 09:13:01;625035bee612a77bf7ffb15a;7.49;1.0;LIMPA PISOS AZULIM TRAD CITRUS GF 1LT;62504962bf4f4a0e87fc948f
640c0ad28c3b6331f88acf47;2023-01-17 16:51:26;625035bee612a77bf7ffb15a;2.39;1.0;SUCO DEL VALLE KAPO MORANGO TP 200ML;62504960b5f56e0e87c776db
640c027270211f1a5b6a74ec;2023-01-07 07:34:41;625035bee612a77bf7ffb15a;7.99;7.0;FARINHA DE MANDIOCA BAIANA AMARELA SC 1KG;62504962ad37ac0e876b67a5
640bca3847b24078073505d6;2022-11-05 16:02:05;625035bee612a77bf7ffb15a;3.99;12.0;CERVEJA SPATEN MUNICH PURO MALTE GF 355ML;6250496d9a1d2b0e87c00dee
640bd76fa6fbd725fd1bdd02;2022-11-21 16:21:35;625035bee612a77bf7ffb15a;3.79;1.155;BATATA INGLESA KG;6250495b468da50e87b28476
640c027c94b0831a5b7768d2;2023-01-07 10:31:13;625035bee612a77bf7ffb15a;4.49;1.0;FARINHA DE MILHO LIVRE D FLOCAO TRADICIONAL SC 500G;62504966ea4c380e877ddb59
640be71311edb54f16761ef6;2022-12-08 11:03:06;625035bee612a77bf7ffb15a;9.99;1.0;BROCOLITOS SPG PREMIUM SC 300G;62504969259ad00e8767f8e9
640c05cd0752692384ef2fd6;2023-01-11 19:37:34;625035bee612a77bf7ffb15a;7.99;1.0;FAROFA DE MANDIOCA AMAFIL TRADICIONAL SC 500G;62504964070b2b0e87dad323
640bc657980b1e692503946f;2022-11-01 11:23:01;625035bee612a77bf7ffb15a;1.49;1.0;COUVE MANTEIGA UN;6250497d7df1c70e879f39ea
640bfc7bf1c6d8098f1a5e3d;2022-12-31 16:46:54;625035bee612a77bf7ffb15a;10.49;1.0;GELATINA ROYAL SEM SABOR SC 12G 2X1;6250495def70de0e87d9d753
640bf6cb066f4579b79b1564;2022-12-26 10:43:29;625035bee612a77bf7ffb15a;3.79;1.0;POLPA DE FRUTA MAIS POLPAS ACEROLA SC 500G;62504966c577590e8766131f
640befc86bb1f0669bfd4f43;2022-12-18 10:55:48;625035bee612a77bf7ffb15a;10.99;1.0;SABONETE LIQUIDO FLORA NENEN GLICERINADO BS 200ML;639b6e69347b7b4e0c768d76
640beed4838cab64a7bf8fd5;2022-12-17 07:15:42;625035bee612a77bf7ffb15a;16.99;1.0;CHOCOLATE WAFER LACTA AMANDITA CREME COM CACAU CX 200G;6250495c174f5b0e87eb64ed
640bd3e334482517e0bc0622;2022-11-17 21:34:54;625035bee612a77bf7ffb15a;3.29;1.0;FOSFORO GABOARDI CX 40X10;6250495d1e1b210e87206752
640be9d44a64df56c3c5e642;2022-12-11 11:03:08;625035bee612a77bf7ffb15a;6.79;1.0;CREME DENTAL ORAL B 3D WHITE BRILLIANT FRESH CX 70G;6250495d963a0b0e870ce5cf
640bdf8d1dded43c2b676eee;2022-11-29 13:17:28;625035bee612a77bf7ffb15a;5.59;1.0;SALGADINHO ELMA CHIPS DORITOS QUEIJO NACHO SC 45G;633ec692571265557784926d
640be3f3acea6346b287c93f;2022-12-04 10:59:28;625035bee612a77bf7ffb15a;1.99;1.0;SABONETE REXONA MEN DESODORANTE SPORT SC 84G;6250495fa9800c0e879ba44d
640bf08bdbafa068aa8361db;2022-12-19 17:07:00;625035bee612a77bf7ffb15a;9.49;1.0;CAFE MELITTA VACUO TRADICIONAL SC 250G;6250495c3888640e87893c2e
640be056177eaf3e555853e0;2022-11-30 17:27:51;625035bee612a77bf7ffb15a;14.99;0.238;PAO  KG;6250495a0a398c0e87675e61
640bc6600718b069253299d3;2022-11-01 17:34:49;625035bee612a77bf7ffb15a;9.99;1.0;SHAMPOO SEDA BY NIINA COLAGENO E VITAMINA C BS 325ML;6250496ca284700e87d89fb9
640c050134d1d721781893a5;2023-01-10 18:46:00;625035bee612a77bf7ffb15a;11.99;1.0;CORTE DE FRANGO SADIA ASSA FACIL SOBRECOXA SC 800G;6250495dac345e0e8709fc9e
640c0d695db2876ca4717dfe;2023-01-20 16:55:00;625035bee612a77bf7ffb15a;9.99;1.0;BEBIDA LACTEA NESTLE NESCAU UHT CHOC TP 1LT;6250495cc8b9740e87906276
640be8fb6c8c71548a452e7d;2022-12-10 14:47:23;625035bee612a77bf7ffb15a;3.99;2.0;BISCOITO SORTIDO FORTALEZA POPULAR FOFITOS LEITE PC 400G;6250497d35cda90e8738531b
640bc75b9b5d566d806d28bf;2022-11-02 17:57:15;625035bee612a77bf7ffb15a;3.49;3.0;REFRIGERANTE COCA COLA LA 350ML;6250495ff482c30e876e4d69
640bf584c71fc7767d455652;2022-12-24 09:57:10;625035bee612a77bf7ffb15a;9.99;1.0;BOMBOM DE CHOCOLATE GAROTO SORTIDO CX 250G;625049666961da0e8705e750
640c12870398bb0d5e983579;2023-01-26 17:54:44;625035bee612a77bf7ffb15a;1.49;2.0;HAMBURGUER PERDIGAO MISTO SC 56G;6250495cad35cc0e87c88e51
640c0273b42f161a5bceefea;2023-01-07 07:49:58;625035bee612a77bf7ffb15a;3.49;1.0;SARDINHA SOMAG LAJE C MOLHO DE TOMATE LA 125G;62d295984449a9083ea0693d
640c0d76f66cf86ca4a272ed;2023-01-20 19:49:38;625035bee612a77bf7ffb15a;9.99;1.0;MORTADELA SEARA CONFIANCA MISTA MINI SC 1KG;6250498046a9db0e8784e639
640c02816dd22a1a5b4dec17;2023-01-07 11:38:52;625035bee612a77bf7ffb15a;32.99;1.0;LEITE EM PO ITAMBE INTEGRAL INSTANTANEO SC 800G;6250495e4b47450e8720946a
640bf9b52bafce02b17d0347;2022-12-29 14:07:26;625035bee612a77bf7ffb15a;6.99;3.0;SABAO LIQUIDO OMO LAVAGEM PERFEITA SC 700ML;62a72ecc7cb9274c1f660ac9
640bf9a9733d5702b1ceac7e;2022-12-29 09:53:27;625035bee612a77bf7ffb15a;8.49;1.0;OLEO DE SOJA SOYA GF 900ML;6250495ebd25ed0e8742ab1c
640bd4c099a20b1bb0ff6bf1;2022-11-18 19:13:55;625035bee612a77bf7ffb15a;17.99;1.0;AGUARDENTE SAPUPARA OURO GF 960ML;6250495b94d9ec0e87f99b00
640be30594f7b8448e352a25;2022-12-03 08:14:41;625035bee612a77bf7ffb15a;3.19;1.0;CALDO EM TABLET MAGGI BACON CX 114G 12X1;62504966cdf3a10e8759ae9d
640bc653f8bb9169253cd745;2022-11-01 09:45:34;625035bee612a77bf7ffb15a;2.79;1.0;LAVA LOUCAS BOMBRIL LIMPOL MACA GF 500ML;6250497efe28a40e876b2646
640bd098f792921068861776;2022-11-13 07:04:21;625035bee612a77bf7ffb15a;2.59;14.0;MACARRAO ESTRELA SEMOLA GOSTOSO ESPAGUETE SC 400G;6250497039edf50e87b3af43
640bd6ab5901e0240aafd173;2022-11-20 07:08:07;625035bee612a77bf7ffb15a;69.99;1.0;FRALDA PAMPERS PANTS AJUSTE TOTAL VESTE FACIL GIGA M 84X1;6250496a65c3170e87581893
640c1384a1aed5140e4c1bdd;2023-01-27 19:03:12;625035bee612a77bf7ffb15a;4.49;3.0;MOLHO SHOYU SAKURA TRADICIONAL GF 150ML;6250497ec1d69a0e872ad00a
640bd23b1178141400db5af0;2022-11-15 20:12:47;625035bee612a77bf7ffb15a;11.99;1.0;OVOS EMAPE BRANCO EXTRA BDJ 20X1;6250496d2005170e878367c4
640be58d0177d34ae9a37d98;2022-12-06 18:41:58;625035bee612a77bf7ffb15a;14.99;0.712;INGREDIENTES PARA FEIJOADA KG;62b304b82acd987c4c9b3bd1
640be71c914bba4f16e7a920;2022-12-08 17:48:17;625035bee612a77bf7ffb15a;5.99;1.0;MACARRAO FORTALEZA SEMOLA BUZIO SC 500G;62504970b9312f0e877ed3fc
640c0baa35171c408756fc60;2023-01-18 18:51:30;625035bee612a77bf7ffb15a;12.99;0.29;CEBOLA BRANCA KG;6250495bad4f820e87177f0e
640c076e6cb17b2891b41683;2023-01-13 10:39:28;625035bee612a77bf7ffb15a;10.99;2.0;OVOS EMAPE BRANCO EXTRA BDJ 20X1;6250496d2005170e878367c4
640be8fa532199548a4cf663;2022-12-10 14:08:45;625035bee612a77bf7ffb15a;5.49;1.0;PAO KIPAO HAMBURGUER PC 400G;62504961e7e1860e8777e89b
640be717ec00f14f164138a3;2022-12-08 13:56:35;625035bee612a77bf7ffb15a;14.99;1.0;OVOS EMAPE BRANCO GRANDE BDJ 20X1;62a72ea8d3fa694c1fb5bb7b
640bcbc58d16ef7c6f3223a5;2022-11-07 08:29:55;625035bee612a77bf7ffb15a;2.29;2.0;FARINHA DE MILHO VITAMILHO FLOCAO TRADICIONAL SC 500G;62504970fa017c0e87a897a0
640bf8b124bcab7e89ece513;2022-12-28 21:48:00;625035bee612a77bf7ffb15a;1.79;1.0;VASSOURA DE PALHA;62504960ca8f760e87233c46
640bd30eb2edae15fe754ee6;2022-11-16 16:53:09;625035bee612a77bf7ffb15a;11.99;1.0;OVOS EMAPE BRANCO EXTRA BDJ 20X1;6250496d2005170e878367c4
640bd224f182e214009d7111;2022-11-15 08:24:05;625035bee612a77bf7ffb15a;1.69;1.0;SABONETE ALBANY HIDRAT SUAVIZANTE SC 85G;62504964444e940e87ff1a2e
640c14a3f0defe1d7e444a13;2023-01-28 09:55:46;625035bee612a77bf7ffb15a;2.99;1.0;IOGURTE ISIS POL SEMIDESN MORAN GF 180G;6250495e6cd4000e87efe58c
640be57971b7c94ae9e3695a;2022-12-06 07:02:54;625035bee612a77bf7ffb15a;9.99;1.0;OVOS TIJUCA CAIPIRA GRANDE VERMELHO BDJ 10X1 ;6250496cdc13490e873475ba
640be3032e3d12448e48ab17;2022-12-03 07:20:47;625035bee612a77bf7ffb15a;3.99;2.0;ARROZ PARBOILIZADO PANELACO SC 1KG;62504970d46d770e873fccaa
640bf6d94d367379b7b5cc11;2022-12-26 19:22:03;625035bee612a77bf7ffb15a;8.49;0.325;TOMATE KG;6250495befd4f30e8754e347
640bd76c325a9025fd92e89e;2022-11-21 13:52:36;625035bee612a77bf7ffb15a;5.49;1.0;BISCOITO SORTIDO FORTALEZA POPULAR SORTIDO DOCE PC 400G;6250495ce7f34d0e8702a57b
640bd82e5f02be278041c769;2022-11-22 20:58:40;625035bee612a77bf7ffb15a;3.79;1.135;BATATA INGLESA KG;6250495b468da50e87b28476
640c138c75b0d0140e007746;2023-01-27 20:34:10;625035bee612a77bf7ffb15a;3.99;1.0;ABACAXI UN;625049606d308a0e87033050
640bf2291ed7dd6ceca1066a;2022-12-21 18:53:50;625035bee612a77bf7ffb15a;5.49;1.0;CAFE IGUACU SOLUVEL TRADICIONAL SC 50G;625049623f2a370e87f70ab9
640bc744a5ee206d80cb9258;2022-11-02 08:40:08;625035bee612a77bf7ffb15a;4.49;1.0;CERVEJA BUDWEISER LAGER LA 350ML;6250495c0636100e873aeb93
640bd5be4ff29a20d03a632d;2022-11-19 08:35:50;625035bee612a77bf7ffb15a;5.99;10.0;LEITE CONDENSADO ITAMBE TRADICIONAL TP 395G;6250495ea078350e87b25162
640be3e76484f246b23e009c;2022-12-04 08:09:36;625035bee612a77bf7ffb15a;8.99;0.38;CEBOLA BRANCA KG;6250495bad4f820e87177f0e
640c036d5b4bed1cf8bea0fe;2023-01-08 14:00:53;625035bee612a77bf7ffb15a;1.79;1.0;PEDRA SANITARIA SANY LAVANDA CX 25G;6250496ac8a9950e87e947c0
640bd3e235ef0517e0c392df;2022-11-17 21:15:32;625035bee612a77bf7ffb15a;2.49;1.0;BISCOITO RECHEADO RICHESTER AMORI MORANGO PC 125G;62a72ebbc8f7814c1f8c4008
640be7248d321f4f16178a4a;2022-12-08 21:36:02;625035bee612a77bf7ffb15a;19.99;0.742;CORTE DE FRANGO TICA DO FRANGO ASA SC KG;6250495a6e794f0e874192c9
640be8f2540e5d548a945dd3;2022-12-10 10:50:26;625035bee612a77bf7ffb15a;3.99;1.0;SABAO EM PO LUME MAXX LAVANDA SC 1,7KG;636ed32813c31c013a938bba
640c0d72bf260c6ca401ab01;2023-01-20 18:56:11;625035bee612a77bf7ffb15a;2.59;1.0;BALA MENTOS DROPS MINT 37,5G;6250495feb88510e87cd18be
640c0e81f463e67cb5584e42;2023-01-21 10:52:34;625035bee612a77bf7ffb15a;11.99;1.0;SURPRESA KINDER OVO JOY AO LEITE 20G;6250495cc860d70e87be5bc5
640bfadbf06cd805b6ca0df8;2022-12-30 11:51:38;625035bee612a77bf7ffb15a;10.49;1.0;DESODORANTE AEROSOL REXONA POWDER DRY 150ML;6250495ddeacf50e872254aa
640c04208d869f1f417220ec;2023-01-09 10:55:25;625035bee612a77bf7ffb15a;7.99;1.0;BISCOITO ROSQUINHA MABEL NATA PC 350G;6250496ac439770e8710455f
640bddf5e668de3782573999;2022-11-27 13:57:49;625035bee612a77bf7ffb15a;3.49;1.0;BISCOITO WAFER PIRAQUE LIMAO PC 100G;62a72ec50be27e4c1f33c76b
640c11c3f315bb087f7eb054;2023-01-25 14:59:48;625035bee612a77bf7ffb15a;1.29;1.0;BALA DORI GOMETS IORGUTE SC 32G;63eec2ffc701d83c753f408e
640be57a775d174ae96fcf66;2022-12-06 07:43:07;625035bee612a77bf7ffb15a;8.49;1.0;AMENDOIM ELMA CHIPS JAPONES SC 145G;62504969048ed10e87acb673
640bdcc33b779633ef50281b;2022-11-26 21:40:26;625035bee612a77bf7ffb15a;12.99;1.0;POLPA DE FRUTA NOSSA FRUTA MARACUJA SC 400G;6250496bc45f520e8740cf29
640c128f32826d0d5e1a4424;2023-01-26 21:20:56;625035bee612a77bf7ffb15a;7.99;1.0;CHOCOLATE EM BARRA GAROTO TALENTO CASTANHA DE CAJU SC 85G;62a72eb1f2a2144c1fd14b06
640be65240aa694cc05e8949;2022-12-07 12:54:04;625035bee612a77bf7ffb15a;4.49;1.0;BATATA FRITA ELMA CHIPS RUFFLES CEBOLA E SALSA SC 40G;6357bcea652fb92922eec55f
640c088598abcb2b8f7788dc;2023-01-14 18:37:15;625035bee612a77bf7ffb15a;5.49;1.0;AVEIA QUAKER FLOCOS REGULARES CX 165G;62504967497ad70e87d7edd4
640c14ac85adb01d7e6b4a93;2023-01-28 11:50:16;625035bee612a77bf7ffb15a;16.99;1.0;MINGAU NESTLE MUCILON ARROZ E AVEIA SC 600G;6250495e281f4a0e877c6212
640c0172e8b0fb17efc0ba92;2023-01-06 11:17:31;625035bee612a77bf7ffb15a;10.99;1.0;PAO VISCONTI INTEGRAL FORMA PC 400G;62504965bb84ae0e879fac72
640c077077ccd62891daa64d;2023-01-13 11:38:02;625035bee612a77bf7ffb15a;1.29;5.0;COLORIFICO EM PO DONA CLARA SC 100G;6250495de84d470e873908ef
640c09ff3e35042fbc95c711;2023-01-16 11:21:38;625035bee612a77bf7ffb15a;1.19;1.0;BISCOITO WAFER RICHESTER ANIMADOS ZOO MORANGO PC 30G;6250495ca1acb60e87ce3ad0
640be31d254d5b448ec34765;2022-12-03 16:04:21;625035bee612a77bf7ffb15a;29.99;0.13;ALHO A GRANEL KG ;6250495b8e39270e87dd3afb
640c0ac67c531e31f86ba440;2023-01-17 08:45:39;625035bee612a77bf7ffb15a;3.49;0.52;BETERRABA KG;6250495b79fd2b0e87bf0522
640bd778d881e725fd70712a;2022-11-21 20:08:14;625035bee612a77bf7ffb15a;5.99;2.0;MACARRAO FORTALEZA SEMOLA PARAFUSO SC 500G;6250495ea73fd10e87be51fb
640c11b88c6b59087f03a060;2023-01-25 07:54:51;625035bee612a77bf7ffb15a;4.99;1.0;MACARRAO FORTALEZA SEMOLA FAIXA DOURADA ESPAGUETE SC 500G;62504970f1453d0e87590fd2
640be04958eb473e551a91fd;2022-11-30 08:53:08;625035bee612a77bf7ffb15a;2.99;1.0;TORRADA VISCONTI TRADICIONAL SC 120G;625049693326160e872cce4b
640bd81c2e37a12780d4ef52;2022-11-22 08:47:32;625035bee612a77bf7ffb15a;4.19;1.0;POLPA DE FRUTA KIPOLPAS GOIABA SC 500G ;6250495fb25c3c0e8746265f
640bece02060165f7a70b264;2022-12-15 11:28:57;625035bee612a77bf7ffb15a;7.99;1.0;COPO DESCARTAVEL MARATA 200ML SC 100X1;6250495d92e0d70e87fc7ac2
640bf7adfdbebf7c100fa04c;2022-12-27 19:12:15;625035bee612a77bf7ffb15a;5.49;1.0;PAO RABELO HAMBURGUER PC 400G;6250495fda9f130e876c92dc
640c0688e99b5425ff5d9620;2023-01-12 09:40:32;625035bee612a77bf7ffb15a;12.99;1.0;MAIONESE HELLMANNS TRADICIONAL SC 400G;625049642738260e8740b1e1
640bfeb2b484660ff5c6ec7c;2023-01-03 09:24:28;625035bee612a77bf7ffb15a;5.49;1.0;LEITE UHT ELEGE DESNATADO TP 1LT;6250495e5b328d0e875c3049
640c0f640158a67f6babc123;2023-01-22 08:57:43;625035bee612a77bf7ffb15a;6.99;1.0;MARGARINA PURO SABOR COM SAL PT 500G;6250495e45e6a00e878504c0
640bd23d51930a140098a6c3;2022-11-15 21:43:57;625035bee612a77bf7ffb15a;7.99;1.0;ACHOCOLATADO EM PO 3 CORACOES CHOCOLATTO SC 560G;6250496f6c98850e87235cdb
640bc83e23805b7293ce7c76;2022-11-03 17:07:38;625035bee612a77bf7ffb15a;14.99;0.566;SALSICHA REZENDE KG;6250495b28a5e10e87eb64bf
640c0e8c4cc2be7cb5804868;2023-01-21 13:51:59;625035bee612a77bf7ffb15a;2.49;1.0;PEDRA SANITARIA DIA A DIA LAVANDA CX 25G;6250495f0134c60e8773f7ae
640be71e042e084f169f9fd7;2022-12-08 18:34:01;625035bee612a77bf7ffb15a;30.99;1.0;PANETTONE BAUDUCCO CHOCOTTONE MAXI TRUFA CX 500G;6250496eea0e640e879189e5
640c09fbadbe7b2fbccf8467;2023-01-16 09:36:59;625035bee612a77bf7ffb15a;4.29;1.0;ACUCAR CRISTAL CORURIPE SC 1KG ;62504966263fcb0e87c6d456
640bddf6868d283782cd10fd;2022-11-27 14:08:18;625035bee612a77bf7ffb15a;1.29;1.0;COLORIFICO EM PO DONA CLARA SC 100G;6250495de84d470e873908ef
640be9cf271e2756c3c59530;2022-12-11 09:41:06;625035bee612a77bf7ffb15a;4.99;0.425;CENOURA KG;6250495bc359040e870e593b
640befb9c206dd669b2191e4;2022-12-18 07:12:16;625035bee612a77bf7ffb15a;1.79;3.0;LEITE FERM ISIS ISINHO DESN ADOCADO GF 110G;6250e9fa2ce97f4dc50145ba
640c10f6c5894105634d0265;2023-01-24 15:35:09;625035bee612a77bf7ffb15a;4.59;1.0;BATATA FRITA VALOR CHIPS CREME DE CEBOLA SC 45G;62504964b046790e87db1e81
640be207fa74a5429040afea;2022-12-02 12:51:50;625035bee612a77bf7ffb15a;8.99;0.54;CEBOLA BRANCA KG;6250495bad4f820e87177f0e
640bca2d12dc917807f6b98f;2022-11-05 11:48:23;625035bee612a77bf7ffb15a;9.99;1.0;DESODORANTE AEROSOL SUAVE FRUTAS VERMELHAS E LICHIA 150ML;6250496292a6510e870249e2
640c1032dedf1802a923fee9;2023-01-23 18:22:00;625035bee612a77bf7ffb15a;5.99;2.0;FEIJAO BRANCO GOSTOZZO SC 1KG;62504970380da30e8745fcb1
640bd8d3e9bfd229b8cd79ea;2022-11-23 09:29:58;625035bee612a77bf7ffb15a;7.99;0.675;BATATA INGLESA KG;6250495b468da50e87b28476
640bcdf5dfccc403b147b702;2022-11-10 19:48:33;625035bee612a77bf7ffb15a;2.49;1.0;SABONETE REXONA ANTIBAC MULTIVITAMINAS SC 84G;635995f7bce817217774148c
640bc6635820b569259dea83;2022-11-01 18:16:05;625035bee612a77bf7ffb15a;12.99;1.0;BATATA FRITA PRINGLES ORIGINAL PT 114G;625049661fb8690e877e9658
640bf9b33406eb02b1e9fb96;2022-12-29 13:05:45;625035bee612a77bf7ffb15a;3.99;1.0;CREME DE LEITE NESTLE UHT TRAD TP 200G;6250495dddfc650e873cc9aa
640bddeed4885637821d27d2;2022-11-27 12:03:08;625035bee612a77bf7ffb15a;6.89;4.0;FEIJAO CARIOCA DONA DE SC 1KG;62504961b5c98d0e87092cda
640bd9a19d1b802bb1724a33;2022-11-24 20:59:48;625035bee612a77bf7ffb15a;5.99;1.0;VELA VIWACE BRANCA SC 10G 8X1;62504960b032fd0e87f18751
640bdc9aa4b5d033ef5395f7;2022-11-26 12:18:17;625035bee612a77bf7ffb15a;15.99;1.0;SUCO DEL VALLE INTEGRAL DE UVA GF 1LT;6250497f6b2ed30e87fb7176
640bcb0c7e46587a729decdb;2022-11-06 09:57:22;625035bee612a77bf7ffb15a;11.99;1.0;BISCOITO COOKIES KOBBER INTEGRAL BAUNILHA SC 150G;6250495c240d820e878cdc4d
640bca4b65d0bc7807e2d0fa;2022-11-05 21:06:10;625035bee612a77bf7ffb15a;6.99;1.0;REFRIGERANTE COCA COLA GF 1,5LT;6250495fc7eb6b0e877c3305
640bec10c3c6535d40c17fad;2022-12-14 12:16:46;625035bee612a77bf7ffb15a;1.69;1.0;VINAGRE REGINA FOLHA VERDE ALCOOL GF 500ML;62504963fafd9e0e878f2711
640bd0a40001671068087855;2022-11-13 10:48:33;625035bee612a77bf7ffb15a;3.99;1.0;CREME DE LEITE BETANIA UHT SUPER CREMOSO TRAD TP 200G;6250495d3da6c10e872edeca
640be717399e8b4f164e96cb;2022-12-08 13:31:46;625035bee612a77bf7ffb15a;10.99;1.0;BOMBOM DE CHOCOLATE NESTLE SORTIDO ESPECIALIDADES CX 251G;6250495cf7751a0e876d43b0
640be20477acdd4290795eac;2022-12-02 11:38:08;625035bee612a77bf7ffb15a;4.49;4.0;FEIJAO BRANCO GOSTOZZO SC 1KG;62504970380da30e8745fcb1
640be65dba7d2e4cc0695092;2022-12-07 19:33:01;625035bee612a77bf7ffb15a;4.29;1.0;BEBIDA LACTEA BETANIA POL MORAN BDJ 540G 6X1;6250495e38894c0e8795cac9
640bcdf66d046703b1f1663c;2022-11-10 19:53:52;625035bee612a77bf7ffb15a;8.69;1.0;TORRADA FORTALEZA INTEGRAL PC 284G;6250496b88174d0e87be4b4d
640bf311fd70b66fab0c7a81;2022-12-22 15:09:24;625035bee612a77bf7ffb15a;12.99;1.0;TINTURA NIELY COR E TON 2.0 PRETO CX;6250496022c33b0e875d227e
640c0e80a2b40d7cb55e8ac6;2023-01-21 10:43:05;625035bee612a77bf7ffb15a;9.99;1.0;CAFE SANTA CLARA VACUO PREMIUM SC 250G;6250495c0d00b80e87a66409
640bf9ac2dc37e02b186556d;2022-12-29 10:40:15;625035bee612a77bf7ffb15a;7.39;1.0;CAFE PILAO TRADICIONAL VACUO SC 250G;6250495cfd01b60e878e2767
640bf58e2120f7767da42f01;2022-12-24 11:31:55;625035bee612a77bf7ffb15a;4.49;1.0;BEBIDA LACTEA BETANIA BAT GUT POL MORAN SC 900G;6250495c01e9e40e87dc67c8
640bcd456685cf016fbdcac5;2022-11-09 18:59:48;625035bee612a77bf7ffb15a;3.99;1.0;CREME DENTAL COLGATE MAX PROT ANTICARIES CX 90G;6250495d8183cc0e87083582
640bd98f9428eb2bb1df7e29;2022-11-24 09:17:41;625035bee612a77bf7ffb15a;3.79;1.0;POLPA DE FRUTA MAIS POLPAS ACEROLA SC 500G;62504966c577590e8766131f
640be4a726837048adf0c05d;2022-12-05 08:40:52;625035bee612a77bf7ffb15a;3.79;1.0;ALVEJANTE BRILUX CLORO ATIV PERFUMADO LAVANDA GF 1LT;62a72e335a88234c1f0883ee
640c05d2906ec12384009ab4;2023-01-11 21:11:55;625035bee612a77bf7ffb15a;7.49;1.0;CHOCOLATE EM BARRA LACTA DIAMANTE NEGRO SC 90G;6250496191fb9b0e8787713a
640bfc557f476a098f8332e6;2022-12-31 09:33:08;625035bee612a77bf7ffb15a;7.99;1.0;BISCOITO MARIA FORTALEZA ORIGINAL PC 350G;62a72e361d6d634c1f5ef630
640c05bac049fc23842998c7;2023-01-11 08:48:41;625035bee612a77bf7ffb15a;2.09;2.0;AGUA MINERAL INDAIA COM GAS GF 500ML;6250497dca231a0e87be2be5
640beb4d3e0b975b75e4319f;2022-12-13 09:42:49;625035bee612a77bf7ffb15a;26.99;1.0;DOCE CREMOSO ITAMBE LEITE TRADICIONAL LA 800G;62a72e572208734c1f4873d8
640bd8e2459afe29b89c3e1c;2022-11-23 20:36:16;625035bee612a77bf7ffb15a;4.39;1.0;ACUCAR CRISTAL SAMUKA SC 1KG;62504970a1b4990e87d991a8
640bd8df6e8da529b8f70950;2022-11-23 19:32:04;625035bee612a77bf7ffb15a;9.99;1.0;OLEO DE SOJA SOYA GF 900ML;6250495ebd25ed0e8742ab1c
640bc745d6cedd6d8098a0ec;2022-11-02 09:01:11;625035bee612a77bf7ffb15a;5.29;1.0;BOLACHA NOSSA SENHORA DE FATIMA NEUDA PC 400G;6250495cfe3c080e878f49e2
640bf6dd03e94179b7dee5aa;2022-12-26 20:23:32;625035bee612a77bf7ffb15a;6.59;1.0;PAO RABELO HAMBURGUER PC 500G;625049619e12f00e87043320
640c0c864e5dcc5f70ea253f;2023-01-19 19:24:39;625035bee612a77bf7ffb15a;52.99;0.108;QUEIJO COALHO NILTON FATIADO KG;6250495b3317f00e87de6509
640c018b0771b017ef5c2eda;2023-01-06 19:38:03;625035bee612a77bf7ffb15a;4.99;1.0;LEITE UHT BETANIA INTEGRAL TP 1LT;6250495e959c790e8771e6e8
640bf08bb04ea468aa5b6e64;2022-12-19 17:03:50;625035bee612a77bf7ffb15a;2.79;1.0;SABONETE EVEN SUAVE ALOE VERA E MENTA SC 85G;625049656a54d00e8785e7fc
640c128bd9383b0d5e58fe20;2023-01-26 19:20:45;625035bee612a77bf7ffb15a;9.99;1.0;CAFE PILAO EXTRA FORTE VACUO SC 250G;625049654218630e8772a984
640bdf8db4004f3c2b91534d;2022-11-29 13:45:58;625035bee612a77bf7ffb15a;9.99;1.0;DOCE CREMOSO ISIS LEITE TRADICIONAL PT 400G;6250495d9161dc0e8731334d
640c0178df48e417effe1870;2023-01-06 13:38:59;625035bee612a77bf7ffb15a;2.99;1.0;BISCOITO COOKIES RICHESTER AMORI ORIGINAL PC 40G;625049623d03d50e87c6d5e3
640be90afd546c548a2842ce;2022-12-10 20:08:41;625035bee612a77bf7ffb15a;3.99;1.0;COXINHA DE MOCA SAMEL SC 250G;6250495de6d1990e87695c39
640bd82ae4b806278021bdef;2022-11-22 18:56:44;625035bee612a77bf7ffb15a;2.09;1.0;REFRIGERANTE COCA COLA GF 250ML;6250495fc0e5650e872dc168
640c0e84a4ce1b7cb5e044a3;2023-01-21 11:31:59;625035bee612a77bf7ffb15a;4.39;6.0;ARROZ PARBOILIZADO ITAGUARY SC 1KG;63eec2f82242603c7550ce16
640bcd3e2f2dfa016f5010de;2022-11-09 15:45:18;625035bee612a77bf7ffb15a;2.39;8.0;MACARRAO INSTANTANEO NISSIN MIOJO GALINHA CAIPIRA SC 85G;6250495ec30b710e8715fddf
640c0e8f813e447cb5f87922;2023-01-21 15:19:40;625035bee612a77bf7ffb15a;3.79;2.0;BISCOITO SORTIDO FORTALEZA POPULAR FOFITOS LEITE PC 400G;6250497d35cda90e8738531b
640bd0ab3e30771068d253b4;2022-11-13 12:43:17;625035bee612a77bf7ffb15a;1.19;1.0;BEBIDA LACTEA BETANIA UHT BETAKIDS CHOC TP 200ML;6250497db1994f0e87f5fe6d
640bfc68169165098ffd359a;2022-12-31 12:43:04;625035bee612a77bf7ffb15a;23.99;1.0;SORVETE PARDAL CREME COM PASSAS PT 1,5LT;6357bceab5678929227003dd
640bd779f0fb6c25fdb37015;2022-11-21 20:46:07;625035bee612a77bf7ffb15a;4.99;1.0;ABACAXI UN;625049606d308a0e87033050
640bdec4163eaf3a3b6feb65;2022-11-28 10:45:26;625035bee612a77bf7ffb15a;1.59;2.0;BOLINHO RICHESTER ANIMADOS ZOO BRIGADEIRO SC 40G;6250495c3011930e877df2ac
640bdf93e7241e3c2b460d4b;2022-11-29 18:07:04;625035bee612a77bf7ffb15a;2.29;1.0;GOMA DE MASCAR TRIDENT HORTELA MENTA 8,5G;6250497ff809f90e87ed532d
640c11bd79e26f087f5c5d6f;2023-01-25 10:37:18;625035bee612a77bf7ffb15a;4.99;1.0;MACARRAO RICHESTER SPAGHETTI SEMOLA SC 500G;625049701150790e87b07905
640c165dba76702804d1e0f6;2023-01-30 22:38:16;625035bee612a77bf7ffb15a;17.99;0.05;ALHO A GRANEL KG ;6250495b8e39270e87dd3afb
640bcdf383799103b176c829;2022-11-10 18:39:58;625035bee612a77bf7ffb15a;6.99;1.0;SALGADO  CROISSANT DE FRANGO;6250495a971cbd0e87038f9f
640be8efaecd82548ab58ae7;2022-12-10 10:05:23;625035bee612a77bf7ffb15a;11.99;1.0;PAO VISCONTI INTEGRAL FORMA PC 400G;62504965bb84ae0e879fac72
640bf1504348ce6aff1e6cc7;2022-12-20 11:39:03;625035bee612a77bf7ffb15a;3.49;1.0;CHOCOLATE WAFER LACTA BIS XTRA AO LEITE SC 45G;625049617248940e8760e0ef
640be2110c72244290320121;2022-12-02 17:11:30;625035bee612a77bf7ffb15a;4.99;1.0;BISCOITO CRACKER PIRAQUE SALGADO INTEGRAL PC 138G;62504981ced9a20e8744d0ab
640bcdeff5c7f603b147994e;2022-11-10 17:08:54;625035bee612a77bf7ffb15a;5.49;1.0;PAO KIPAO BISNAGUINHA PC 300G;6250497f19fbbf0e87b9774f
640bca3900e63c780734f85a;2022-11-05 16:06:44;625035bee612a77bf7ffb15a;2.99;2.0;ABACAXI UN;625049606d308a0e87033050
640c0688a1748125ff776191;2023-01-12 09:35:46;625035bee612a77bf7ffb15a;10.99;1.0;IOGURTE NESTLE CHAMBINHO PETIT CHOC BDJ 320G 8X1;6250495ee57f0d0e87688969
640be209bfa9ec42900162e5;2022-12-02 13:24:32;625035bee612a77bf7ffb15a;36.99;0.516;QUEIJO MUSSARELA RIO JAGUARIBE FATIADO KG;636135470f70386ec98d9c5e
640bdb0fb2ed302f1d149c02;2022-11-25 20:28:21;625035bee612a77bf7ffb15a;1.99;1.0;TEMPERO LIQUIDO FOLHA VERDE CASEIRO GF 500ML;6250496a757ee00e87293b62
640bdebf05a0973a3b423a71;2022-11-28 08:33:12;625035bee612a77bf7ffb15a;4.19;1.0;POLPA DE FRUTA KIPOLPAS GOIABA SC 500G ;6250495fb25c3c0e8746265f
640c0a0647cbb72fbcf12a63;2023-01-16 16:28:59;625035bee612a77bf7ffb15a;7.99;0.162;TOMATE KG;6250495befd4f30e8754e347
640bd5bfc6ba8020d0121159;2022-11-19 08:39:17;625035bee612a77bf7ffb15a;7.49;1.0;FARINHA LACTEA NESTLE MULTIGRAOS SC 200G;625049623c783f0e874f7b07
640bdf8d885daa3c2beb1b8a;2022-11-29 13:13:01;625035bee612a77bf7ffb15a;3.19;24.0;REFRIGERANTE COCA COLA ZERO LA 350ML;6250495ffeba1f0e8774004b
640c0699839e3a25ffb4111f;2023-01-12 18:54:02;625035bee612a77bf7ffb15a;2.99;1.0;LAVA LOUCAS YPE MACA GF 500ML;6250495d593b300e87c9cf62
640c0ad3c82d2f31f8c5d091;2023-01-17 16:52:38;625035bee612a77bf7ffb15a;1.59;1.0;MOLHO DE TOMATE FUGINI TRADICIONAL SC 300G;6250495ebd89cf0e879d957e
640c0ea4651d597cb52bfc7e;2023-01-21 20:30:32;625035bee612a77bf7ffb15a;12.99;0.515;MACA NACIONAL KG;6250495bf443ab0e8763f185
640bf5a043f73d767d902b3a;2022-12-24 15:35:59;625035bee612a77bf7ffb15a;2.99;1.0;LAVA LOUCAS YPE NEUTRO GF 500ML;6250495d6aa3350e8788d912
640c127579805e0d5ea7eaeb;2023-01-26 07:27:32;625035bee612a77bf7ffb15a;5.99;1.0;BISCOITO SORTIDO ESTRELA COQUEIRITO PC 400G;6250495c6a264b0e872cb28d
640be4b7db76d248ad917e52;2022-12-05 15:51:32;625035bee612a77bf7ffb15a;5.99;1.0;BISCOITO CRACKER CLUB SOCIAL PRESUNTO PC 141G;6250495c573b5b0e8757bc31
640bf890d477b97e89941309;2022-12-28 10:28:22;625035bee612a77bf7ffb15a;2.69;1.0;BISCOITO RECHEADO RICHESTER ESCURETO PC 125G;62a741e0801f05713d8756af
640bc6614d4fb369254da87f;2022-11-01 17:50:42;625035bee612a77bf7ffb15a;5.49;1.0;BISCOITO CREAM CRACKER FORTALEZA LEGITIMO PC 350G;625049702e1bf90e87c8dfd2
640c128578e6d20d5ea09db5;2023-01-26 17:22:22;625035bee612a77bf7ffb15a;4.99;1.0;BEBIDA LACTEA NESTLE NESCAU FAST UHT SHAKE CHOC GF 270ML;6250495c0493af0e872d244b
640c00780a685e151fa5c161;2023-01-05 08:14:43;625035bee612a77bf7ffb15a;6.99;1.0;KETCHUP TAMBAU TRADICIONAL BS 830G;6250495c9676cc0e876d2704
640bffb89ffefc1271dcca28;2023-01-04 20:15:04;625035bee612a77bf7ffb15a;4.99;1.0;SOPA NESTLE MAGGI DE CEBOLA SC 68G;62504960e7e07c0e87e3c966
640c05b9c7d1892384a9c93a;2023-01-11 07:56:30;625035bee612a77bf7ffb15a;6.99;2.0;SALGADO  ENROLADINHO DE SALSICHA;6250495aa4e95e0e87e61800
640bdcc26d11ac33ef332ce2;2022-11-26 21:18:00;625035bee612a77bf7ffb15a;12.99;1.0;BEBIDA ENERGETICA INDAIA NIGHT POWER GF 2LT;62504968ca87e00e872b939d
640c0f6a1e609a7f6bcc87c1;2023-01-22 10:39:45;625035bee612a77bf7ffb15a;3.19;1.0;POLPA DE FRUTA KIPOLPAS ACEROLA SC 500G ;6250495f2fe1f30e8793a0e2
640bdded5e6705378235ea16;2022-11-27 11:52:11;625035bee612a77bf7ffb15a;8.99;1.0;SACO DE LIXO EXTRUSA PACK AZUL 15LT SC 100X1;6300c15267a53132a5f71a9e
640c0ace9b649731f82a98fd;2023-01-17 12:48:00;625035bee612a77bf7ffb15a;2.39;0.77;LARANJA KG;6250495b10dcbf0e87d93203
640c1743eccbdf2af4649d7b;2023-01-31 12:38:23;625035bee612a77bf7ffb15a;4.79;1.0;LEITE UHT ELEGE INTEGRAL TP 1LT;6250495e437f080e87f8c3de
640bcfb89358800b901e0a6f;2022-11-12 10:21:34;625035bee612a77bf7ffb15a;2.49;4.0;CHOCOLATE EM BARRA SNICKERS SC 45G;62504965ccf01a0e87050a4a
640c05c3d83ad72384445723;2023-01-11 15:22:44;625035bee612a77bf7ffb15a;3.59;1.0;SALGADINHO PIPPOS CHURRASCO SC 60G;63369114731a934f6047a1d2
640c0acb34f9db31f80c81d5;2023-01-17 11:25:04;625035bee612a77bf7ffb15a;10.49;1.0;MARGARINA QUALY ORIGINAL SEM SAL PT 500G;6250495e1547a70e871c2bea
640c035af5e4ad1cf88e6f4d;2023-01-08 08:29:36;625035bee612a77bf7ffb15a;0.79;1.0;REFRESCO FRISCO ABACAXI SC 25G;6250495f5fb6c20e8787855c
640c10378e04bd02a955eb35;2023-01-23 19:58:44;625035bee612a77bf7ffb15a;5.49;1.0;CAFE PILAO TRADICIONAL SOLUVEL SC 50G;6250495cdfffe10e87829c13
640bddf2ad36873782d143fe;2022-11-27 12:40:10;625035bee612a77bf7ffb15a;8.85;1.0;DESODORANTE AEROSOL REXONA MEN V8 150ML;6250495df23c440e875924ff
640c0c70bda2da5f70f5fe33;2023-01-19 09:25:45;625035bee612a77bf7ffb15a;2.99;1.0;LAVA LOUCAS YPE NEUTRO GF 500ML;6250495d6aa3350e8788d912
640c15b23fcce0255e1aa0cf;2023-01-29 09:53:39;625035bee612a77bf7ffb15a;1.49;1.0;PASTILHA GAROTO HORTELA 17G;6250495f9fd9a60e87f73e35
640be7fba85f7c51a4b753cb;2022-12-09 18:17:32;625035bee612a77bf7ffb15a;5.49;1.0;AROMATIZANTE MIX BAUNILHA GF 30ML;6250495ddb758f0e8713f68c
640bf7a721cb2c7c10e106bd;2022-12-27 17:00:51;625035bee612a77bf7ffb15a;1.79;1.0;ALGODAO SPARTEX FLOC MULTIUSO EXT MACIO SC 25G;6250495bbcacb10e87d1c456
640bdde0dcb82e3782b42d8b;2022-11-27 09:37:22;625035bee612a77bf7ffb15a;18.99;1.0;AZEITE DE OLIVA BORGES EXTRA VIRGEM GF 500ML;62a72e348dd19d4c1f5f5dbe
640bd3dc291eac17e0e8b301;2022-11-17 19:12:03;625035bee612a77bf7ffb15a;2.49;1.0;BISCOITO RECHEADO RICHESTER AMORI CHOCOLATE PC 125G;62a72eca0d1e524c1ff255c7
640bf442c99c5372a4173d4b;2022-12-23 22:37:00;625035bee612a77bf7ffb15a;2.99;1.0;TEMPERO BAIANO NATUVIDA SC 50G;6250496861fa520e87ed332b
640c08871632a42b8ffb8b21;2023-01-14 19:03:53;625035bee612a77bf7ffb15a;9.99;0.496;REPOLHO VERDE KG;6250497d2250670e877ae0cd
640befc8d0fdaf669b0523a6;2022-12-18 11:10:08;625035bee612a77bf7ffb15a;8.49;0.62;TOMATE KG;6250495befd4f30e8754e347
640c00804cd2a9151f775cf9;2023-01-05 12:34:13;625035bee612a77bf7ffb15a;3.49;1.0;CHA NATUVIDA HIBISCUS SC 15G;6250496162092f0e876950d0
640bf31ddcdf886fab1a2939;2022-12-22 19:08:17;625035bee612a77bf7ffb15a;2.39;5.0;CERVEJA ITAIPAVA PILSEN LA 350ML;6250495c1654820e87ab45f5
640be9d35f53a056c3ba3b61;2022-12-11 10:50:29;625035bee612a77bf7ffb15a;1.99;1.0;TEMPERO EM PO DONA CLARA MISTO COM COMINHO SC 100G;62504960935c2b0e87b850ee
640c0ac98f72ea31f8ce2cf4;2023-01-17 10:00:57;625035bee612a77bf7ffb15a;21.99;0.34;PERA DANJOU KG;6250495b466bd40e878baa70
640bdf9214972e3c2b2baf27;2022-11-29 17:48:09;625035bee612a77bf7ffb15a;5.99;4.0;GELEIA DE MOCOTO PREDILECTA NATURAL CP 180G;6250495e92fd6e0e87410ca8
640bf7982d103e7c10796a9a;2022-12-27 08:22:41;625035bee612a77bf7ffb15a;6.99;1.0;BISCOITO MARIA ESTRELA ORIGINAL PC 350G;6250496aee7ee90e87708768
640c042ac5e96b1f41d89002;2023-01-09 16:59:03;625035bee612a77bf7ffb15a;3.49;1.0;POLPA DE FRUTA MAIS POLPAS TAMARINDO SC 500G;62504966a2a9300e87eb3dcb
640bc92a01dcb475904ac3e6;2022-11-04 20:31:32;625035bee612a77bf7ffb15a;6.99;1.0;LEITE UHT BETANIA SEMIDESNATADO TP 1LT;6250495ef825ba0e87461320
640c0f6f8d09a07f6b6d8b7b;2023-01-22 11:43:59;625035bee612a77bf7ffb15a;1.29;1.0;COLORIFICO EM PO KIMIMO SC 100G;6250495d2bcd330e87c67fde
640be7ee0f468651a44a3915;2022-12-09 10:19:07;625035bee612a77bf7ffb15a;5.19;1.0;BOLACHA ITAICABA POP PC 300G;6250497dc62c810e87611f19
640bceb3f5b389064e66b518;2022-11-11 08:42:18;625035bee612a77bf7ffb15a;4.79;1.0;SABAO EM BARRA YPE COCO E TOQUE AVEIA SC 180G;62a72eb3f422ec4c1f9f8cf7
640bd9918461152bb15614f6;2022-11-24 10:29:19;625035bee612a77bf7ffb15a;3.99;2.0;CREME DE LEITE BETANIA UHT SUPER CREMOSO TRAD TP 200G;6250495d3da6c10e872edeca
640beed838950f64a77f1172;2022-12-17 08:46:03;625035bee612a77bf7ffb15a;0.79;1.0;REFRESCO FRISCO UVA SC 25G;6250495f7014420e8740a6da
640bdf93d0d8fc3c2bfaa9e4;2022-11-29 18:03:01;625035bee612a77bf7ffb15a;2.49;1.0;CREME CULINARIO DAMARE TP 200G;62a72ead4b8af94c1fdd4fbd
640bcec088b91f064edbd2ba;2022-11-11 15:49:42;625035bee612a77bf7ffb15a;5.49;1.0;TEMPERO EM PO SAZON LEGUMES SC 60G 12X1;62504960f79ae30e8733db94
640bcdeafaa4d503b1bd75ed;2022-11-10 11:26:46;625035bee612a77bf7ffb15a;19.99;0.752;CORTE DE FRANGO TICA DO FRANGO ASA SC KG;6250495a6e794f0e874192c9
640c174cb51f342af499937c;2023-01-31 17:36:48;625035bee612a77bf7ffb15a;0.99;3.0;ESPONJA LIMPABELA MULTIUSO DUPLA FACE SC;6250495d3cf3120e879124b5
640c0ba93a34724087f374d8;2023-01-18 18:36:08;625035bee612a77bf7ffb15a;18.99;0.168;MORTADELA SEARA BOLOGNA DEFUMADA FATIADA KG;6250495a2683d20e87886e14
640bd77791734f25fdf5c3f1;2022-11-21 19:36:24;625035bee612a77bf7ffb15a;3.99;1.0;UVA ROXA DA HORA DOCE MEL BDJ 250G;62b8308df66a4204e2a6c3ff
640bff9c8a9eb412713c27fd;2023-01-04 08:52:36;625035bee612a77bf7ffb15a;4.49;1.0;DOCE EM BARRA SAMEL GOIABA SC 300G 20X1;6250495d90c0500e87d314a8
640bc654257a3f6925ed7ca4;2022-11-01 10:00:06;625035bee612a77bf7ffb15a;16.99;1.0;MINGAU NESTLE MUCILON MULTICEREAIS SC 600G;625049613a8f130e875354bd
640c086fe959b72b8ff50e4b;2023-01-14 10:58:11;625035bee612a77bf7ffb15a;12.99;1.775;MACA NACIONAL KG;6250495bf443ab0e8763f185
640bfdd39224d70d6b88e33e;2023-01-02 14:02:07;625035bee612a77bf7ffb15a;1.79;6.0;HAMBURGUER SEARA TEXAS BURGER MISTO SC 56G;6250495c20c0b00e8753bb8c
640bf419259d2b72a4e50f9f;2022-12-23 10:06:38;625035bee612a77bf7ffb15a;1.49;1.0;REFRIGERANTE PEPSI COLA GF 200ML;62504966c2fd540e878a7757
640bd8d11b829f29b82925ba;2022-11-23 07:26:57;625035bee612a77bf7ffb15a;2.39;1.0;MACARRAO INSTANTANEO NISSIN MIOJO GALINHA CAIPIRA SC 85G;6250495ec30b710e8715fddf
640c11bdbbdfe6087f1edd4c;2023-01-25 10:50:28;625035bee612a77bf7ffb15a;6.99;0.085;PIMENTAO VERDE KG;6250495bca7a350e8741b903
640bc847af5fdc7293b589b6;2022-11-03 19:56:21;625035bee612a77bf7ffb15a;5.99;1.0;DESINFETANTE MEU LAR NATURE GF 2LT;62504961f2fb6d0e8770a21b
640bc91f6f36ce7590661847;2022-11-04 17:40:24;625035bee612a77bf7ffb15a;4.99;1.0;ABS INTIMUS GEL T PROT SUAVE C ABAS SC 8X1;6250495b6eb4330e8778dac1
640c042cc7a5ac1f41ab18f7;2023-01-09 17:37:44;625035bee612a77bf7ffb15a;3.99;1.0;GELEIA DE MOTOCO STELLA DORO UVA CP 180G;6321cca085766f7361d70fd9
640c15a5e91f89255e213c69;2023-01-29 06:59:05;625035bee612a77bf7ffb15a;14.99;0.372;PAO  KG;6250495a0a398c0e87675e61
640bf6d5cb20c779b72fa811;2022-12-26 17:41:59;625035bee612a77bf7ffb15a;1.99;0.675;ABOBRINHA VERDE KG ;6250495b7a57520e87ad4ce6
640c0d7b705a336ca46fde86;2023-01-20 21:04:59;625035bee612a77bf7ffb15a;10.99;0.03;PIMENTA DEDO DE MOCA KG;625049703c934e0e879745f2
640bf7ae41c78e7c107d73a2;2022-12-27 19:26:54;625035bee612a77bf7ffb15a;3.49;1.0;ACAFRAO NATUVIDA SC 50G;6250495b4e603b0e873d0190
640c018b4555ff17efa6d35e;2023-01-06 19:32:11;625035bee612a77bf7ffb15a;2.49;2.0;MACARRAO INSTANTANEO NISSIN MIOJO GALINHA CAIPIRA SC 85G;6250495ec30b710e8715fddf
640bf5990e83f1767d5a02df;2022-12-24 14:04:01;625035bee612a77bf7ffb15a;2.59;11.0;CERVEJA SKOL PILSEN RETORNAVEL GF 300ML;6250495c94b5040e87089b06
640befbc32b483669b35e12f;2022-12-18 08:35:15;625035bee612a77bf7ffb15a;4.79;6.0;ARROZ PARBOILIZADO PANELACO SC 1KG;62504970d46d770e873fccaa
640bd22f09a92514005bebf3;2022-11-15 13:13:06;625035bee612a77bf7ffb15a;8.99;1.0;AGUA MINERAL CRISTALINA NATURAL GF 20LT;6250495b329a220e8750d7c9
640bf5b1c0fb2d767deddb0a;2022-12-24 19:14:41;625035bee612a77bf7ffb15a;2.39;1.0;SUCO DEL VALLE KAPO MORANGO TP 200ML;62504960b5f56e0e87c776db
640be6508818f34cc0176d3a;2022-12-07 11:10:12;625035bee612a77bf7ffb15a;6.99;1.0;SALGADO  COXINHA DE FRANGO;6250495a4795a50e87293b02
640bdec05683323a3b81633e;2022-11-28 09:26:56;625035bee612a77bf7ffb15a;1.69;1.0;SAL ALTEZA IODADO REFINADO SC 1KG;6250495f76b0ff0e87dc313e
640be31cde1c5e448e420a56;2022-12-03 15:36:33;625035bee612a77bf7ffb15a;27.99;0.38;AMEIXA FRESCA IMPORTADA KG ;62504970471c6c0e879f32c3
640bcfd36e5aa30b90ef27bd;2022-11-12 19:28:43;625035bee612a77bf7ffb15a;2.29;1.0;SUCO DEL VALLE KAPO UVA TP 200ML;6250497f9769fc0e8732a851
640bddd352b1fe3782e58a0c;2022-11-27 07:34:22;625035bee612a77bf7ffb15a;6.99;5.0;CAFE SANTA CLARA VACUO CLASSICO SC 250G;6250495c0c5f5a0e87225b83
640c036bc5eeaa1cf81cfcc4;2023-01-08 13:14:00;625035bee612a77bf7ffb15a;2.99;2.0;FARINHA DE ARROZ URBANO FLOCAO SEM GLUTEN SC 500G;62504964cdfb950e877dc3df
640bd16043bbda120cef3a4f;2022-11-14 12:55:56;625035bee612a77bf7ffb15a;1.59;1.0;MACARRAO INSTANTANEO NISSIN GALINHA PICANTE SC 74G;6250496997867c0e8788b186
640bfae42fc50f05b6e4ea37;2022-12-30 15:00:57;625035bee612a77bf7ffb15a;4.99;1.0;DESCOLORANTE EM PO ALYNE CAMOMILA SC 20G;62504965c3e8f30e874a2a0d
640c02731342791a5b89f877;2023-01-07 07:43:19;625035bee612a77bf7ffb15a;7.49;5.0;PAO VISCONTI INTEGRAL FORMA PC 400G;62504965bb84ae0e879fac72
640bf08ba6c18868aa373c7f;2022-12-19 16:51:01;625035bee612a77bf7ffb15a;3.49;3.0;MACARRAO BONSABOR SEMOLA ESPAGUETE SC 400G;625049709816c00e8782fa6b
640c0f64a4945c7f6b19f4df;2023-01-22 09:10:14;625035bee612a77bf7ffb15a;9.99;1.0;FEIJAO CORDA DONA DE SC 1KG;6250496789c1920e8760abd0
640beb4dc9fad15b75b59543;2022-12-13 10:03:44;625035bee612a77bf7ffb15a;15.99;0.485;MACA NACIONAL KG;6250495bf443ab0e8763f185
640be4ae4e12f748ad29dab5;2022-12-05 12:07:29;625035bee612a77bf7ffb15a;4.49;1.0;BEBIDA LACTEA BETANIA POL COCO BDJ 540G 6X1;6250495c754f490e8715cf9f
640befc3593b80669b2da8b5;2022-12-18 10:00:42;625035bee612a77bf7ffb15a;10.99;1.0;BISCOITO CRACKER CLUB SOCIAL ORIGINAL PC 288G;63248370b0550d0dcc2a30de
640c11c945d8f0087fd4198f;2023-01-25 17:56:37;625035bee612a77bf7ffb15a;8.19;2.0;POLPA DE FRUTA KIPOLPAS CAJA SC 500G ;6250495f5c76810e8732dafe
640bf89e1f7e707e89418136;2022-12-28 16:58:59;625035bee612a77bf7ffb15a;2.99;1.0;BISCOITO RECHEADO PIRAQUE MALTADO COBERTO PC 80G;62504968a2df550e875244dd
640bfeccb4f56c0ff5682c37;2023-01-03 19:05:05;625035bee612a77bf7ffb15a;4.19;1.0;BOLACHA KIPAO BOLACHAO PC 280G;625049619c27ec0e87a25a04
640bd98d4beef42bb1b97997;2022-11-24 07:44:08;625035bee612a77bf7ffb15a;6.99;1.0;FARINHA DE TRIGO DONA BENTA COM FERMENTO SC 1KG;625049636768d60e8761e8d1
640bf9c8731def02b1a550b9;2022-12-29 19:21:13;625035bee612a77bf7ffb15a;4.99;1.0;MACARRAO DONA BENTA SEMOLA LASANHA LISA SC 200G;63a6df82ab19e33b0be0f1ab
640c14c6d30dee1d7e6f9c99;2023-01-28 18:18:38;625035bee612a77bf7ffb15a;5.99;2.0;SARDINHA ROBINSON CRUSOE C OLEO COMESTIVEL LA 125G;62504960014f970e87ee27fb
640be58277d3d94ae9c6ed64;2022-12-06 12:08:15;625035bee612a77bf7ffb15a;1.29;1.155;MELANCIA KG;6250495b0ed2910e875bc185
640c036707b1051cf8997981;2023-01-08 11:54:07;625035bee612a77bf7ffb15a;0.49;2.0;GOMA DE MASCAR BUBBALOO SABORES;6250495c68920e0e879ad1e0
640c0f6ab5b4e87f6bd720df;2023-01-22 10:31:27;625035bee612a77bf7ffb15a;1.39;1.0;LAVA LOUCAS LIMPA FACIL NEUTRO GF 500ML;62504980407ecc0e8737fafc
640bffac2d726512719713b8;2023-01-04 16:57:08;625035bee612a77bf7ffb15a;20.99;1.0;INSETICIDA ELETRICO SBP REF CITRONELA 35ML;6250495ecd981d0e87cf0cda
640c0d664475ac6ca4c98280;2023-01-20 16:16:00;625035bee612a77bf7ffb15a;18.49;0.705;MACA NACIONAL KG;6250495bf443ab0e8763f185
640be05c2853213e55004830;2022-11-30 19:16:53;625035bee612a77bf7ffb15a;16.99;1.0;LIMPADOR PARA BANHEIRO VEJA TIRA LIMO CLORO ATIV GF LV500ML ;6250497f7f079a0e873d4b82
640bf59db3aef6767d4f4fdd;2022-12-24 14:57:01;625035bee612a77bf7ffb15a;4.99;4.0;MACARRAO FORTALEZA SEMOLA FAIXA DOURADA ESPAGUETE SC 500G;62504970f1453d0e87590fd2
640bd4c06406b51bb0d0c52c;2022-11-18 19:01:02;625035bee612a77bf7ffb15a;0.99;2.0;REFRESCO TANG UVA SC 18G;632b3d6eaabadc47f5132ffe
640be70ef4ea9c4f166529bf;2022-12-08 07:46:23;625035bee612a77bf7ffb15a;26.9;0.064;PRESUNTO SADIA PERU FATIADO KG;6250495b6e1edb0e871d11d9
640c14a56b14381d7e7b63f7;2023-01-28 10:26:04;625035bee612a77bf7ffb15a;9.99;2.356;FRANGO TICA DO FRANGO KG;6250497d50aee20e874c9726
640bfeca50d5450ff5498d43;2023-01-03 18:41:37;625035bee612a77bf7ffb15a;8.99;1.0;BISCOITO KINDER BUENO BARRA WHITE PC 39G;6250495cdcd7c10e87a9587e
640c09469519402d8e51651f;2023-01-15 09:24:50;625035bee612a77bf7ffb15a;1.79;1.0;SABAO EM BARRA AGUIAR COCO SC 100G;62504968353f630e879df224
640bf21e1fbd956cec67f150;2022-12-21 11:48:47;625035bee612a77bf7ffb15a;26.99;1.0;ARROZ BRANCO TIO URBANO SC 5KG;6250495b0582a20e872dc656
640c165213d1812804825ebd;2023-01-30 18:21:35;625035bee612a77bf7ffb15a;7.99;1.0;MARGARINA QUALY ORIGINAL COM SAL PT 500G;6250495e68ec9e0e87766bf1
640bc924fbb5977590f72cf4;2022-11-04 18:53:32;625035bee612a77bf7ffb15a;74.99;1.0;FRALDA PAMPERS PANTS AJUSTE TOTAL VESTE FACIL GIGA XG 66X1;6250496ae420760e87339509
640bc847bd10467293376e39;2022-11-03 19:47:27;625035bee612a77bf7ffb15a;2.39;1.0;MACARRAO INSTANTANEO NISSIN MIOJO CARNE SC 85G;6250497098139f0e87d95278
640bfaf013251305b6454918;2022-12-30 18:16:51;625035bee612a77bf7ffb15a;3.29;15.0;ACUCAR CRISTAL OLHO DAGUA SC 1KG;6250496253cbe90e87b8e655
640bd7724c56f325fd242928;2022-11-21 17:53:06;625035bee612a77bf7ffb15a;10.49;1.0;IOGURTE ITAMBE GREGO INTEGRAL MORANGO PT 500G;62504980523d0d0e87098906
640be7128b046f4f1647767c;2022-12-08 10:29:16;625035bee612a77bf7ffb15a;3.99;0.398;ABOBORA CABOCLA KG ;6250495bb2fa820e874d4ede
640bf4163dfd1972a4055911;2022-12-23 09:18:05;625035bee612a77bf7ffb15a;23.99;1.0;DAMASCO EXCELENCIA SECO BDJ 150G;62504964ec4f7f0e874d9d55
640c05c6ba139e2384c91a13;2023-01-11 16:58:52;625035bee612a77bf7ffb15a;13.99;1.0;OVOS TIJUCA BRANCO EXTRA BDJ 20X1;62b3049ade566e7c4cd2798d
640c0a0d19c51d2fbce00040;2023-01-16 19:00:47;625035bee612a77bf7ffb15a;1.59;1.0;REFRIGERANTE FANTA UVA GF 250ML;6250497fc6b6710e878256b9
640be8f66c407a548af116a5;2022-12-10 12:07:25;625035bee612a77bf7ffb15a;10.99;1.0;OVOS TIJUCA BRANCO EXTRA BDJ 20X1;62b3049ade566e7c4cd2798d
640bf5805f0f4c767db09249;2022-12-24 08:56:48;625035bee612a77bf7ffb15a;7.49;2.0;AZEITONA VALE FERTIL VERDE FATIADA SC 120G;6250495cc08cd20e87c6edb0
640be71b20b1164f168baae4;2022-12-08 17:45:00;625035bee612a77bf7ffb15a;29.99;0.524;CARNE DE SOL KG;6250495b5faa780e87238f32
640c14b7b19fda1d7efb143d;2023-01-28 14:38:49;625035bee612a77bf7ffb15a;26.99;1.0;AREIA HIGIENICA PURINA TIDY CATS SC 2KG;6250496bb32f6b0e87386cb3
640c0296930c6b1a5b0d4524;2023-01-07 19:31:21;625035bee612a77bf7ffb15a;1.59;2.0;MACARRAO INSTANTANEO FORTALEZA LAMEN GALINHA CAIPIR SC 74,3G;6250496853e4100e87b96bf1
640bcebca543e1064e7645c4;2022-11-11 12:25:19;625035bee612a77bf7ffb15a;4.89;1.0;FARINHA DE MANDIOCA BREJEIRA BRANCA SC 1KG;625049621240d90e87e81e2e
640bf6dd8520c879b7b3dbfd;2022-12-26 20:35:43;625035bee612a77bf7ffb15a;9.99;1.0;CHOCOLATE EM BARRA NESTLE CLASSIC DUO COOKIE SC 150G;62a72eaf4138f24c1ff7a855
640bcdeeafd8ed03b190aad0;2022-11-10 16:04:46;625035bee612a77bf7ffb15a;4.99;1.0;BISCOITO RECHEADO OREO MILKSHAKE DE MORANGO PC 144G;62504961ee29200e873ccb66
640c0421a7d7801f412e97ad;2023-01-09 11:21:34;625035bee612a77bf7ffb15a;1.89;2.0;BISCOITO WAFER BAUDUCCO BRIGADEIRO PC 78G;62504964961ee10e8770489f
640c05bcb4914223845f2042;2023-01-11 10:05:28;625035bee612a77bf7ffb15a;2.99;1.0;CANETA ESFEROGRAFICA CIS HAPPY SORTIDAS UN;62504967ebad7b0e87225f5a
640bedca060b3a61d559f303;2022-12-16 10:48:06;625035bee612a77bf7ffb15a;23.99;1.0;SORVETE PARDAL MENTA COM CHOCOLATE PT 1,5LT;6357bceabd7fb12922653e56
640be214461ba14290c884c8;2022-12-02 19:16:51;625035bee612a77bf7ffb15a;12.49;1.0;EMPANADO SEARA CHIKENITOS PEITO DE FRANGO SUPREME CX 300G;62504961ee36440e8792a6c6
640c127798f37d0d5e3b38e4;2023-01-26 08:16:02;625035bee612a77bf7ffb15a;2.19;1.0;BEBIDA LACTEA NESTLE NESCAU UHT CHOC TP 180ML;62b58991c664a75cd7975a5d
640bf7a07b09bb7c10cc7cfb;2022-12-27 12:17:40;625035bee612a77bf7ffb15a;5.29;1.0;BOLACHA NOSSA SENHORA DE FATIMA NEUDA PC 400G;6250495cfe3c080e878f49e2
640c04ffe8804b21781d9964;2023-01-10 18:08:39;625035bee612a77bf7ffb15a;3.89;2.155;BANANA PRATA KG;6250495b591e3e0e87d73d29
640c0ad13cb4f931f8711d2d;2023-01-17 15:57:16;625035bee612a77bf7ffb15a;6.99;1.0;ACHOCOLATADO EM PO NESTLE NESCAU 2 0 LA 200G;6250495b4331d70e87e1c0fe
640be7f1af1d1651a4d7b07f;2022-12-09 11:17:48;625035bee612a77bf7ffb15a;5.49;9.0;CERVEJA HEINEKEN LAGER BEER PREMIUM LONG NECK GF 330ML;62504962abdc470e872d40c0
640bcde7e0565003b12681a8;2022-11-10 09:11:25;625035bee612a77bf7ffb15a;4.29;5.0;ARROZ PARBOILIZADO VO OLIMPIO SC 1KG;6250496795ab1d0e8701c4ac
640beefddc028564a7d5d3cb;2022-12-17 20:55:39;625035bee612a77bf7ffb15a;9.99;2.33;FRANGO TICA DO FRANGO KG;6250497d50aee20e874c9726
640c094d11c1852d8e872b0e;2023-01-15 10:59:21;625035bee612a77bf7ffb15a;9.99;1.0;LEITE EM PO ITAMBE INTEGRAL SC 200G;6250495ee22edf0e87d9acc3
640bfaf152b97505b640dc18;2022-12-30 18:23:32;625035bee612a77bf7ffb15a;2.59;6.0;CERVEJA SKOL PILSEN RETORNAVEL GF 300ML;6250495c94b5040e87089b06
640c0094e62bb0151f8e7f20;2023-01-05 21:06:11;625035bee612a77bf7ffb15a;2.49;1.0;TEMPERO EM PO REGINA NORDESTE SC 50G 10X1;6250497fff69230e879f5f62
640befc9a22bff669b525893;2022-12-18 11:13:35;625035bee612a77bf7ffb15a;2.39;2.0;MACARRAO INSTANTANEO NISSIN MIOJO GALINHA SC 85G;625049700659f40e8702cdbe
640bf7a7bc560e7c10e8c3a2;2022-12-27 17:13:11;625035bee612a77bf7ffb15a;16.99;1.0;PAO PLUSVITA FORMA NUTRELLA GRAOS E CASTANHAS PC 350G;62a72e9a2507fa4c1f071d2a
640bcc81e6666d7ea403604f;2022-11-08 15:49:02;625035bee612a77bf7ffb15a;8.99;1.0;PAO PULLMAN FORMA INTEGRAL PC 400G;6250496f216b1a0e8758fe99
640c06988a70f025ff00210b;2023-01-12 18:41:34;625035bee612a77bf7ffb15a;12.99;1.0;BOMBOM DE CHOCOLATE GAROTO SORTIDO CX 250G;625049666961da0e8705e750
640bfacdb10e1305b69c6cc0;2022-12-30 08:12:09;625035bee612a77bf7ffb15a;6.99;1.0;CEREAL NESTLE CRUNCH SC 120G;6250496391ebd00e87902c6b
640bd6bcd7e192240ac2b6b1;2022-11-20 11:19:21;625035bee612a77bf7ffb15a;7.99;1.0;AZEITONA VALE FERTIL VERDE S CAROCO SC 120G;6250495b531c300e87039058
640bdc82c5cc9133ef8f75d4;2022-11-26 08:04:19;625035bee612a77bf7ffb15a;4.79;1.0;FARINHA DE MANDIOCA GOSTOZZO BRANCA SC 1KG;62504970e4cf9d0e87681af7
640bf9c455126802b1946893;2022-12-29 18:28:38;625035bee612a77bf7ffb15a;5.99;2.0;CERVEJA CORONA PILSEN EXTRA LONG NECK GF 330ML;62504966467efb0e8757a401
640bc90c95e3197590d5068d;2022-11-04 07:41:08;625035bee612a77bf7ffb15a;5.49;1.0;CHOCOLATE EM BARRA HERSHEYS MEIO AMARGO SC 87G;62f8cab84818df6c2ce88051
640bf6d4d1341f79b7a2bea2;2022-12-26 17:00:51;625035bee612a77bf7ffb15a;14.99;0.448;PAO  KG;6250495a0a398c0e87675e61
640bf441ba6f2e72a4e9c49d;2022-12-23 21:44:19;625035bee612a77bf7ffb15a;36.99;0.478;LINGUICA PERDIGAO CALABRESA KG;6250497d400c600e876b85a1
640bece004802d5f7a6119a6;2022-12-15 11:33:23;625035bee612a77bf7ffb15a;1.99;1.0;TEMPERO EM PO DONA CLARA MISTO COM COMINHO SC 100G;62504960935c2b0e87b850ee
640bcdf1e83c1503b1e0028d;2022-11-10 18:14:13;625035bee612a77bf7ffb15a;4.19;1.0;MARGARINA PRIMOR COM SAL PT 250G;6250495e1f52d40e87c9ed37
640bd5ba85ac0a20d027aac1;2022-11-19 07:03:30;625035bee612a77bf7ffb15a;4.99;1.0;BISCOITO MAIZENA RICHESTER SUPERIORE ORIGINAL PC 200G;6250497dc1f7ee0e87f5f545
640bfec03dd3f20ff53ed815;2023-01-03 16:18:00;625035bee612a77bf7ffb15a;14.99;0.13;PAO  KG;6250495a0a398c0e87675e61
640c0947ab0ce32d8ec4d0ca;2023-01-15 09:41:19;625035bee612a77bf7ffb15a;1.99;1.0;LAVA LOUCAS MINUANO MARINE GF 500ML;62fcc205080df04be0677fdc
640bd309f144ce15fe17c29b;2022-11-16 12:21:44;625035bee612a77bf7ffb15a;11.99;0.684;CORTE DE FRANGO MERCI COXA COM SOBRECOXA KG;6250495badc3100e87c37b8e
640bffb405ee141271f5864e;2023-01-04 18:54:15;625035bee612a77bf7ffb15a;5.99;1.0;LEITE UHT BETANIA INTEGRAL TP 1LT;6250495e959c790e8771e6e8
640bc92a36b3fe7590812c31;2022-11-04 20:35:06;625035bee612a77bf7ffb15a;1.99;1.0;MOLHO DE TOMATE FUGINI TRADICIONAL SC 300G;6250495ebd89cf0e879d957e
640bd31847f7d115fe4e8d98;2022-11-16 20:09:02;625035bee612a77bf7ffb15a;9.99;1.0;ALCOOL LIQUIDO ECONOMICO NEUTRO 70 INPM GF 1LT;6250496a419fd30e878756e5
640bcbc8be06507c6f387cca;2022-11-07 10:22:59;625035bee612a77bf7ffb15a;13.99;1.292;FRANGO TICA DO FRANGO KG;6250497d50aee20e874c9726
640bd76c39d5f025fd8a8ee1;2022-11-21 13:53:59;625035bee612a77bf7ffb15a;3.19;4.0;AGUA MINERAL INDAIA NATURAL GF 1,5LT;6250495b7146870e875d5702
640c0866cc4b732b8fbea8d9;2023-01-14 08:04:00;625035bee612a77bf7ffb15a;7.99;1.0;FEIJAO CARIOCA DONA DE SC 1KG;62504961b5c98d0e87092cda
640c0c7016138d5f7021c7a0;2023-01-19 09:09:06;625035bee612a77bf7ffb15a;7.99;1.0;MARGARINA PRIMOR COM SAL PT 500G;6250495eb7c2570e87c8aa1b
640be9d8392a9c56c385f8cc;2022-12-11 12:03:57;625035bee612a77bf7ffb15a;5.49;1.0;CREME DE LEITE NESTLE UHT TRAD TP 200G;6250495dddfc650e873cc9aa
640c069e28cac425ff052fb0;2023-01-12 20:05:29;625035bee612a77bf7ffb15a;15.99;1.0;MANTEIGA ITACOLOMY COM SAL PT 200G;6250495ed86e5e0e87d5fdd3
640c110143638705630e6cbe;2023-01-24 19:39:22;625035bee612a77bf7ffb15a;0.79;1.0;REFRESCO FRISCO MORANGO COM IOGURTE SC 25G;6250496bda16fa0e87d5612a
640bea82f8c27c593ed54927;2022-12-12 07:45:48;625035bee612a77bf7ffb15a;11.99;1.0;PAO VISCONTI INTEGRAL FORMA PC 400G;62504965bb84ae0e879fac72
640c103d78ac4802a98786ff;2023-01-23 21:43:38;625035bee612a77bf7ffb15a;3.99;1.0;ESCOVA DENTAL ORAL B PRO SAUDE ANTIBAC 35 MACIA CR;6250496419ad520e87fdf9e5
640bdaf9ee809f2f1d91d0ff;2022-11-25 17:04:57;625035bee612a77bf7ffb15a;3.59;1.0;ARROZ BRANCO PANELACO SC 1KG;6250497f6c50d20e87f04b88
640bcb0dea2c187a72ce1c00;2022-11-06 10:17:13;625035bee612a77bf7ffb15a;19.99;1.0;ANTISSEPTICO ORAL B COMPLETE MENTA GF LV500ML PG300ML;6250495b0233e80e8758981c
640bea89447ce3593eb8aa26;2022-12-12 12:12:46;625035bee612a77bf7ffb15a;3.59;1.0;IOGURTE NESTLE GREGO INTEG TORTA TRAD PT 90G;6250497f4673970e87ad0fdc
640bdebffa5bf93a3bc3bdcb;2022-11-28 08:30:20;625035bee612a77bf7ffb15a;9.99;1.0;BARRA DE PROTEINA QVITA WHEY PROTEIN MORANGO SC 40G;6324837737485d0dccb020cd
640bf9ce62844b02b1140cd0;2022-12-29 20:47:52;625035bee612a77bf7ffb15a;2.99;1.0;CHOCOLATE WAFER LACTA STICK SONHO DE VALSA SC 25G;63109724e0100848365b2748
640beedecfc8f464a71d048c;2022-12-17 10:26:35;625035bee612a77bf7ffb15a;6.49;1.0;REFRIGERANTE PEPSI COLA GF 2LT;6250495f1a26830e87a378fa
640bc9184dae4a759024c4ee;2022-11-04 13:40:45;625035bee612a77bf7ffb15a;6.99;0.714;SALGADO  FOLHADO MISTO;6250495a56c1950e874c0882
640bd5e0c8b31c20d0737477;2022-11-19 19:28:02;625035bee612a77bf7ffb15a;4.99;1.0;ARROZ BRANCO PAI JOAO SC 1KG;62504963ffde6e0e877c7a7c
640bf57f5a2bf4767d4a9488;2022-12-24 08:42:47;625035bee612a77bf7ffb15a;5.99;1.0;BEBIDA LACTEA ISIS POL BANANA E MACA SC 900G;625049631c28250e87896d5d
640bc6565866ca69250361ed;2022-11-01 10:39:00;625035bee612a77bf7ffb15a;2.99;3.0;LAVA LOUCAS YPE LIMAO GF 500ML;6250495dffd04b0e87a609a0
640bc849b1d70f72935f0f8c;2022-11-03 20:26:14;625035bee612a77bf7ffb15a;4.99;1.35;BANANA MACA KG;6250495b7f58d30e87e5ada8
640bf21b5bce4e6cec5f9b32;2022-12-21 10:55:08;625035bee612a77bf7ffb15a;2.99;1.0;BISCOITO RECHEADO PIRAQUE MALTADO COBERTO PC 80G;62504968a2df550e875244dd
640bd16b1371c9120c99fb36;2022-11-14 19:28:12;625035bee612a77bf7ffb15a;89.99;0.29;QUEIJO PARMESAO REGINA FRACIONADO SC KG;630f3b91b638504115007fc7
640bc65d92bb71692594928f;2022-11-01 15:45:01;625035bee612a77bf7ffb15a;7.99;1.0;REFRIGERANTE COCA COLA MENOS ACUCAR GF 2,5LT;62504969098f5f0e873acd19
640be579fce0dc4ae978ec66;2022-12-06 07:04:19;625035bee612a77bf7ffb15a;3.49;1.0;BISCOITO COOKIES NESTLE NESFIT INTEGRAL CACAU E AVELA SC 60G;625049640a6afc0e8799ec01
640bdddd5298933782e13dc5;2022-11-27 09:15:05;625035bee612a77bf7ffb15a;14.99;0.546;LINGUICA AURORA SUINA KG;6250495bd86fdf0e870b2a41
640bcbcff342137c6ff6ff9f;2022-11-07 16:58:34;625035bee612a77bf7ffb15a;36.99;1.0;LEITE EM PO NESTLE NINHO INTEGRAL SC 750G;6250496af0c4a40e874cfe62
640be12e1df128407123fb48;2022-12-01 20:03:29;625035bee612a77bf7ffb15a;15.99;1.0;CAFE NESTLE NESCAFE SOLUVEL ORIGINAL PT 100G;6250495c7cd6220e87e56d8a
640bcbdddd84927c6f08c03d;2022-11-07 21:55:04;625035bee612a77bf7ffb15a;5.99;1.0;BISCOITO CREAM CRACKER FORTALEZA AGUA E SAL PC 350G;62a72ead7d57654c1f9b7fd4
640c050a4cdf312178565028;2023-01-10 22:17:15;625035bee612a77bf7ffb15a;2.49;2.0;MACARRAO INSTANTANEO NISSIN MIOJO CREMOSO FRANGO SC 85G;62504970ae4cb30e872a0611
640be3f464cafa46b2c95773;2022-12-04 11:14:52;625035bee612a77bf7ffb15a;10.99;1.0;LASANHA REZENDE FRANGO AO MOLHO BRANCO COM 4 QUEIJOS CX 600G;6250495eeddad20e8768108a
640c0ac683c0cc31f891c100;2023-01-17 08:34:52;625035bee612a77bf7ffb15a;1.59;2.0;BOLINHO RICHESTER ANIMADOS ZOO CHOCOLATE E MORANGO SC 40G;625049675281200e878e0d54
640bec17917c8e5d40db9c96;2022-12-14 17:55:34;625035bee612a77bf7ffb15a;9.99;0.02;PIMENTA DE CHEIRO KG;6250495bb9ac490e878513e9
640bedc707d4ef61d56275ac;2022-12-16 09:25:13;625035bee612a77bf7ffb15a;6.99;1.0;CAFE 3 CORACOES TRADICIONAL VACUO SC 250G;6250495cd45faa0e876f117b
640c11c50d6234087fe65bef;2023-01-25 16:14:03;625035bee612a77bf7ffb15a;14.99;0.248;PAO  KG;6250495a0a398c0e87675e61
640c174ed1de9a2af4106703;2023-01-31 18:01:13;625035bee612a77bf7ffb15a;3.99;1.0;SABAO EM PASTA URCA TRAD ULTRA BRILHO PT 200G;6250495e9679ee0e87e2d140
640c0b91c77c9d4087539609;2023-01-18 07:04:18;625035bee612a77bf7ffb15a;1.99;1.0;SABONETE EM BARRA GIPSY ENERGIA DA AMAZONIA SC 80G;636d97d908d92b616a717956
640bf8a3b750d47e89ea0413;2022-12-28 18:16:39;625035bee612a77bf7ffb15a;1.79;1.0;BISCOITO RECHEADO RICHESTER AMORI CHOCOLATE PC 125G;62a72eca0d1e524c1ff255c7
640c068a0eaa5b25ffb1c0a2;2023-01-12 10:15:29;625035bee612a77bf7ffb15a;4.49;1.0;UVA CAPPELLARO KIDS 250G;62c9130bd2057e2932bf2ff6
640bf8a349cd727e894f2571;2022-12-28 18:20:54;625035bee612a77bf7ffb15a;2.39;2.0;FARINHA DE MILHO VITAMILHO FLOCAO TRADICIONAL SC 500G;62504970fa017c0e87a897a0
640bf219d5d0566cec78c5d3;2022-12-21 09:27:47;625035bee612a77bf7ffb15a;7.99;1.0;BISCOITO MARIA FORTALEZA ORIGINAL PC 350G;62a72e361d6d634c1f5ef630
640be718b3dbde4f16cc5254;2022-12-08 15:29:30;625035bee612a77bf7ffb15a;3.99;1.0;BATATA PALHA SAO BRAZ SCRUSCH TRADICIONAL SC 80G;633691182cea354f604842ed
640becf0e8fe0e5f7a5200ba;2022-12-15 20:09:39;625035bee612a77bf7ffb15a;24.99;1.0;JOGO DE PETECA ART BRINK CR;6308a8c671bab433d2e5df50
640bd4b2ed47861bb09c9e39;2022-11-18 12:04:46;625035bee612a77bf7ffb15a;3.99;1.0;CHOCOLATE EM BARRA CACAU DO CEARA 70% ZERO LACTOSE SC 20G;62a72ec77612744c1fb5aaed
640c05c0aaf46f238415641c;2023-01-11 11:55:35;625035bee612a77bf7ffb15a;32.99;1.0;PEIXE MINERVA FILE DE MERLUZA SC 800G ;62504969141f4f0e878f4b57
640beb607b7d795b757a237d;2022-12-13 20:54:04;625035bee612a77bf7ffb15a;7.99;1.0;MINGAU MAIZENA CREMOGEMA TRADICIONAL CX 380G;6304b903a9fa4d7a541a664f
640bc912d914c77590584a9b;2022-11-04 10:24:15;625035bee612a77bf7ffb15a;5.99;1.0;FEIJAO PRETO GOSTOZZO SC 1KG;625049700584b10e87c343a3
640c02813d31b41a5b2a6244;2023-01-07 11:47:12;625035bee612a77bf7ffb15a;4.49;2.0;ARROZ BRANCO CAMIL SC 1KG;62504982b931af0e87ead65a
640c04fc4d537a217897fc33;2023-01-10 17:03:14;625035bee612a77bf7ffb15a;4.49;5.0;ARROZ BRANCO BELEZA SC 1KG;63aef815368cfd47057eb302
640be3e993002e46b25c7c0f;2022-12-04 08:58:43;625035bee612a77bf7ffb15a;14.99;1.0;MINGAU NESTLE MUCILON ARROZ E AVEIA SC 600G;6250495e281f4a0e877c6212
640c094e8480802d8ee43d94;2023-01-15 11:10:35;625035bee612a77bf7ffb15a;7.99;1.0;GRANOLA SAO BRAZ LIGHT SC 250G;6336911489aab54f604904a3
640bcbcbf691ac7c6f66dc2c;2022-11-07 12:41:37;625035bee612a77bf7ffb15a;4.99;1.0;ADOCANTE ADOCYL SACARINA BS 100ML;6250495b5301e40e87581707
640bc75d5b9bc36d800e8938;2022-11-02 18:30:17;625035bee612a77bf7ffb15a;12.99;1.0;TIRA MANCHAS EM PO YPE TIXAN ROUPAS BRANCAS SC 420G;625049622adc560e87c9c2a0
640c1033066a6202a99b129a;2023-01-23 18:49:36;625035bee612a77bf7ffb15a;32.99;0.256;QUEIJO COALHO FP LATICINIO FATIADO KG;6250495b6e8dad0e87213381
640bfc84a07ad9098fe99b2e;2022-12-31 18:19:15;625035bee612a77bf7ffb15a;14.99;0.172;TORRADA  BOLO KG;637fa37a88b9550d788f4024
640bffad7ccf6a1271baa727;2023-01-04 17:14:43;625035bee612a77bf7ffb15a;13.99;2.368;FRANGO TICA DO FRANGO KG;6250497d50aee20e874c9726
640bd3099e682f15fed96ce9;2022-11-16 12:10:16;625035bee612a77bf7ffb15a;4.99;1.0;MISTURA LACTEA TRIANGULO MINEIRO CONDENSADA TP 395G;6250495e7ea5960e8714aeb5
640bc90facaac97590ecf04b;2022-11-04 09:06:30;625035bee612a77bf7ffb15a;6.99;2.0;DESODORANTE AEROSOL MONANGE INVISIVEL 48H 150ML;62504962b192310e87df6e15
640bfdcc9e1f920d6b247b27;2023-01-02 10:56:47;625035bee612a77bf7ffb15a;3.99;1.0;GELEIA DE MOTOCO STELLA DORO NATURAL CP 180G;6321cca09067417361aec545
640be579d052e44ae91fcefc;2022-12-06 07:08:38;625035bee612a77bf7ffb15a;1.99;1.0;POLIDOR DE ALUMINIO LIMPA FACIL MACA GF 500ML;6250495fa44fb50e87e4788d
640c0e8134082a7cb5901fd0;2023-01-21 10:54:57;625035bee612a77bf7ffb15a;8.99;1.0;IOGURTE BETANIA POL SEMIDESN CREMOSO AMEIXA GF 900G;6250495e8509f10e87b15057
640bf8ac06bc9b7e89ad6410;2022-12-28 20:20:34;625035bee612a77bf7ffb15a;2.29;1.0;SABONETE ALBANY HIDRAT NUTRITIVA SC 85G;625049643bc6540e87ab9acb
640c09489918cb2d8eb4977f;2023-01-15 09:55:23;625035bee612a77bf7ffb15a;6.99;1.184;CEBOLA BRANCA KG;6250495bad4f820e87177f0e
640c15c1631654255e00e70d;2023-01-29 12:41:44;625035bee612a77bf7ffb15a;1.39;1.0;BEBIDA LACTEA ITAMBE GOODY UHT CHOC TP 200ML;6250497f4399500e874a78bc
640bfc5073d9a6098f607139;2022-12-31 08:36:48;625035bee612a77bf7ffb15a;0.79;1.0;REFRESCO FRISCO MARACUJA SC 25G;6250495fe278b30e878899b1
640bd165e2bd33120cb670e3;2022-11-14 17:19:00;625035bee612a77bf7ffb15a;2.19;1.0;CEREAL NESTLE NESCAU RADICAL SC 30G;6250495caee1d00e87f2b1b5
640befc3593b80669b2da8b5;2022-12-18 10:00:42;625035bee612a77bf7ffb15a;6.49;1.0;SOPA NESTLE MAGGI CREME DE MANDIOQUINHA COM FRANGO SC 61G;635bab274ae0eb7c0ffd754c
640c0f60c956c67f6ba21fcd;2023-01-22 07:40:56;625035bee612a77bf7ffb15a;4.99;1.0;BISCOITO SALGADO PIRAQUE SNACK DE BATATA CEBOLA SALSA PC 60G;6250496b44989f0e87643738
640c0baa54f18040877a21de;2023-01-18 18:52:25;625035bee612a77bf7ffb15a;4.19;1.0;POLPA DE FRUTA KIPOLPAS ABACAXI SC 500G ;6250495f7a04320e871b8f25
640c087b5336e22b8fb81edb;2023-01-14 15:30:34;625035bee612a77bf7ffb15a;25.99;0.304;LINGUICA SEARA SUINA KG;6250495b58502f0e87e0f543
640bf217a5a3036cecff0286;2022-12-21 08:21:41;625035bee612a77bf7ffb15a;39.99;2.196;CONTRAFILE BOVINO KG;6250495b62182c0e87cd3333
640bddef6f7c653782cbc06f;2022-11-27 12:14:33;625035bee612a77bf7ffb15a;3.19;2.0;ACUCAR CRISTAL CORURIPE SC 1KG ;62504966263fcb0e87c6d456
640befc9be9747669b8c1b49;2022-12-18 11:17:37;625035bee612a77bf7ffb15a;6.99;1.0;BEBIDA LACTEA PIRACANJUBA PIRAKIDS UHT CHOC TP 1LT;632b3d6618c28d47f5b3d132
640be05c2853213e55004830;2022-11-30 19:16:53;625035bee612a77bf7ffb15a;13.99;1.0;VASSOURA SANTA MARIA PHENIX ;62504965c0d24a0e8704ea32
640be04a2a55b83e55c318db;2022-11-30 09:09:01;625035bee612a77bf7ffb15a;3.29;1.0;SACO DE LIXO BRASILEIRINHO PRETO 100LT SC 5X1;6250495f4d200a0e87fb603e
640bdc8ebdc65933ef16c8aa;2022-11-26 10:13:55;625035bee612a77bf7ffb15a;6.99;1.0;CAFE SANTA CLARA VACUO PREMIUM SC 250G;6250495c0d00b80e87a66409
640be7f239989b51a4560e9e;2022-12-09 11:32:16;625035bee612a77bf7ffb15a;2.79;2.0;PRATO DESCARTAVEL MARATA FUNDO PRM 120F SC 10X1;6250495f2971f60e87584eed
640c0367105bfd1cf8cb0ab1;2023-01-08 11:43:27;625035bee612a77bf7ffb15a;3.19;1.0;CALDO EM TABLET MAGGI EQUILIBRIUM GALINHA CX 114G 12X1;62504965779f580e87c88512
640bced0b53c05064e24a646;2022-11-11 20:16:43;625035bee612a77bf7ffb15a;1.99;1.0;SALGADINHO DELICITOS CEBOLA E SALSA SC 50G;6250495fe102a00e870a5e9f
640bfde5408e820d6b85c10b;2023-01-02 20:43:07;625035bee612a77bf7ffb15a;32.99;0.24;LINGUICA SEARA CALABRESA KG;6250495ac47cf20e87b1aed2
640bc661ed830369255d5e07;2022-11-01 17:45:23;625035bee612a77bf7ffb15a;1.99;2.752;MELAO JAPONES KG;6250495b26dd770e87968ee1
640bd160f4e87e120c9bd372;2022-11-14 12:12:29;625035bee612a77bf7ffb15a;14.99;0.505;MACA NACIONAL KG;6250495bf443ab0e8763f185
640bd3047b01a515fe97629d;2022-11-16 09:33:37;625035bee612a77bf7ffb15a;5.69;2.0;APARELHO DE BARBEAR BIC ACQUA3 CR 2X1;6250495bd2ef350e873109f4
640bd76edd972d25fd07b598;2022-11-21 15:06:14;625035bee612a77bf7ffb15a;9.19;3.0;CAFE SANTA CLARA VACUO EXTRAFORTE SC 250G;6321cca02648d77361fe924f
640bc7576e42936d80a4fd74;2022-11-02 16:20:35;625035bee612a77bf7ffb15a;16.49;0.222;PAO  COCO KG;62cfed9ed4d9ef767328547d
640bd5d4b2a0ce20d0ef13d9;2022-11-19 16:25:16;625035bee612a77bf7ffb15a;3.09;1.0;CALDO EM TABLET MAGGI PICANHA CX 114G 12X1;625049637800410e8752efd1
640bcd4609ecc6016f1a2120;2022-11-09 19:30:05;625035bee612a77bf7ffb15a;2.19;1.0;BISCOITO WAFER BAUDUCCO BRIGADEIRO PC 78G;62504964961ee10e8770489f
640c0d68f90cb76ca4866a46;2023-01-20 16:50:04;625035bee612a77bf7ffb15a;34.99;0.3;QUEIJO MUSSARELA RIO JAGUARIBE FATIADO KG;636135470f70386ec98d9c5e
640be64af91ced4cc0c5bbbb;2022-12-07 07:38:50;625035bee612a77bf7ffb15a;14.99;0.27;CEBOLA BRANCA KG;6250495bad4f820e87177f0e
640c0e93a0a7567cb51e9c81;2023-01-21 16:28:34;625035bee612a77bf7ffb15a;2.99;1.805;ABOBORA JACARE KG ;6250495bf1802f0e87a2e750
640bd4bc959f8a1bb03b4006;2022-11-18 17:53:11;625035bee612a77bf7ffb15a;13.49;1.0;SABAO EM PO BRILHANTE LIMPEZA TOTAL SC 800G;62504966757d430e874d61bc
640bfad1c5de2005b6f2a64c;2022-12-30 09:37:45;625035bee612a77bf7ffb15a;6.89;1.0;REFRIGERANTE ANTARCTICA GUARANA GF 2LT;6250495f77d5530e87615613
640be64d89f2204cc0e4083b;2022-12-07 09:34:36;625035bee612a77bf7ffb15a;5.69;1.0;MACARRAO FORTALEZA SEMOLA NINHO SC 500G;6250495ec4a4c10e87bbbd07
640be05318c1843e552f559b;2022-11-30 15:32:25;625035bee612a77bf7ffb15a;14.99;1.0;MINGAU NESTLE MUCILON MULTICEREAIS SC 600G;625049613a8f130e875354bd
640bcdefea7c0003b1cec925;2022-11-10 17:10:36;625035bee612a77bf7ffb15a;10.99;1.0;AGUARDENTE YPIOCA LEMON GF 480ML;6250496266cb710e877dc682
640bc757f654ab6d80d2002c;2022-11-02 16:22:23;625035bee612a77bf7ffb15a;1.59;1.0;MOLHO DE TOMATE FUGINI TRADICIONAL SC 300G;6250495ebd89cf0e879d957e
640bc910c654e97590d96767;2022-11-04 09:24:28;625035bee612a77bf7ffb15a;3.69;10.0;ARROZ PARBOILIZADO VO OLIMPIO SC 1KG;6250496795ab1d0e8701c4ac
640be131d0a9e94071f2df90;2022-12-01 21:32:19;625035bee612a77bf7ffb15a;1.99;1.0;BISCOITO RECHEADO RICHESTER AMORI CHOCOLATE PC 125G;62a72eca0d1e524c1ff255c7
640c02864094fd1a5b259630;2023-01-07 13:46:34;625035bee612a77bf7ffb15a;26.9;0.1;PRESUNTO SADIA PERU FATIADO KG;6250495b6e1edb0e871d11d9
640c017e754d8817efd850a6;2023-01-06 16:32:39;625035bee612a77bf7ffb15a;6.99;1.45;MAMAO FORMOSA KG;6250495b1a363f0e870bb47d
640be31f72f221448e8ed938;2022-12-03 16:43:18;625035bee612a77bf7ffb15a;5.49;1.0;BISCOITO CREAM CRACKER FORTALEZA LEGITIMO PC 350G;625049702e1bf90e87c8dfd2
640c077362f6c62891edd52e;2023-01-13 13:01:37;625035bee612a77bf7ffb15a;6.99;0.985;MAMAO FORMOSA KG;6250495b1a363f0e870bb47d
640c028db66cee1a5b437d9d;2023-01-07 16:49:19;625035bee612a77bf7ffb15a;13.99;0.312;SALSICHA PERDIGAO KG ;6250495bf297ab0e8796dc93
640bf4346a104772a41e6a1b;2022-12-23 18:23:55;625035bee612a77bf7ffb15a;11.49;1.0;CARVAO VEGETAL PHOENIX PC 3KG;62504962eb28a50e8773f520
640bf21ce1c58f6cecd7888b;2022-12-21 11:17:54;625035bee612a77bf7ffb15a;2.69;2.0;BISCOITO RECHEADO RICHESTER AMORI CHOCOLATE PC 125G;62a72eca0d1e524c1ff255c7
640be1fa17a463429076fffc;2022-12-02 08:31:22;625035bee612a77bf7ffb15a;4.49;1.0;ABS SEMPRE LIVRE ADAPT SUAVE C ABAS SC 8X1;6250495b3b1c140e87f7b7fd
640bf89161ba527e89986f62;2022-12-28 10:44:19;625035bee612a77bf7ffb15a;12.99;2.0;PAO VISCONTI INTEGRAL FORMA PC 400G;62504965bb84ae0e879fac72
640bd22d9c21341400c77112;2022-11-15 11:58:12;625035bee612a77bf7ffb15a;129.99;1.0;WHISKY JACK DANIELS OLD TIME GF 1LT;625049607e488e0e87a6c498
640c027479beb61a5b4d7a76;2023-01-07 08:27:43;625035bee612a77bf7ffb15a;6.99;1.83;MAMAO FORMOSA KG;6250495b1a363f0e870bb47d
640be9d4ffccbc56c3f0d337;2022-12-11 11:04:07;625035bee612a77bf7ffb15a;1.79;1.0;BISCOITO RECHEADO RICHESTER AMORI CHOCOLATE PC 71,2G;62a72eb7572b054c1fd44635
640c0d7969cd076ca4e38ae0;2023-01-20 20:28:00;625035bee612a77bf7ffb15a;6.99;1.0;CARRAPATICIDA BARRAGE VD 20ML;6250495c1aa3390e87f80f11
640bd4c2522e631bb0d1f4c3;2022-11-18 19:44:31;625035bee612a77bf7ffb15a;24.99;1.0;LEITE EM PO ITAMBE INTEGRAL SC 800G;6250495ed9d9a50e873b5c13
640beb5d8a3bef5b75733e32;2022-12-13 19:51:03;625035bee612a77bf7ffb15a;8.79;1.0;FECULA DE MANDIOCA AMAFIL SC 1KG;6250495bdd72db0e87757093
640c069d32199f25ff9582ca;2023-01-12 19:49:49;625035bee612a77bf7ffb15a;8.99;1.0;LEITE CONDENSADO NESTLE MOCA SEMIDESNATADO TP 395G;6250495e4a373f0e8733bee4
640bc7555fa9316d807ffb65;2022-11-02 15:12:23;625035bee612a77bf7ffb15a;1.59;2.0;MOLHO DE TOMATE FUGINI TRADICIONAL SC 300G;6250495ebd89cf0e879d957e
640c10ebd6ac910563128bbf;2023-01-24 08:44:57;625035bee612a77bf7ffb15a;4.99;1.0;BATATA PALHA YOKI EXTRA FINA CEBOLA E SALSA SC 100G;62504969ecfa070e873485cb
640bd6b6284da7240a8a2488;2022-11-20 10:06:15;625035bee612a77bf7ffb15a;9.99;1.0;GARRAFA PLASTICA UTIL BAZAR SHAKEIRA COLOR COM BATEDOR 600ML;62b3049b61424d7c4c2022c6
640bc83404d5067293e6a272;2022-11-03 09:15:45;625035bee612a77bf7ffb15a;1.29;1.0;COLORIFICO EM PO DONA CLARA SC 100G;6250495de84d470e873908ef
640bd6babff82b240aa41387;2022-11-20 10:57:58;625035bee612a77bf7ffb15a;1.79;1.0;BISCOITO WAFER RICHESTER AMORI CHOCOLATE BRANCO PC 80G;62a741dad761ba713d6d9278
640bf5b306ed3d767d4b3e6f;2022-12-24 19:59:52;625035bee612a77bf7ffb15a;2.29;1.0;CERVEJA DEVASSA TROPICAL LAGER LA 350ML;62504963d8ec9e0e87341e84
640bcd4173b056016fcc5e30;2022-11-09 17:48:31;625035bee612a77bf7ffb15a;6.49;1.0;MINGAU NESTLE MUCILON 5 CEREAIS E QUINOA ZERO ACUCAR SC 180G;62504966c7a2030e87ef0ec0
640bf14ecd9f306aff684d1f;2022-12-20 10:42:11;625035bee612a77bf7ffb15a;2.79;0.32;LIMAO TAITI KG;6250495b65eadd0e87b42929
640bcecdb2a53e064ed9e9db;2022-11-11 19:24:28;625035bee612a77bf7ffb15a;5.99;1.0;FERMENTO EM PO ROYAL QUIMICO PT 100G;6250495d3751560e8769763a
640bdc94f3734433eff510f3;2022-11-26 11:08:54;625035bee612a77bf7ffb15a;3.19;2.0;ACUCAR CRISTAL CORURIPE SC 1KG ;62504966263fcb0e87c6d456
640bf7a992ec737c106e227c;2022-12-27 17:43:48;625035bee612a77bf7ffb15a;3.69;1.0;MISTURA LACTEA TRIANGULO MINEIRO CONDENSADA TP 395G;6250495e7ea5960e8714aeb5
640bf89885e39f7e8964e972;2022-12-28 13:41:36;625035bee612a77bf7ffb15a;4.49;24.0;CERVEJA SPATEN MUNICH PURO MALTE GF 355ML;6250496d9a1d2b0e87c00dee
640c164d8b08862804430fae;2023-01-30 16:29:26;625035bee612a77bf7ffb15a;13.99;1.0;CONDICIONADOR SEDA COCRIACOES CERAMIDAS BS 325ML;62504961f92e5a0e871e2285
640bd827a903df2780d104c2;2022-11-22 18:01:18;625035bee612a77bf7ffb15a;8.99;1.0;IOGURTE NESTLE NINHO POL INTEG 3 SABOR BDJ 540G 6X1;62504963d3794a0e87394cee
640bfecad8296c0ff57ab15b;2023-01-03 18:38:40;625035bee612a77bf7ffb15a;0.89;1.0;CALDO EM TABLET MAGGI GALINHA CX 19G 2X1;6250497f67e4b10e87da71ed
640c0d5f4a7ff96ca4ba4a92;2023-01-20 11:56:25;625035bee612a77bf7ffb15a;6.99;1.0;SARDINHA GOMES DA COSTA C OLEO COMESTIVEL LA 125G;6250496029045d0e877f792b
640bc7469ca2d06d80ba925e;2022-11-02 09:25:55;625035bee612a77bf7ffb15a;4.39;0.57;PEPINO KG;6250495bd7c0060e874cbb2e
640bffb05dfcca1271ae73d0;2023-01-04 18:06:59;625035bee612a77bf7ffb15a;1.59;1.0;MOLHO DE TOMATE FUGINI TRADICIONAL SC 300G;6250495ebd89cf0e879d957e
640bcb13b49a437a72264071;2022-11-06 11:45:22;625035bee612a77bf7ffb15a;6.99;1.0;REFRIGERANTE COCA COLA ZERO GF 2LT;6250495fa3c0460e878d35ac
640beb4f922d8a5b75e771ae;2022-12-13 10:49:59;625035bee612a77bf7ffb15a;18.99;1.022;PEIXE CARA TILAPIA KG;6250495b01649e0e87e161fe
640bfdd7af8ed30d6b4a6de9;2023-01-02 17:00:55;625035bee612a77bf7ffb15a;9.99;1.0;DESODORANTE AEROSOL MONANGE FRUTAS VERMELHAS 48H 150ML;6250496498a4060e873f195b
640bc7473600b66d808e8ede;2022-11-02 09:40:37;625035bee612a77bf7ffb15a;1.59;2.0;BOLINHO RICHESTER ANIMADOS ZOO CHOCOLATE E MORANGO SC 40G;625049675281200e878e0d54
640bf591518e32767ddb13f3;2022-12-24 11:58:31;625035bee612a77bf7ffb15a;5.99;1.0;LEITE UHT BETANIA INTEGRAL TP 1LT;6250495e959c790e8771e6e8
640c0a0a99859c2fbc079693;2023-01-16 18:16:22;625035bee612a77bf7ffb15a;5.49;1.0;SABAO EM PO LUME MAXX FLORAL SC 1,7KG;636ed32894f19b013adfc938
640c0078ab181c151f296931;2023-01-05 08:15:16;625035bee612a77bf7ffb15a;5.99;4.0;BISCOITO COOKIES BAUDUCCO ORIGINAL PC 100G;625049639c18830e87836531
640bc917a031a47590b0f399;2022-11-04 13:33:30;625035bee612a77bf7ffb15a;1.59;6.0;BEBIDA LACTEA NESTLE NESCAU UHT CHOC TP 180ML;62b58991c664a75cd7975a5d
640bd8def9cd6629b8b5bbad;2022-11-23 19:01:11;625035bee612a77bf7ffb15a;17.99;0.124;PAO DE ALHO  KG;62ce5f5b0a88983568d69b9f
640bffb30998a112713e9a78;2023-01-04 18:53:50;625035bee612a77bf7ffb15a;4.99;2.0;ARROZ BRANCO NAMORADO SC 1KG;62504970ae2c1e0e8752c8a1
640bfddd18f4940d6b6b2a2a;2023-01-02 18:48:44;625035bee612a77bf7ffb15a;5.99;1.0;APARELHO DE BARBEAR GILLETTE PRESTOBARBA ULTRAGRIP2 CR 2X1;625049806c64820e8708ff36
640bd82c7638502780f3fcbe;2022-11-22 19:56:42;625035bee612a77bf7ffb15a;11.99;1.022;MIUDOS BOVINO MISTURADO KG;62b589aca719ec5cd7395cf8
640bd309a2980915fea349fe;2022-11-16 12:35:49;625035bee612a77bf7ffb15a;1.99;1.0;SALGADINHO DELICITOS CEBOLA E SALSA SC 50G;6250495fe102a00e870a5e9f
640be05b7940e73e5531f2a6;2022-11-30 19:13:57;625035bee612a77bf7ffb15a;15.9;0.122;TORRADA  TRADICIONAL PC KG;62a72e30d35c0b4c1f1cd827
640c04fae890e92178f13fc6;2023-01-10 15:33:11;625035bee612a77bf7ffb15a;2.99;2.0;SALGADINHO TORCIDA PIMENTA MEXICANA SC 38G;6357bcead9435c2922d5e049
640bca3c31384078075295ec;2022-11-05 17:04:12;625035bee612a77bf7ffb15a;4.29;2.0;CERVEJA SKOL PILSEN LA 473ML ;6250495ca0164c0e873e191c
640bcc841be7717ea4be2280;2022-11-08 17:04:57;625035bee612a77bf7ffb15a;7.99;1.0;MARGARINA PRIMOR COM SAL PT 500G;6250495eb7c2570e87c8aa1b
640be7fb8f518151a453ba5e;2022-12-09 18:08:14;625035bee612a77bf7ffb15a;2.39;4.0;MACARRAO BONSABOR SEMOLA ESPAGUETE SC 400G;625049709816c00e8782fa6b
640bf9c3c8f91002b1138bbb;2022-12-29 18:16:22;625035bee612a77bf7ffb15a;74.99;2.0;FRALDA PAMPERS PANTS AJUSTE TOTAL VESTE FACIL GIGA G 72X1;6250496aba16120e87426d17
640bd09a168fb01068cb690d;2022-11-13 08:03:09;625035bee612a77bf7ffb15a;3.99;1.0;OREGANO NATUVIDA SC 15G;6250495e2f88270e87ef1ae6
640be8037ad4d251a47e48b0;2022-12-09 21:20:49;625035bee612a77bf7ffb15a;10.99;1.0;PAPEL HIGIENICO FLORAL NEUTRO PC 30MT LV12 PG11;6250496380ddfe0e871f99fa
640bfeb028f70b0ff59acc6e;2023-01-03 08:31:37;625035bee612a77bf7ffb15a;5.99;1.0;UVA ROXA VITORIA SEM SEMENTE 500G;63aa09f136bb52370532951f
640be70f2b29c84f16dd485d;2022-12-08 08:26:43;625035bee612a77bf7ffb15a;4.29;1.0;FILTRO DE PAPEL 3 CORACOES 103 CX 30X1;6250495db6fe8e0e8770dcd4
640c15ace7ae5e255e6d4246;2023-01-29 08:43:33;625035bee612a77bf7ffb15a;7.99;1.0;MARGARINA PRIMOR COM SAL PT 500G;6250495eb7c2570e87c8aa1b
640bfebd6fc41b0ff524d9d5;2023-01-03 13:54:18;625035bee612a77bf7ffb15a;5.49;1.0;LEITE UHT ELEGE INTEGRAL TP 1LT;6250495e437f080e87f8c3de
640bd0a5e6396a1068404a8d;2022-11-13 11:08:31;625035bee612a77bf7ffb15a;2.89;1.0;COALHADA ITAMBE ADOCADA INTEG CP 130G;62504962f95ef60e877240fc
640bfde6cfb9e20d6b8ae859;2023-01-02 21:15:40;625035bee612a77bf7ffb15a;2.19;4.0;BEBIDA LACTEA NESTLE NESCAU UHT CHOC TP 180ML;62b58991c664a75cd7975a5d
640bd3d8c643c717e019605a;2022-11-17 17:53:26;625035bee612a77bf7ffb15a;16.99;1.0;LEITE EM PO ITAMBE INTEGRAL SC 400G;6250495eb06cb50e8728f99a
640c0780c19e862891275dae;2023-01-13 19:12:40;625035bee612a77bf7ffb15a;10.99;1.0;PAO VISCONTI INTEGRAL FORMA PC 400G;62504965bb84ae0e879fac72
640c10feca7e7e0563b34133;2023-01-24 18:44:52;625035bee612a77bf7ffb15a;4.29;0.495;GOIABA KG;6250495b35fe8d0e87d7cc9d
640bf4356fbb5772a4d3f658;2022-12-23 18:36:53;625035bee612a77bf7ffb15a;12.99;1.0;SIDRA LIDER DE PRATA GF 660ML;6250496210997f0e870f5b57
640bd82225b24f2780c70cd8;2022-11-22 13:50:04;625035bee612a77bf7ffb15a;0.99;2.0;PALITO DE DENTE PARANA CX 100X1;6250495fdb2b4e0e87f9e9f1
640bcfcdca42590b903b8319;2022-11-12 17:55:57;625035bee612a77bf7ffb15a;8.99;1.0;BOMBOM DE CHOCOLATE GAROTO SORTIDO CX 250G;625049666961da0e8705e750
640bcbc4b0ce637c6fac6b25;2022-11-07 07:58:54;625035bee612a77bf7ffb15a;14.99;1.0;CORTE DE FRANGO LAR FILE DE PEITO BDJ 600G;636af9c5ef8a8456d007f63e
640c0d763f03b16ca42191ba;2023-01-20 20:00:10;625035bee612a77bf7ffb15a;3.49;12.0;CERVEJA BOHEMIA PURO MALTE LA 350ML;6250495cc827c50e877afd74
640bf8acdfe8687e89eed341;2022-12-28 20:20:37;625035bee612a77bf7ffb15a;7.39;1.0;CAFE PILAO TRADICIONAL VACUO SC 250G;6250495cfd01b60e878e2767
640bcc87bb4e8d7ea4146fb3;2022-11-08 18:30:24;625035bee612a77bf7ffb15a;4.79;1.0;DESODORANTE EM CREME DONNA HERBISSIMO TRAD PT 48H 55G;6250495d64c91b0e87d4a319
640bd8dfb1886e29b888b01a;2022-11-23 19:11:09;625035bee612a77bf7ffb15a;6.69;1.0;SABAO EM PO BRILHANTE CUIDADO TOTAL SC 400G;6250496607d48d0e8792ac31
640bfec9c8931f0ff5edabf9;2023-01-03 18:31:49;625035bee612a77bf7ffb15a;8.99;1.0;BISCOITO KINDER BUENO BARRA WHITE PC 39G;6250495cdcd7c10e87a9587e
640bd0ab928a4d1068b2fb50;2022-11-13 12:34:14;625035bee612a77bf7ffb15a;3.99;1.0;CHOCOLATE EM BARRA HERSHEYS OVOMALTINE SC 87G;6321cc9cfd43237361af0569
640bd6b501cae2240a6fa5dc;2022-11-20 09:47:30;625035bee612a77bf7ffb15a;10.98;1.0;MARGARINA PURO SABOR COM SAL PT 1KG;6250495e261ce80e87f27ee0
640bcc8171b4fd7ea44cd329;2022-11-08 15:07:56;625035bee612a77bf7ffb15a;5.99;1.0;GOMA FRESCA KUME SC 1KG;625049803188010e878665c7
640bff9b6f7d791271e5d8e8;2023-01-04 07:52:20;625035bee612a77bf7ffb15a;1.99;1.0;PASTILHA HALLS EXTRA FORTE 27,5G;62504964cc476e0e87a2d9fb
640beceaa359e95f7a3453f7;2022-12-15 18:04:45;625035bee612a77bf7ffb15a;19.99;1.0;COMPOSTO LACTEO EM PO PARMALAT MAX INTEGRAL SC 750G;6250496b44db570e875a1906
640bfec3ff31290ff52adaf4;2023-01-03 17:05:47;625035bee612a77bf7ffb15a;3.49;1.0;CHA NATUVIDA CANELA MOIDA SC 50G;6250495c246a830e879b3377
640bfc6fdd6809098fb61a4d;2022-12-31 14:14:52;625035bee612a77bf7ffb15a;17.99;1.0;CORTE DE FRANGO REGINA COXA COM SOBRECOXA BDJ 1KG;6250495d07ca030e87a4c269
640c0d561a6d946ca4a7f1c2;2023-01-20 08:14:08;625035bee612a77bf7ffb15a;2.49;1.0;MACARRAO INSTANTANEO NISSIN MIOJO GALINHA CAIPIRA SC 85G;6250495ec30b710e8715fddf
640c0c7dbbce1d5f70494e7d;2023-01-19 17:03:53;625035bee612a77bf7ffb15a;14.99;0.238;PAO  KG;6250495a0a398c0e87675e61
640c164ec0737428042270cd;2023-01-30 17:10:53;625035bee612a77bf7ffb15a;34.99;1.0;FACA DE COZINHA PANTANAL 33CM RF1876;625049700adb930e87da50fe
640bd09f7a090c10681ae33d;2022-11-13 09:23:06;625035bee612a77bf7ffb15a;5.69;1.0;APARELHO DE BARBEAR BIC ACQUA3 CR 2X1;6250495bd2ef350e873109f4
640bea9a248579593e67a230;2022-12-12 20:53:22;625035bee612a77bf7ffb15a;11.99;1.0;OVOS TIJUCA BRANCO EXTRA BDJ 20X1;62b3049ade566e7c4cd2798d
640bd7686f776125fd125eb2;2022-11-21 09:54:38;625035bee612a77bf7ffb15a;6.99;1.295;MAMAO FORMOSA KG;6250495b1a363f0e870bb47d
640c0b9e87859a408739e8b2;2023-01-18 13:44:45;625035bee612a77bf7ffb15a;1.39;1.0;AGUA NATURAGUA MINERAL NATURAL GF 500ML;62b3049811b0c97c4c7b5415
640c0d6449184a6ca412e8aa;2023-01-20 15:04:09;625035bee612a77bf7ffb15a;4.99;1.0;SALGADO  COXINHA DE FRANGO;6250495a4795a50e87293b02
640bfaf7aa58ef05b6f89f5a;2022-12-30 19:37:52;625035bee612a77bf7ffb15a;1.99;1.0;LAVA LOUCAS YPE NEUTRO GF 500ML;6250495d6aa3350e8788d912
640bf6c9d0647679b771d7b1;2022-12-26 10:01:59;625035bee612a77bf7ffb15a;46.99;0.522;QUEIJO COALHO FP LATICINIO PECA RETANGULAR ATE 500G KG ;6250495b92684e0e8743feea
640be3ed77874746b2f6c18f;2022-12-04 09:42:56;625035bee612a77bf7ffb15a;5.99;0.22;BETERRABA KG;6250495b79fd2b0e87bf0522
640bc84ab8f9b4729347ffa8;2022-11-03 21:19:56;625035bee612a77bf7ffb15a;3.99;1.0;BISCOITO CREAM CRACKER MARILAN ESPECIAL PC 350G;6250496bb5ff170e87420d72
640c0889ad86682b8f0abaa1;2023-01-14 19:54:20;625035bee612a77bf7ffb15a;3.49;1.0;SALGADINHO ELMA CHIPS CHEETOS ONDA REQUEIJAO SC 45G;62504968702c590e87797102
640bea995ccdf8593e327bd3;2022-12-12 20:31:53;625035bee612a77bf7ffb15a;2.99;3.0;PRATO DESCARTAVEL MARATA FUNDO PRM 150F SC 10X1;6250495f83d8dc0e87852eeb
640bf6ccee567279b70df168;2022-12-26 11:07:16;625035bee612a77bf7ffb15a;8.99;1.0;BOLO  FORMIGUEIRO BDJ UN;62a741bd3179cf713d57b1a3
640befc10f57fa669b4bd670;2022-12-18 09:41:06;625035bee612a77bf7ffb15a;2.49;1.0;LA DE ACO BOMBRIL ECO SC 60G 8X1;6250495eabc17e0e875ffe66
640bf9bfbb97e702b1e67676;2022-12-29 17:31:43;625035bee612a77bf7ffb15a;2.79;1.0;SABONETE EVEN SUAVE ERVA DOCE E ALECRIM SC 85G;62504965fe80180e8768eff8
640bd15beab900120c04fa69;2022-11-14 09:50:24;625035bee612a77bf7ffb15a;27.99;1.0;AZEITE DE OLIVA BORGES EXTRA VIRGEM GF 500ML;62a72e348dd19d4c1f5f5dbe
640bd22a68344f1400c45338;2022-11-15 11:10:42;625035bee612a77bf7ffb15a;18.99;1.0;CARNE DE CHARQUE MINERVA JERKED DIANTEIRO SC 400G;62504962cb90430e87abc99f
640bcfb4d399480b90a08b76;2022-11-12 09:21:35;625035bee612a77bf7ffb15a;3.79;1.0;ARROZ PARBOILIZADO PAI JOAO SC 1KG;6250496378b68f0e872e6211
640bcebef38236064e7872f2;2022-11-11 14:25:53;625035bee612a77bf7ffb15a;3.39;2.0;ACUCAR CRISTAL SAMUKA SC 1KG;62504970a1b4990e87d991a8
640c0d5d3762c96ca4c716ce;2023-01-20 10:46:43;625035bee612a77bf7ffb15a;16.99;2.0;CORTE DE FRANGO FRIATO FILE DE PEITO BDJ 1KG;6250497f0554170e8762ab57
640bfeb8a5e74f0ff50dd951;2023-01-03 11:00:05;625035bee612a77bf7ffb15a;5.49;1.0;BISCOITO CREAM CRACKER FORTALEZA LEGITIMO PC 350G;625049702e1bf90e87c8dfd2
640beefb87eb1264a7514ac4;2022-12-17 20:23:22;625035bee612a77bf7ffb15a;1.99;1.0;GOMA DE MASCAR MENTOS 3 PURE FRESH STRONG 8,5G;62504965de8b4b0e87658b77
640c13662a744b140e48a406;2023-01-27 09:44:27;625035bee612a77bf7ffb15a;6.99;0.58;BETERRABA KG;6250495b79fd2b0e87bf0522
640bd6bffe045f240a1af722;2022-11-20 12:10:19;625035bee612a77bf7ffb15a;8.79;1.0;REFRIGERANTE SAO GERALDO CAJU GF 2LT;6250495f1959f90e876e9e2f
640be57a3bfcf94ae9e8e284;2022-12-06 08:09:35;625035bee612a77bf7ffb15a;14.99;0.428;PAO  KG;6250495a0a398c0e87675e61
640bc7439fcd996d80e0eb16;2022-11-02 08:28:53;625035bee612a77bf7ffb15a;8.99;0.625;BATATA INGLESA KG;6250495b468da50e87b28476
640bdad4e841de2f1df37f33;2022-11-25 08:21:14;625035bee612a77bf7ffb15a;3.69;4.0;BISCOITO SORTIDO FORTALEZA POPULAR FOFITOS COCO PC 400G;6250495cb16e730e8787167a
640c10efe9d1a6056346ba66;2023-01-24 10:23:10;625035bee612a77bf7ffb15a;1.49;1.0;REFRIGERANTE ANTARCTICA SUKITA LARANJA GF 200ML;625049665abd800e878c1e11
640c0a14de8b202fbcfb0738;2023-01-16 21:22:24;625035bee612a77bf7ffb15a;5.49;1.0;PAO KIPAO HAMBURGUER PC 400G;62504961e7e1860e8777e89b
640be64ecbce4b4cc0a5458c;2022-12-07 10:06:29;625035bee612a77bf7ffb15a;30.99;1.0;CAMARAO CEDAN FILE SC 500G;62504967a64cda0e874a3b7c
640bcbcacbca627c6fca94de;2022-11-07 11:39:20;625035bee612a77bf7ffb15a;6.99;1.0;CAFE 3 CORACOES SOLUVEL TRADICIONAL VD 50G;6250495c82b8f80e87c25deb
640bffbc24940112716f74c4;2023-01-04 22:38:28;625035bee612a77bf7ffb15a;5.99;1.0;CHA NATUVIDA CANELA MOIDA PT 20G;6250496a13303a0e87df13ed
640bcecc42b2c1064e8095a7;2022-11-11 19:16:52;625035bee612a77bf7ffb15a;7.45;1.0;CAFE PILAO TRADICIONAL VACUO SC 250G;6250495cfd01b60e878e2767
640bf43ec20a3f72a470d47e;2022-12-23 20:48:25;625035bee612a77bf7ffb15a;8.99;1.0;ACHOCOLATADO EM PO 3 CORACOES CHOCOLATTO SC 400G;6250495be0ed890e87675dd9
640c0b914b6671408799ab3b;2023-01-18 07:32:37;625035bee612a77bf7ffb15a;10.49;1.0;OLEO DE SOJA SOYA GF 900ML;6250495ebd25ed0e8742ab1c
640c14d39d140d1d7e206447;2023-01-28 21:04:59;625035bee612a77bf7ffb15a;9.99;1.0;BOMBOM DE CHOCOLATE NESTLE SORTIDO ESPECIALIDADES CX 251G;6250495cf7751a0e876d43b0
640c0d5c6558766ca4d48ab2;2023-01-20 10:39:50;625035bee612a77bf7ffb15a;3.99;1.0;CREME DENTAL SORRISO TRIPLA LIMPEZA COMPLETA CX 120G;6250496d05fedc0e875ec838
640c0f743cbaec7f6b52a7fc;2023-01-22 13:55:57;625035bee612a77bf7ffb15a;2.99;2.0;IOGURTE ISIS POL SEMIDESN MORAN GF 180G;6250495e6cd4000e87efe58c
640bc664c61f7e6925b97901;2022-11-01 18:25:26;625035bee612a77bf7ffb15a;14.99;0.25;PAO  KG;6250495a0a398c0e87675e61
640bf7afdcae017c1014fb3f;2022-12-27 19:51:42;625035bee612a77bf7ffb15a;119.99;1.0;VALE GAS;6250495d4079290e878e4987
640bf421eef68072a4abda7e;2022-12-23 11:56:17;625035bee612a77bf7ffb15a;1.59;4.0;BEBIDA LACTEA NESTLE NESCAU UHT CHOC TP 180ML;62b58991c664a75cd7975a5d
640bd771e5f50625fd5570b1;2022-11-21 17:36:23;625035bee612a77bf7ffb15a;5.99;2.0;ACEROLA CN PCT 500G ;6250496124e1ac0e87b2cee6
640bcc7e9177f17ea43456c1;2022-11-08 11:22:15;625035bee612a77bf7ffb15a;2.99;1.0;TEMPERO LIQUIDO FOLHA VERDE CONDIMENT COM AMACIANTE GF 500ML;632dc575fb6383306ed16c20
640beee4e2580664a7303d27;2022-12-17 12:26:00;625035bee612a77bf7ffb15a;3.49;1.0;EXTRATO DE ALHO PRA GENTE GF 500ML;62a72e6f68df124c1f174841
640bcfcaae2eb90b90bc3e6f;2022-11-12 17:06:57;625035bee612a77bf7ffb15a;3.99;1.0;REMOVEDOR DE ESMALTE ALYNE ACETONA GF 100ML;6250495be9d3da0e874fb988
640bedddb5d39561d5c56ee5;2022-12-16 18:50:43;625035bee612a77bf7ffb15a;1.59;1.0;HAMBURGUER AURORA FAROESTE BURGER CHURRASCO SC 56G;6250496f73288f0e87b6be62
640bddf11477aa37820f242c;2022-11-27 12:38:49;625035bee612a77bf7ffb15a;4.99;3.0;CHOCOLATE EM BARRA NESTLE KIT KAT BRANCO SC 41,5G ;62b5898ff4e3975cd7c2c0b4
640bfaddbbb32e05b69efc88;2022-12-30 12:31:58;625035bee612a77bf7ffb15a;2.19;10.0;CERVEJA DEVASSA TROPICAL LAGER LA 350ML;62504963d8ec9e0e87341e84
640c08874b58872b8f37321b;2023-01-14 19:10:32;625035bee612a77bf7ffb15a;6.99;1.0;CEREAL NESTLE NESCAU BALL CHOCOLATE AO LEITE SC 75G;6321cca0cad34a736165ff0f
640be4a9acdf1c48ad2d0031;2022-12-05 09:37:31;625035bee612a77bf7ffb15a;3.89;0.995;BANANA PRATA KG;6250495b591e3e0e87d73d29
640bf7b0309eb97c10540312;2022-12-27 20:11:36;625035bee612a77bf7ffb15a;6.99;0.35;PIMENTAO VERDE KG;6250495bca7a350e8741b903
640bd81b40188b27809f461b;2022-11-22 08:08:32;625035bee612a77bf7ffb15a;39.99;0.55;CARNE DE SOL KG;6250495b5faa780e87238f32
640bc762da97a86d80170cb8;2022-11-02 21:58:49;625035bee612a77bf7ffb15a;9.99;0.49;MARACUJA KG;6250495bb97d4b0e8731ec01
640bdb13f8bbb12f1dceac61;2022-11-25 21:09:11;625035bee612a77bf7ffb15a;1.69;1.0;BISCOITO RECHEADO RICHESTER AMORI CHOCOLATE PC 125G;62a72eca0d1e524c1ff255c7
640bd3047b01a515fe97629d;2022-11-16 09:33:37;625035bee612a77bf7ffb15a;1.99;5.0;POLIDOR DE ALUMINIO LIMPA FACIL TRAD GF 500ML;6250495f7373ca0e875cb7bf
640c14aa255f311d7e505e20;2023-01-28 11:13:31;625035bee612a77bf7ffb15a;18.99;0.31;ALHO A GRANEL KG ;6250495b8e39270e87dd3afb
640be905f92f81548a6a5f0d;2022-12-10 18:46:41;625035bee612a77bf7ffb15a;4.39;2.0;ABS SEMPRE LIVRE ADAPT SUAVE S ABAS SC 8X1;6250495bba427d0e8748d581
640be312421238448e8022b7;2022-12-03 11:24:38;625035bee612a77bf7ffb15a;0.99;1.0;REFRESCO FRISCO MARACUJA SC 25G;6250495fe278b30e878899b1
640be05f63d9103e55877ab9;2022-11-30 20:27:16;625035bee612a77bf7ffb15a;2.89;1.0;IOGURTE NESTLE GREGO INTEG TORTA MORAN PT 90G;6250497f44ea560e871efcf6
640bcebb1c59f4064e8c34aa;2022-11-11 12:17:24;625035bee612a77bf7ffb15a;2.49;2.595;MELAO JAPONES KG;6250495b26dd770e87968ee1
640bd6b815fbf3240a4e32ac;2022-11-20 10:30:42;625035bee612a77bf7ffb15a;2.99;1.0;ABACAXI UN;625049606d308a0e87033050
640bced3be5f26064ec5f358;2022-11-11 21:14:06;625035bee612a77bf7ffb15a;1.59;2.0;FARINHA DE MILHO SAO BRAZ FLOCAO TRADICIONAL SC 500G;62504970b9a7e40e87fbc40a
640bdec70488e03a3b56c103;2022-11-28 12:00:27;625035bee612a77bf7ffb15a;2.99;1.035;BANANA PRATA KG;6250495b591e3e0e87d73d29
640be7ece8d65951a479da82;2022-12-09 09:36:18;625035bee612a77bf7ffb15a;10.99;1.0;OVOS EMAPE BRANCO GRANDE BDJ 20X1;62a72ea8d3fa694c1fb5bb7b
640be04c5eda093e55580a0f;2022-11-30 10:03:49;625035bee612a77bf7ffb15a;25.99;1.0;LEITE EM PO NESTLE NINHO ZERO LACTOSE LA 380G;6250495e9254060e87135407
640bd16d5d6cde120c04f0df;2022-11-14 20:22:11;625035bee612a77bf7ffb15a;5.99;0.275;BETERRABA KG;6250495b79fd2b0e87bf0522
640be8f7c66807548a6dce74;2022-12-10 12:36:56;625035bee612a77bf7ffb15a;25.99;2.0;CORTE DE FRANGO SUPER FRANGO FILE DE PEITO BDJ 1KG;625049802e09690e878b8bce
640c0d7ab9ac3e6ca4e98a93;2023-01-20 20:43:32;625035bee612a77bf7ffb15a;2.39;1.0;AGUA SANITARIA CLORITO GF 1LT;6250496509f5a00e87524d85
640becf028a5ad5f7ac430b5;2022-12-15 19:45:53;625035bee612a77bf7ffb15a;16.99;1.0;PIMENTA DO REINO SMART COM MOEDOR PT 50G;62b30499e592207c4c46d96c
640be58933d38b4ae98cbd79;2022-12-06 17:16:14;625035bee612a77bf7ffb15a;12.99;2.0;LEITE CONDENSADO NESTLE ZERO LACTOSE TP 395G;625049698d095c0e87506545
640bfc6014bc95098f4dadf5;2022-12-31 11:13:18;625035bee612a77bf7ffb15a;8.49;1.0;OLEO DE SOJA SOYA GF 900ML;6250495ebd25ed0e8742ab1c
640bece9dc2a7e5f7a810899;2022-12-15 17:27:27;625035bee612a77bf7ffb15a;24.99;1.0;SHAMPOO ELSEVE 375ML + CONDICIONADOR ARGININA RESI BS 170ML;62504966c22aea0e875b25c9
640c0c8788fde25f707cc674;2023-01-19 19:38:07;625035bee612a77bf7ffb15a;3.49;1.0;BISCOITO SEQUILHO OSHO BISS TRADICIONAL PC 100G;625049801d0f200e87251c28
640be58ad8a8f94ae92ca83c;2022-12-06 17:30:26;625035bee612a77bf7ffb15a;11.99;1.0;PAO VISCONTI INTEGRAL FORMA PC 400G;62504965bb84ae0e879fac72
640bf08337b19b68aa726826;2022-12-19 10:37:10;625035bee612a77bf7ffb15a;2.69;0.625;CENOURA KG;6250495bc359040e870e593b
640be57feef6ee4ae90f2e42;2022-12-06 10:43:58;625035bee612a77bf7ffb15a;18.99;1.0;PAPEL HIGIENICO MIMMO FOLHA DUPLA NEUTRO PC 30MT LV12 PG11;6250496408f2100e87a06f37
640c11be5471a0087ffabd55;2023-01-25 11:08:05;625035bee612a77bf7ffb15a;4.49;1.0;LEITE UHT ELEGE DESNATADO TP 1LT;6250495e5b328d0e875c3049
640bc843618159729366237a;2022-11-03 18:33:27;625035bee612a77bf7ffb15a;1.99;4.0;SALGADINHO DELICITOS CEBOLA E SALSA SC 50G;6250495fe102a00e870a5e9f
640be3f204bd3d46b23c9557;2022-12-04 10:53:00;625035bee612a77bf7ffb15a;6.99;1.0;BISCOITO ROSQUINHA FORTALEZA CHOCOLATE PC 350G;6250495c5a24690e87257e30
640bd99fdd50a92bb1e007e8;2022-11-24 19:44:19;625035bee612a77bf7ffb15a;8.99;1.0;AGUA NATURAGUA MINERAL NATURAL GF 5LT;62c6b22a021cff02d95515da
640bf438a4373572a48758d0;2022-12-23 19:13:32;625035bee612a77bf7ffb15a;10.49;1.0;MASSA PARA PASTEL BM SC 1KG;6250497f3170040e872b9c41
640c008127c28f151fc58bff;2023-01-05 12:42:55;625035bee612a77bf7ffb15a;6.99;2.0;FEIJAO PRETO GOSTOZZO SC 1KG;625049700584b10e87c343a3
640c0d713d5b5d6ca4521bf3;2023-01-20 18:53:03;625035bee612a77bf7ffb15a;12.99;2.0;MARGARINA PURO SABOR COM SAL PT 1KG;6250495e261ce80e87f27ee0
640bfddab0edb50d6b1bf752;2023-01-02 18:06:47;625035bee612a77bf7ffb15a;4.99;1.0;ARROZ BRANCO PAI JOAO SC 1KG;62504963ffde6e0e877c7a7c
640bc927f95fdc75908ad140;2022-11-04 19:41:12;625035bee612a77bf7ffb15a;5.99;0.868;REPOLHO VERDE KG;6250497d2250670e877ae0cd
640be31147c923448e72767b;2022-12-03 11:14:57;625035bee612a77bf7ffb15a;12.99;1.0;UVA ROXA DUVALE VITORIA SEM SEMENTE BDJ 500G;6314875546a5396403bf2ddc
640bdde311157f3782b4fbff;2022-11-27 10:09:14;625035bee612a77bf7ffb15a;8.85;1.0;DESODORANTE AEROSOL REXONA MEN ACTIVE DRY 150ML;6250495d6efec60e8795b816
640bddeed4885637821d27d2;2022-11-27 12:03:08;625035bee612a77bf7ffb15a;6.49;2.0;MACARRAO URBANO ARROZ KIDS S GLUTEN RIGATONI SC 500G;6250496e35ecf50e876c5b29
640bd99aaf5ec22bb1974f06;2022-11-24 15:27:24;625035bee612a77bf7ffb15a;4.49;2.0;DOCE EM BARRA SAMEL GOIABA SC 300G 20X1;6250495d90c0500e87d314a8
640bec210f34db5d40a903b1;2022-12-14 21:03:35;625035bee612a77bf7ffb15a;2.99;1.0;CHOCOLATE WAFER RICHESTER AMORI CHOCOWAFER BRANCO SC 100,8G;6250496b21f9240e8769ee32
640be4be3d55c148ad9f246d;2022-12-05 20:22:40;625035bee612a77bf7ffb15a;1.59;0.445;PEPINO KG;6250495bd7c0060e874cbb2e
640bd2311c759f1400633b78;2022-11-15 15:15:37;625035bee612a77bf7ffb15a;13.49;1.0;SABAO EM PO BRILHANTE CUIDADO TOTAL SC 800G;62504966c26c880e8768dd08
640c1651a8edaf280418078d;2023-01-30 18:09:42;625035bee612a77bf7ffb15a;5.69;1.0;APARELHO DE BARBEAR BIC ACQUA3 CR 2X1;6250495bd2ef350e873109f4
640c04fe3128da2178dae9d5;2023-01-10 17:42:53;625035bee612a77bf7ffb15a;2.29;1.0;BALA FINI REGALIZ TUBES SUPER GIGANTE IOGURTE MORANGO SC 27G;6250496b20e1bd0e87ffcab7
640bf9b4c6d41702b19b6fbd;2022-12-29 13:20:13;625035bee612a77bf7ffb15a;16.99;1.0;OVOS SAO JOSE VERMELHO GRANDE BDJ 20X1 ;62504961f90d660e87d092bf
640c05c6a5f74f238439c31e;2023-01-11 16:45:26;625035bee612a77bf7ffb15a;4.19;1.0;POLPA DE FRUTA KIPOLPAS ACEROLA SC 500G ;6250495f2fe1f30e8793a0e2
640bf7b07251307c10c0fb9a;2022-12-27 20:18:04;625035bee612a77bf7ffb15a;8.49;0.12;TOMATE KG;6250495befd4f30e8754e347
640be90ac861de548a8c849c;2022-12-10 20:01:42;625035bee612a77bf7ffb15a;1.59;8.0;HAMBURGUER REZENDE MISTO SC 56G;6250495c09f03d0e870db615
640bdc890a71ad33ef66563e;2022-11-26 09:26:33;625035bee612a77bf7ffb15a;2.39;1.0;CREME DE LEITE BETANIA UHT SUPER CREMOSO TRAD TP 200G;6250495d3da6c10e872edeca
640bd98f60e3612bb116c668;2022-11-24 09:34:00;625035bee612a77bf7ffb15a;11.99;1.0;FITA ADESIVA ADELBRAS DUPLA FACE ESPUMA 19MM X 2MT CR;62504967e2ab3a0e873918d2
640c15b45460c5255eaf3ef5;2023-01-29 10:06:28;625035bee612a77bf7ffb15a;3.49;1.0;BISCOITO DOCE NESTLE PASSATEMPO LEITE MALTADO PC 150G;635bab27805cf67c0ffe772e
640c088386a6bd2b8f4f61ac;2023-01-14 17:59:59;625035bee612a77bf7ffb15a;5.59;1.0;BOLACHA SANTANA MANTEIGA DA TERRA PC 250G;6250496726840a0e876e1541
640bf080cbc02d68aacf7e71;2022-12-19 09:05:25;625035bee612a77bf7ffb15a;22.15;0.52;RACAO WHISKAS VIDA SAUDAVEL ADULTO CARNE KG;63a0bba3a93322320be2856d
640c0c6b16dfa75f700b5008;2023-01-19 06:59:10;625035bee612a77bf7ffb15a;10.49;1.0;OLEO DE SOJA SOYA GF 900ML;6250495ebd25ed0e8742ab1c
640c14b93c39f81d7e0c28e9;2023-01-28 14:56:05;625035bee612a77bf7ffb15a;1.19;1.0;SAL SOSAL MARINHO MOIDO IODADO INTEGRAL SC 1KG;625049632d8b370e87fd954a
640c0ac9ffbd7e31f830eccf;2023-01-17 10:12:38;625035bee612a77bf7ffb15a;7.89;3.0;CAFE PILAO TRADICIONAL VACUO SC 250G;6250495cfd01b60e878e2767
640bd5c1431e4d20d0af7086;2022-11-19 09:26:27;625035bee612a77bf7ffb15a;16.99;1.0;CARNE DE CHARQUE PAINEIRA JERKED PONTA DE AGULHA SC 400G;62504969e39ab80e87d0ef40
640bca29f159517807da57df;2022-11-05 10:47:03;625035bee612a77bf7ffb15a;2.69;1.0;BISCOITO RECHEADO RICHESTER AMORI FLORESTA NEGRA PC 125G;62a72eb79fc37f4c1f7b5eab
640bc74d25a5656d80a93ad3;2022-11-02 10:58:36;625035bee612a77bf7ffb15a;8.99;1.0;ACHOCOLATADO EM PO NESTLE NESCAU 2 0 LA 370G;6250496c3015290e87bdb21b
640c1650895cf72804e628e8;2023-01-30 17:42:34;625035bee612a77bf7ffb15a;3.99;1.0;BISCOITO BARRINHA BAUDUCCO RECHEADINHO CHOCOLATE PC 104G;6250495cb6ad760e87bcd8da
640bd771ab50dd25fdd17748;2022-11-21 17:37:29;625035bee612a77bf7ffb15a;1.59;1.0;REFRIGERANTE FANTA LARANJA GF 250ML;6250497facc7af0e8722f90b
640bc83868ff767293d2aa59;2022-11-03 11:34:52;625035bee612a77bf7ffb15a;0.89;1.0;CALDO EM TABLET MAGGI GALINHA CX 19G 2X1;6250497f67e4b10e87da71ed
640c164de7bda82804dd5b17;2023-01-30 16:42:25;625035bee612a77bf7ffb15a;9.99;0.23;CEBOLA BRANCA KG;6250495bad4f820e87177f0e
640be4a508378848adf28bd4;2022-12-05 07:08:55;625035bee612a77bf7ffb15a;14.99;0.342;PAO  KG;6250495a0a398c0e87675e61
640c0a0cd9b8212fbc5e21ad;2023-01-16 18:58:49;625035bee612a77bf7ffb15a;12.99;0.448;SALSICHA PERDIGAO KG ;6250495bf297ab0e8796dc93
640c0c7da517f25f701fe825;2023-01-19 17:10:46;625035bee612a77bf7ffb15a;6.99;1.0;PANO MULTIUSO ALKLIN ALGODAO ESTAMPADO 38CM X 65CM;625049616868f60e87eb29ae
640bf42dabdedb72a48c2b66;2022-12-23 16:51:16;625035bee612a77bf7ffb15a;3.89;1.0;BISCOITO SORTIDO FORTALEZA POPULAR FOFITOS LEITE PC 400G;6250497d35cda90e8738531b
640be3f37c535146b20f9d69;2022-12-04 11:04:58;625035bee612a77bf7ffb15a;39.99;1.106;CARNE DE SOL KG;6250495b5faa780e87238f32
640be7207a0c6b4f1658f44a;2022-12-08 19:39:33;625035bee612a77bf7ffb15a;3.69;16.0;CERVEJA SPATEN MUNICH PURO MALTE LA 350ML;6250496d983b6e0e87bd2541
640bcbca95fb6a7c6f88dbba;2022-11-07 11:24:11;625035bee612a77bf7ffb15a;11.49;0.325;CEBOLA BRANCA KG;6250495bad4f820e87177f0e
640bd227a32b0114007d2e7e;2022-11-15 09:51:12;625035bee612a77bf7ffb15a;13.99;1.0;POLPA DE FRUTA KIPOLPAS MARACUJA SC 500G ;6250495f2512d40e8763f046
640bf0969a23b068aaa69af2;2022-12-19 20:22:07;625035bee612a77bf7ffb15a;15.99;1.0;SABONETE LIQUIDO DERMANYX INTIMO FEMININO FLORAL BS 200ML;6250495ff0716f0e8798b449
640bd22788ca8f1400c4dc06;2022-11-15 09:37:13;625035bee612a77bf7ffb15a;3.49;1.0;DESODORANTE LIQUIDO LEITE DE ROSAS TRAD GF 60ML;6250495dbc96530e8753671a
640c0a12918bc12fbcaef25c;2023-01-16 20:44:35;625035bee612a77bf7ffb15a;2.99;0.729;MELAO JAPONES KG;6250495b26dd770e87968ee1
640bf583028e87767da9f1e6;2022-12-24 09:34:19;625035bee612a77bf7ffb15a;10.49;1.0;MARGARINA QUALY ORIGINAL COM SAL PT 500G;6250495e68ec9e0e87766bf1
640be8e9599a3d548ae969f1;2022-12-10 07:53:40;625035bee612a77bf7ffb15a;6.99;2.0;AGUA MINERAL APODI NATURAL GF 20LT;6250495bb32d540e875df736
640bec0f1a09cd5d406212f3;2022-12-14 11:08:59;625035bee612a77bf7ffb15a;6.59;1.0;PAO RABELO HAMBURGUER PC 500G;625049619e12f00e87043320
640c04f35b64cc21786b57d5;2023-01-10 10:46:16;625035bee612a77bf7ffb15a;4.99;1.0;BISCOITO SORTIDO FORTALEZA POPULAR MINI CRACKER PC 400G;6250495c47f2730e87da06a4
640c102f30cc9402a96a5513;2023-01-23 17:17:58;625035bee612a77bf7ffb15a;4.29;1.0;SABONETE PROTEX CREAM SC 85G;62504963e4cd390e87c98a06
640bfc716d05bb098f6d17f1;2022-12-31 14:48:39;625035bee612a77bf7ffb15a;5.99;1.0;LEITE UHT PIRACANJUBA INTEGRAL TP 1LT;6250495e8952450e8751d01f
640becdd668fcb5f7a8d20ee;2022-12-15 10:01:02;625035bee612a77bf7ffb15a;4.99;1.0;MACARRAO FORTALEZA SEMOLA SPAGHETTI SC 500G;62504970e5788c0e874dd3a1
640be4ad71e8ad48adc3e80a;2022-12-05 11:15:19;625035bee612a77bf7ffb15a;12.99;1.0;BATATA FRITA PRINGLES CHURRASCO PT 120G;62504969e80c620e871255e4
640be9d7f1c2a856c3e73caa;2022-12-11 11:49:29;625035bee612a77bf7ffb15a;23.99;1.0;SHAMPOO CLEAR ANTICASPA WOMAN FLOR DE CEREJEIRA BS 200ML;625049634fda2b0e87a28db5
640c008e7af9b2151f36b84a;2023-01-05 19:04:41;625035bee612a77bf7ffb15a;2.59;1.0;BALA MENTOS DROPS RAINBOW 37,5G;625049611e816a0e8756a069
640c0ac708d4b331f86337c9;2023-01-17 09:04:18;625035bee612a77bf7ffb15a;4.99;0.805;CEBOLA BRANCA KG;6250495bad4f820e87177f0e
640befbc4483fb669bbf62b7;2022-12-18 08:22:07;625035bee612a77bf7ffb15a;14.99;0.488;PAO  KG;6250495a0a398c0e87675e61
640be4afe3464c48adb6826f;2022-12-05 12:29:42;625035bee612a77bf7ffb15a;2.49;1.0;ALFACE UN;6250497d03a3700e87f8db5b
640bece67f39dd5f7a7cf573;2022-12-15 16:23:54;625035bee612a77bf7ffb15a;2.19;1.0;BEBIDA LACTEA NESTLE NESCAU UHT CHOC TP 180ML;62b58991c664a75cd7975a5d
640c086fce613b2b8f85cc40;2023-01-14 10:56:58;625035bee612a77bf7ffb15a;4.49;1.0;MILHO VERDE PREDILECTA EM CONSERVA SC 170G;6250496874cc160e874eb6d4
640bded3fa60973a3b068786;2022-11-28 20:12:54;625035bee612a77bf7ffb15a;3.39;2.0;IOGURTE ISIS SEMIDESN NATURAL CP 150G;62504962b3085a0e87c6a09b
640bd82f3a01f42780fe2c41;2022-11-22 21:07:43;625035bee612a77bf7ffb15a;4.19;1.0;BOLACHA RABELO BOLACHAO PC 280G;6250495c695d900e878f41d3
640bcbcec681417c6fe88e96;2022-11-07 16:26:14;625035bee612a77bf7ffb15a;2.99;1.28;BANANA PRATA KG;6250495b591e3e0e87d73d29
640bd76b9f1bf725fd16c619;2022-11-21 11:31:30;625035bee612a77bf7ffb15a;3.99;0.462;LIMAO TAITI KG;6250495b65eadd0e87b42929
640c174ed1de9a2af4106703;2023-01-31 18:01:13;625035bee612a77bf7ffb15a;2.39;1.0;SUCO DEL VALLE KAPO MORANGO TP 200ML;62504960b5f56e0e87c776db
640be3e945e31046b2b3e305;2022-12-04 08:44:26;625035bee612a77bf7ffb15a;5.49;1.0;DESINFETANTE URCA PINHO LAVANDA GF 2LT;6250495da134fa0e8702b0de
640c0c8e26992b5f707c0189;2023-01-19 21:29:03;625035bee612a77bf7ffb15a;1.79;1.0;LAVA LOUCAS LIMPA FACIL MACA GF 500ML;62504964ae70a80e87dc8b45
640c05cf31877b2384e25777;2023-01-11 19:58:30;625035bee612a77bf7ffb15a;5.29;1.0;POLPA DE FRUTA KIPOLPAS CAJA UMBU SC 500G ;6250495fd5d6a10e87f3eb50
640be4b0a33d8048ad48fc60;2022-12-05 13:10:37;625035bee612a77bf7ffb15a;4.59;1.0;ALFACE AMERICANA UN;6250495ba869c70e87b9abc8
640be12e2e9f5b407118262f;2022-12-01 19:49:16;625035bee612a77bf7ffb15a;2.29;1.0;GOMA DE MASCAR TRIDENT HORTELA MENTA 8,5G;6250497ff809f90e87ed532d
640bfec54425730ff5b86b7a;2023-01-03 17:24:23;625035bee612a77bf7ffb15a;5.49;2.0;AMACIANTE DE ROUPAS YPE CONC ACONCHEGO SC 1LT;6337d174eca59a1ada751d3c
640be1285007ee407173ce41;2022-12-01 18:09:51;625035bee612a77bf7ffb15a;16.99;1.0;PAO PLUSVITA FORMA NUTRELLA GRAOS E CASTANHAS PC 350G;62a72e9a2507fa4c1f071d2a
640be3f7503e1046b293dcab;2022-12-04 11:58:17;625035bee612a77bf7ffb15a;11.99;1.0;SURPRESA KINDER OVO JOY AO LEITE 20G;6250495cc860d70e87be5bc5
640beb4cf792985b75511e46;2022-12-13 09:29:46;625035bee612a77bf7ffb15a;10.99;1.0;IOGURTE BETANIA POL SEMIDESN MORAN GF 1,25KG;62504968b6a87f0e8715caf4
640c0a044aff562fbc11599c;2023-01-16 15:18:07;625035bee612a77bf7ffb15a;7.89;1.0;CAFE PILAO TRADICIONAL VACUO SC 250G;6250495cfd01b60e878e2767
640bdc944bb25533efe66f9e;2022-11-26 11:06:18;625035bee612a77bf7ffb15a;3.99;1.0;DUETO FUGINI MILHO VERDE E ERVILHA EM CONSERVA SC 170G;6250496da569650e8726feed
640bca2b68c3107807ec46c9;2022-11-05 11:22:41;625035bee612a77bf7ffb15a;2.29;1.0;LAVA LOUCAS YPE CLEAR CARE GF 500ML;6250495d5485f60e871869e8
640c16524c97492804e1df45;2023-01-30 18:18:33;625035bee612a77bf7ffb15a;5.49;1.0;PAO RABELO HAMBURGUER PC 400G;6250495fda9f130e876c92dc
640bdb137a95532f1d1b259f;2022-11-25 21:08:01;625035bee612a77bf7ffb15a;2.29;4.0;MACARRAO BONSABOR SEMOLA ESPAGUETE SC 400G;625049709816c00e8782fa6b
640bd7709597ae25fd49d361;2022-11-21 17:09:59;625035bee612a77bf7ffb15a;7.49;8.3;REPOLHO VERDE KG;6250497d2250670e877ae0cd
640c13827c49da140e07c342;2023-01-27 18:34:51;625035bee612a77bf7ffb15a;4.49;1.0;BISCOITO DOCE PIRAQUE LEITE MALTADO CHOCOLATE PC 160G;62504980d0b09a0e874a498c
640c0789eb6e432891719de5;2023-01-13 21:56:46;625035bee612a77bf7ffb15a;3.49;1.0;CHA NATUVIDA VERDE SC 15G;6250495ca37a1e0e873accef
640bcc7e9177f17ea43456c1;2022-11-08 11:22:15;625035bee612a77bf7ffb15a;3.99;1.0;MOLHO DE PIMENTA MARATA GOTA VERDE GF 150ML;62504964ad7f840e879ff10b
640bc845ddb37072933bb706;2022-11-03 19:14:44;625035bee612a77bf7ffb15a;3.79;1.0;POLPA DE FRUTA MAIS POLPAS ACEROLA SC 500G;62504966c577590e8766131f
640c07847ed65d2891e9a516;2023-01-13 20:10:53;625035bee612a77bf7ffb15a;4.99;1.0;MISTURA LACTEA NESTLE MOCA CONDENSADA TP 395G;62a741e19a8221713dcce7db
640bcfb5fee5150b902f330c;2022-11-12 09:28:02;625035bee612a77bf7ffb15a;8.99;0.51;MACA NACIONAL KG;6250495bf443ab0e8763f185
640c0baa49c0c440872a0304;2023-01-18 18:53:42;625035bee612a77bf7ffb15a;1.59;1.0;MOLHO DE TOMATE FUGINI TRADICIONAL SC 300G;6250495ebd89cf0e879d957e
640c00752848a3151fb61c6b;2023-01-05 07:01:40;625035bee612a77bf7ffb15a;3.49;1.0;SALGADINHO ELMA CHIPS CHEETOS BOLA QUEIJO SUICO SC 37G;625049688873ac0e8769159f
640c127d5fdbf50d5e4f6d3b;2023-01-26 11:12:01;625035bee612a77bf7ffb15a;39.99;1.0;AZEITE DE OLIVA GALLO PORTUGAL EXTRA VIRGEM GF 500ML;6250495b1a59a60e8780797d
640bcfcb1122190b90610f6c;2022-11-12 17:16:47;625035bee612a77bf7ffb15a;1.39;1.0;MOLHO DE TOMATE FUGINI PENEIRADO SC 300G;62a72e47e21d7e4c1fe7eb41
640be8fdd69c66548a90df10;2022-12-10 16:10:25;625035bee612a77bf7ffb15a;4.99;1.0;ABS INTIMUS GEL T PROT SECA S ABAS SC 8X1;6250495bdd92fe0e877536b1
640c0adc1e0b9131f805e60e;2023-01-17 19:35:07;625035bee612a77bf7ffb15a;7.89;1.0;OVOS SAO JOSE CODORNA BDJ 30X1 ;625049616589530e87aff5e8
640bf6d977ec7a79b73fa52a;2022-12-26 19:20:12;625035bee612a77bf7ffb15a;3.79;1.0;ABACAXI UN;625049606d308a0e87033050
640bd4b2c20ae21bb0604b8f;2022-11-18 11:57:11;625035bee612a77bf7ffb15a;4.49;1.0;CAFE NESTLE NESCAFE SOLUVEL DOLCA SC 50G;6250495cde18880e871eaa99
640bfde00af5670d6b5da7e0;2023-01-02 19:28:33;625035bee612a77bf7ffb15a;29.99;1.0;SABONETE LIQUIDO ASEPLYNE ANTIBACTERIANO CALENDULA GF 1L;62504961fb7b1c0e874d627f
640be71ae4002f4f16788871;2022-12-08 17:11:16;625035bee612a77bf7ffb15a;4.99;1.0;CHOCOLATE EM BARRA GAROTO AMENDOIM SC 90G;62504967fb16980e87dd22b6
640bf41e3bece872a49b85d7;2022-12-23 11:18:19;625035bee612a77bf7ffb15a;2.99;1.0;CHEIRO VERDE UN;6250495bc94d120e87cc3181
640bdaefba835b2f1dd50b9e;2022-11-25 14:59:55;625035bee612a77bf7ffb15a;3.95;1.0;BISCOITO CREAM CRACKER FORTALEZA LEGITIMO PC 350G;625049702e1bf90e87c8dfd2
640c15b3cb3857255e4d77e8;2023-01-29 10:00:24;625035bee612a77bf7ffb15a;3.49;2.0;MACARRAO BRANDINI SEMOLA PARAFUSO SC 500G;6250495eda16550e8702d9ec
640c035774abe41cf8a385ea;2023-01-08 07:50:36;625035bee612a77bf7ffb15a;3.49;1.0;POLPA DE FRUTA MAIS POLPAS TAMARINDO SC 500G;62504966a2a9300e87eb3dcb
640becf18e2a865f7a1d0f3f;2022-12-15 20:12:32;625035bee612a77bf7ffb15a;19.99;0.764;CORTE DE FRANGO TICA DO FRANGO ASA SC KG;6250495a6e794f0e874192c9
640bc75e76b1596d80f6d136;2022-11-02 19:17:49;625035bee612a77bf7ffb15a;1.89;1.0;BISCOITO WAFER BAUDUCCO BRIGADEIRO PC 78G;62504964961ee10e8770489f
640c0adf6832b731f8772319;2023-01-17 20:22:49;625035bee612a77bf7ffb15a;8.99;1.0;AMACIANTE DE ROUPAS DOWNY PERFUME CONC LIBERDADE GF 450ML;62504980c70b8c0e87b7cb1b
640bfec7dc94730ff528597b;2023-01-03 17:53:42;625035bee612a77bf7ffb15a;5.99;1.0;RAPADURA ENGENHO LEARENA MINI BATIDA PT 200G ;6250496f4e29e00e87042c9f
640c0ba2baf07e40874f1b1f;2023-01-18 16:21:42;625035bee612a77bf7ffb15a;1.19;1.0;SALGADINHO SALSITO GALINHA CAIPIRA SC 32G;6250497f7305050e8709ea63
640bdec5eea0883a3bd8b9d5;2022-11-28 11:09:39;625035bee612a77bf7ffb15a;13.99;0.96;PERNIL SUINO CONGELADO KG;6250495a159e860e8714bbf0
640becf3404ffd5f7ab1f1f7;2022-12-15 21:04:05;625035bee612a77bf7ffb15a;29.99;0.1;ALHO A GRANEL KG ;6250495b8e39270e87dd3afb
640be30300df7b448ee66d36;2022-12-03 07:20:37;625035bee612a77bf7ffb15a;2.89;2.0;MACARRAO CORACAO NORDESTINO SEMOLA ESPAGUETE SC 400G;6250496fffc28c0e87e6b2b3
640c0091df8344151f5eb271;2023-01-05 19:49:33;625035bee612a77bf7ffb15a;7.49;1.0;FARINHA DE MANDIOCA GOSTOZZO DAGUA SC 1KG;6250495d052bd90e873a1d36
640c076a11854a2891e1747c;2023-01-13 09:41:50;625035bee612a77bf7ffb15a;5.49;1.0;PAO RABELO HOT DOG PC 400G;6250495f4901520e878553d9
640bf6c5a5fdf079b77e9d52;2022-12-26 07:25:05;625035bee612a77bf7ffb15a;1.79;1.0;LAVA LOUCAS LIMPA FACIL NEUTRO GF 500ML;62504980407ecc0e8737fafc
640bd6b8ab4a78240aba91c6;2022-11-20 10:28:38;625035bee612a77bf7ffb15a;9.99;1.0;PAO VISCONTI INTEGRAL FORMA PC 400G;62504965bb84ae0e879fac72
640bd76f55e9f625fdb6abc2;2022-11-21 15:55:01;625035bee612a77bf7ffb15a;6.99;2.0;AGUA MINERAL APODI NATURAL GF 20LT;6250495bb32d540e875df736
640bcfc3da531e0b90069d06;2022-11-12 14:05:38;625035bee612a77bf7ffb15a;1.99;1.0;MACARRAO INSTANTANEO NISSIN MIOJO CREMOSO FRANGO SC 85G;62504970ae4cb30e872a0611
640bec16cfdcd15d404ea787;2022-12-14 17:01:49;625035bee612a77bf7ffb15a;5.19;1.0;BOLACHA ITAICABA AGUA E SAL PC 300G;6250495c74da200e877c7c12
640befb9783e88669bd50cb3;2022-12-18 07:25:39;625035bee612a77bf7ffb15a;9.99;1.0;BOMBOM DE CHOCOLATE LACTA SORTIDO VARIEDADES CX 250G;62504964b0c3ae0e87585dc6
640bd99befd64e2bb17b84e4;2022-11-24 15:48:27;625035bee612a77bf7ffb15a;5.99;1.0;SUCO DEL VALLE FRUT CITRUS PUNCH GF 1,5LT;625049606032de0e874dfaac
640bd4badea4c81bb0f8442b;2022-11-18 17:20:16;625035bee612a77bf7ffb15a;13.99;1.0;SABAO EM PO YPE TIXAN PRIMAVERA SC 800G;62b3049ba868f97c4cf4e8e5
640bc90b0834867590bdbcab;2022-11-04 07:17:13;625035bee612a77bf7ffb15a;11.99;1.0;PAO PANE VITA INTEGRAL LIGHT FORMA PC 400G;6250497e9e36b50e8782d800
640bcfb9ae6ec20b90fe87de;2022-11-12 10:40:01;625035bee612a77bf7ffb15a;10.99;2.0;VINHO BR QUINTA DO MORGADO TINTO SUAVE GF 750ML;62504960a07bb80e87212f69
640beeea9d68a164a7ceb8d0;2022-12-17 15:06:21;625035bee612a77bf7ffb15a;8.99;1.0;KIWI IMPORTADO BDJ 600G;62d3e45015a22011fc8989ec
640c165d9480a228045c5a3e;2023-01-30 22:58:11;625035bee612a77bf7ffb15a;2.99;1.0;MACARRAO INSTANTANEO NISSIN TALHARIM QUEIJO PARMESAO SC 99G;6250497fb93bf80e87a99b31
640bc84b4bb48372932c7763;2022-11-03 21:28:28;625035bee612a77bf7ffb15a;3.99;3.0;CREME DE LEITE BETANIA UHT SUPER CREMOSO TRAD TP 200G;6250495d3da6c10e872edeca
640bfc89829db9098f28a2f6;2022-12-31 19:12:39;625035bee612a77bf7ffb15a;10.99;1.0;PAO VISCONTI INTEGRAL FORMA PC 400G;62504965bb84ae0e879fac72
640bd828471b8d2780d8312f;2022-11-22 18:20:13;625035bee612a77bf7ffb15a;4.29;1.0;MILHO DE PIPOCA KIMIMO PULA PULA SC 500G;625049709a327f0e87bc75ee
640c086c887ca92b8f8a43c4;2023-01-14 10:03:07;625035bee612a77bf7ffb15a;1.59;1.0;MOLHO DE TOMATE FUGINI TRADICIONAL SC 300G;6250495ebd89cf0e879d957e
640beedca871d564a79ad9dd;2022-12-17 09:59:46;625035bee612a77bf7ffb15a;4.99;1.0;DESINFETANTE MEU LAR LAVANDA GF 2LT;62504961e48e590e87a9ccf3
640bc6677dbd2169250fb298;2022-11-01 18:58:10;625035bee612a77bf7ffb15a;8.99;0.94;BATATA INGLESA KG;6250495b468da50e87b28476
640c05d15c4a2b2384d77a6a;2023-01-11 20:57:03;625035bee612a77bf7ffb15a;4.19;1.0;BOLACHA RABELO BOLACHAO PC 280G;6250495c695d900e878f41d3
640bcd394fbd8f016f66dcc6;2022-11-09 10:04:05;625035bee612a77bf7ffb15a;9.99;1.0;CAFE SANTA CLARA VACUO PREMIUM SC 250G;6250495c0d00b80e87a66409
640be12e7b74564071eecac4;2022-12-01 20:02:22;625035bee612a77bf7ffb15a;3.39;1.0;REFRIGERANTE JESUS GUARANA LA 350ML;62504965d639ec0e87f02698
640be4beead7f248ad667789;2022-12-05 20:06:27;625035bee612a77bf7ffb15a;22.99;0.282;SALADA DE FRIOS  BDJ KG;6250497d95675b0e87dc9b01
640bea907ffc96593e257bad;2022-12-12 17:37:40;625035bee612a77bf7ffb15a;19.99;0.375;ALHO A GRANEL KG ;6250495b8e39270e87dd3afb
640c128664196d0d5e751a4a;2023-01-26 17:34:37;625035bee612a77bf7ffb15a;17.99;0.206;PRESUNTO PEPERI SUINO SEM CAPA DE GORDURA FATIADO KG;639cc63fae52f56b635274bf
640c12785e49500d5eaf658b;2023-01-26 09:04:22;625035bee612a77bf7ffb15a;2.39;2.0;FARINHA DE MILHO DONA CLARA FLOCAO TRADICIONAL SC 500G;625049704968700e87d81181
640c10222819be02a9214376;2023-01-23 09:08:05;625035bee612a77bf7ffb15a;8.79;1.0;GRAO DE BICO KICALDO SC 500G;62504968b3935b0e87758e0d
640becf18faa3b5f7a596fc7;2022-12-15 20:23:19;625035bee612a77bf7ffb15a;13.99;1.0;PAO PLUSVITA FORMA ARTESANO INTEGRAL PC 500G;62504967dc616f0e878a6223
640c05b9a6ee5023843d0c25;2023-01-11 07:53:45;625035bee612a77bf7ffb15a;2.99;1.0;CHEIRO VERDE UN;6250495bc94d120e87cc3181
640c0c776fece65f70723363;2023-01-19 13:14:51;625035bee612a77bf7ffb15a;13.99;1.0;COLONIA MURIEL BABY MENINA CX 100ML;6250495dc774420e872cdf4e
640bf08108470b68aa9e6be7;2022-12-19 09:30:07;625035bee612a77bf7ffb15a;8.49;1.0;REQUEIJAO ISIS TRADICIONAL CP 200G;6250e9fa73be394dc5a53318
640bdae9f63fe62f1d0bc4d4;2022-11-25 12:50:36;625035bee612a77bf7ffb15a;30.99;0.236;QUEIJO MUSSARELA BETANIA FATIADO KG;6250495be8244a0e878464d4
640c008e83e972151fa8c33b;2023-01-05 19:06:36;625035bee612a77bf7ffb15a;2.29;3.0;GOMA DE MASCAR TRIDENT MENTA 8,5G;6250497f2155c80e87c39202
640bdcb5684ad833efae875a;2022-11-26 18:22:35;625035bee612a77bf7ffb15a;2.99;3.0;IOGURTE ISIS POL SEMIDESN MORAN GF 180G;6250495e6cd4000e87efe58c
640bd22913d1bc1400798c8f;2022-11-15 10:39:44;625035bee612a77bf7ffb15a;3.69;1.0;BISCOITO RECHEADO PIRAQUE MALTADO COBERTO PC 80G;62504968a2df550e875244dd
640c027bf552891a5b673a25;2023-01-07 10:11:20;625035bee612a77bf7ffb15a;2.79;1.0;SABONETE EVEN SUAVE ALGAS MARINHAS SC 85G;62504965c5524b0e87710bb2
640bf21c0053df6cec59c5d2;2022-12-21 11:24:47;625035bee612a77bf7ffb15a;2.89;1.0;LAVA LOUCAS BOMBRIL LIMPOL COCO GF 500ML;6250497eb8e4700e87b11477
640bcdebe912f603b14751b6;2022-11-10 12:03:19;625035bee612a77bf7ffb15a;4.99;1.0;SABONETE LIQUIDO NATUVIDA AROEIRA GF 200ML;62504965638a650e876abc43
640bd23a269b631400bc0fb1;2022-11-15 19:18:24;625035bee612a77bf7ffb15a;2.49;1.0;CHOCOLATE EM BARRA SNICKERS SC 45G;62504965ccf01a0e87050a4a
640be7f57a3cee51a4741fa1;2022-12-09 15:42:41;625035bee612a77bf7ffb15a;14.99;0.356;PAO  KG;6250495a0a398c0e87675e61
640be04aba0e163e55e33c4c;2022-11-30 08:59:35;625035bee612a77bf7ffb15a;1.59;1.0;SALGADINHO DELICITOS CHURRASCO SC 50G;6250495fdcdb180e87e3abe7
640c128ede54620d5e0bfa7b;2023-01-26 20:51:25;625035bee612a77bf7ffb15a;15.99;1.0;CORTE DE FRANGO FRIATO COXA COM SOBRECOXA BDJ 1KG;6250495bb7dab50e87b302ec
640c16582797062804933d9f;2023-01-30 19:54:31;625035bee612a77bf7ffb15a;13.99;1.0;MISTURA PARA BROWNIE VITALIN INTEGRAL SEM GLUTEN SC 270G;6250496b6fbc2f0e8774426e
640bf223e9f7d96cecef0ff7;2022-12-21 16:37:44;625035bee612a77bf7ffb15a;11.99;1.0;BOLO  MESCLADO BDJ UN;62a741bdda30b4713dc7da55
640c0944d2c3342d8e9a469c;2023-01-15 08:58:35;625035bee612a77bf7ffb15a;2.99;1.0;CREME DE LEITE ITAMBE TRAD TP 200G;6250495d17bf250e8794d585
640bf3246e3e2a6fab7bbe5a;2022-12-22 21:33:09;625035bee612a77bf7ffb15a;29.99;0.154;UVA PASSA PRETA KG;6250495b0ae63c0e8758e4c6
640bfc4e876574098f3387d0;2022-12-31 08:08:52;625035bee612a77bf7ffb15a;3.89;0.635;BANANA PRATA KG;6250495b591e3e0e87d73d29
640bced2761031064efde2c7;2022-11-11 20:42:36;625035bee612a77bf7ffb15a;14.99;1.0;MOLHO BARBECUE HEMMER ORIGINAL BS 750G;62a72edac608e94c1ffb190c
640c137666503f140ebfd470;2023-01-27 15:54:18;625035bee612a77bf7ffb15a;9.49;5.0;CAFE 3 CORACOES EXTRAFORTE VACUO SC 250G;6250495c6674350e8723a950
640be720038edb4f169fca3b;2022-12-08 19:56:24;625035bee612a77bf7ffb15a;4.99;0.865;BATATA INGLESA KG;6250495b468da50e87b28476
640beedbc8473664a797f607;2022-12-17 09:38:22;625035bee612a77bf7ffb15a;4.19;1.0;ARROZ BRANCO PANELACO SC 1KG;6250497f6c50d20e87f04b88
640bd31a04737a15fe3bb3d1;2022-11-16 21:10:39;625035bee612a77bf7ffb15a;2.49;1.0;CHOCOLATE EM BARRA SNICKERS SC 45G;62504965ccf01a0e87050a4a
640c0507c108b82178cb8816;2023-01-10 20:33:16;625035bee612a77bf7ffb15a;1.49;1.0;PIPOCA DE MICROONDAS YOKI BACON SC 100G;6250495b80dd6c0e8717d52b
640c0698068faf25ff7a34bc;2023-01-12 18:43:15;625035bee612a77bf7ffb15a;2.99;1.0;CREME DE LEITE ITAMBE TRAD TP 200G;6250495d17bf250e8794d585
640c0866446f1c2b8f53884e;2023-01-14 08:19:28;625035bee612a77bf7ffb15a;17.99;1.0;SABAO EM PO URCA MAXX SC 3KG;62504968af4b0e0e877b4231
640c0192b81bcb17efb74995;2023-01-06 21:21:15;625035bee612a77bf7ffb15a;2.99;0.66;LARANJA KG;6250495b10dcbf0e87d93203
640be5879d9d7f4ae9bd22cb;2022-12-06 16:02:23;625035bee612a77bf7ffb15a;20.99;1.05;TANGERINA IMPORTADA KG ;6250495b74ede40e87e93bb0
640c0f6f35dd9e7f6b3742e0;2023-01-22 11:47:53;625035bee612a77bf7ffb15a;24.99;1.0;SABAO EM PO BRILHANTE HIGIENE TOTAL SC 1,6KG;62504966b318790e874aa70a
640bded40b0ba33a3b2b0675;2022-11-28 21:13:49;625035bee612a77bf7ffb15a;5.49;12.0;CERVEJA HEINEKEN LAGER BEER PREMIUM LONG NECK GF 330ML;62504962abdc470e872d40c0
640bf22deded1c6cec811c6f;2022-12-21 20:17:23;625035bee612a77bf7ffb15a;12.99;1.0;BEBIDA LACTEA DANONE YOPRO COCO BATATA DOCE TP 250ML;625049644ef3320e874d9cd3
640bfece845f2c0ff52e6c3d;2023-01-03 19:38:25;625035bee612a77bf7ffb15a;2.99;5.0;EMPANADO SADIA STEAK DE FRANGO TRAD SC 100G;6250495d6e9deb0e87d05ac2
640bdf926d7e143c2bc9808a;2022-11-29 17:47:07;625035bee612a77bf7ffb15a;1.49;1.0;BEBIDA LACTEA NESTLE NESCAU UHT CHOC TP 180ML;62b58991c664a75cd7975a5d
640be2073c77aa4290d82f59;2022-12-02 12:50:01;625035bee612a77bf7ffb15a;15.99;1.098;CARRE SUINO CONGELADO KG;6250495b8843fc0e87aeba73
640c11c974f9cb087fdc8fed;2023-01-25 18:01:15;625035bee612a77bf7ffb15a;7.99;1.0;MASSA PARA PASTEL BIG MASSA SC 1KG;6250495e9e73ad0e87faa64b
640bdf9518e3dd3c2b85e6d4;2022-11-29 19:15:50;625035bee612a77bf7ffb15a;21.99;1.0;SORVETE FROSTY NAPOLITANO PT 2LT;62504960231ca70e8785f0a7
640befc9a3d174669b41d1f4;2022-12-18 11:12:57;625035bee612a77bf7ffb15a;8.99;1.0;REFRIGERANTE PEPSI COLA GF 2,5L ;6250495fdae0e70e879b4226
640bca40610f917807ca6449;2022-11-05 18:07:15;625035bee612a77bf7ffb15a;1.59;1.0;BOLINHO RICHESTER ANIMADOS ZOO BRIGADEIRO SC 40G;6250495c3011930e877df2ac
640c11c8651ac2087f73f520;2023-01-25 17:35:30;625035bee612a77bf7ffb15a;7.49;1.0;CHA BARAO DE COTEGIPE MARACUJA CX 13G;6250496789418e0e87866bcd
640bd3d372cb9b17e034ca50;2022-11-17 14:28:00;625035bee612a77bf7ffb15a;4.49;1.0;ABS SEMPRE LIVRE ADAPT SUAVE C ABAS SC 8X1;6250495b3b1c140e87f7b7fd
640beb5f638d735b75b29ed9;2022-12-13 20:29:47;625035bee612a77bf7ffb15a;7.99;1.0;LEITE EM PO NESTLE NINHO INTEGRAL SC 175G;6250496477e9fc0e87451850
640bd76dcdf21325fdcdb4ae;2022-11-21 14:17:14;625035bee612a77bf7ffb15a;1.79;4.0;MACARRAO INSTANTANEO NISSIN MIOJO CREMOSO FRANGO SC 85G;62504970ae4cb30e872a0611
640be4af6a6f6048ad542e20;2022-12-05 12:42:59;625035bee612a77bf7ffb15a;3.49;1.0;ACAFRAO NATUVIDA SC 50G;6250495b4e603b0e873d0190
640bdcac5f300933ef80adb0;2022-11-26 16:34:37;625035bee612a77bf7ffb15a;3.99;1.0;CAFE 3 CORACOES GOURMET DRIP COFFEE DARK ROAST SC 11G;6250e9fbbef1124dc5ddce3c
640bd16c01f96f120c7aef63;2022-11-14 19:48:16;625035bee612a77bf7ffb15a;8.49;1.0;MASSA PARA PASTEL BM SC 1KG;6250497f3170040e872b9c41
640bd310d3d8c215fe70dbaa;2022-11-16 17:29:56;625035bee612a77bf7ffb15a;27.99;0.38;PRESUNTO SADIA PERU FATIADO KG;6250495b6e1edb0e871d11d9
640be31d4ee53c448ea27b9f;2022-12-03 16:06:21;625035bee612a77bf7ffb15a;5.99;1.0;BISCOITO COOKIES BAUDUCCO ORIGINAL PC 100G;625049639c18830e87836531
640be2068f068b4290f41a07;2022-12-02 12:14:57;625035bee612a77bf7ffb15a;2.99;1.0;ESCOVA DE UNHA LIMPAMANIA CLIP;625049635c87430e873bcf25
640bd2321998b614000a0635;2022-11-15 15:55:48;625035bee612a77bf7ffb15a;3.69;1.0;BISCOITO RECHEADO PIRAQUE MALTADO COBERTO PC 80G;62504968a2df550e875244dd
640bd5c7c22bd320d0bb4649;2022-11-19 11:04:46;625035bee612a77bf7ffb15a;5.49;1.0;BISCOITO CREAM CRACKER FORTALEZA LEGITIMO PC 350G;625049702e1bf90e87c8dfd2
640c0c8006ba7a5f709bc06d;2023-01-19 17:44:47;625035bee612a77bf7ffb15a;39.99;1.0;CACHACA SALINISSIMA OURO GF 670ML;6250496f6b80830e8748c1bf
640befc4d29035669b34ffd8;2022-12-18 10:16:19;625035bee612a77bf7ffb15a;5.99;1.0;FARINHA DE MANDIOCA GOSTOZZO AMARELA SC 1KG;625049704975710e87c98fc5
640bdf930b27143c2bfdf817;2022-11-29 18:13:33;625035bee612a77bf7ffb15a;9.99;2.0;MASSA SEARA MENU GOURMET FETTUCCINE A BOLONHESA CX 350G;6250497f71e32c0e879672b9
640bf7a8243b257c1048e6f7;2022-12-27 17:40:49;625035bee612a77bf7ffb15a;3.49;1.0;COCO RALADO TAMBAU UMIDO E ADOCADO SC 100G;62b58991e091945cd774dc50
640be30a6c0214448e885113;2022-12-03 09:34:45;625035bee612a77bf7ffb15a;2.99;1.0;TEMPERO EM PO MAGGI MEU SEGREDO CHEIRO VERDE CX 49G 7X1;6250496b0d48830e872ea4a7
640c128a32a7700d5e5de044;2023-01-26 19:04:57;625035bee612a77bf7ffb15a;7.49;1.0;CHA BARAO DE COTEGIPE ERVA DOCE CX 13G;6250495c77ca2d0e87121208
640bc925cc0f7e7590e4aa08;2022-11-04 19:15:35;625035bee612a77bf7ffb15a;3.89;30.0;ARROZ BRANCO PAI JOAO SC 1KG;62504963ffde6e0e877c7a7c
640bd823fc20922780b34b6d;2022-11-22 14:31:03;625035bee612a77bf7ffb15a;7.99;1.0;BOLACHA ERIKA ESPECIAL ALHO PC 300G;6250495ce8c4e10e87394b71
640c1101edf0ad0563616449;2023-01-24 19:43:16;625035bee612a77bf7ffb15a;10.99;1.0;CARNE MOIDA REGINA GOSTOSINHA SC 500G;6250495cde69680e87e61617
640bf8a631427a7e89e8bb51;2022-12-28 18:59:26;625035bee612a77bf7ffb15a;4.59;1.0;TORRADA FORTALEZA INTEGRAL PC 142G;62504965d8d31e0e874338d5
640be1287e591e407117dd77;2022-12-01 18:06:07;625035bee612a77bf7ffb15a;8.99;1.0;RAPADURA ENGENHO LEARENA NATURAL SC 750G;6250496126dc4f0e8789ecb1
640bf30eff70d16fab381ccc;2022-12-22 13:14:18;625035bee612a77bf7ffb15a;14.99;0.106;MORTADELA SEARA CONFIANCA FRANGO FATIADA KG;6250497da152ea0e87596d71
640bd999f6ee9e2bb1c79ca1;2022-11-24 15:14:50;625035bee612a77bf7ffb15a;4.99;1.0;CHOCOLATE EM BARRA NESTLE KIT KAT BRANCO SC 41,5G ;62b5898ff4e3975cd7c2c0b4
640bc90bc4b1ad7590da582c;2022-11-04 07:06:56;625035bee612a77bf7ffb15a;5.99;2.0;MARGARINA QUALY ORIGINAL COM SAL COLECIONAVEL PT 250G;625049688ce1070e878c22d9
640bd5d31d6cdb20d0aabba2;2022-11-19 16:09:12;625035bee612a77bf7ffb15a;4.99;1.0;SABAO EM PO BRILHANTE CUIDADO TOTAL SC 400G;6250496607d48d0e8792ac31
640c10fa7ce348056348147f;2023-01-24 17:16:34;625035bee612a77bf7ffb15a;3.19;1.0;BISCOITO RECHEADO NESTLE PASSATEMPO CHOCOLATE PC 130G;62504962ac22610e87e20d7b
640c0f68fbdbd37f6b74085c;2023-01-22 10:16:05;625035bee612a77bf7ffb15a;4.29;1.0;APARELHO DE BARBEAR BIC ACQUA3 CR 2X1;6250495bd2ef350e873109f4
640c15b45460c5255eaf3ef5;2023-01-29 10:06:28;625035bee612a77bf7ffb15a;1.59;1.0;BOLINHO RICHESTER ANIMADOS ZOO BRIGADEIRO SC 40G;6250495c3011930e877df2ac
640bd5c89d548820d0383fd5;2022-11-19 11:34:03;625035bee612a77bf7ffb15a;14.99;0.118;TORRADA  BOLO KG;637fa37a88b9550d788f4024
640bcebdade0f1064efa1155;2022-11-11 13:22:38;625035bee612a77bf7ffb15a;1.39;1.0;MOLHO DE TOMATE FUGINI PENEIRADO SC 300G;62a72e47e21d7e4c1fe7eb41
640bcc7b55d3a07ea43fa87b;2022-11-08 09:22:27;625035bee612a77bf7ffb15a;3.99;1.0;GELEIA DE MOTOCO STELLA DORO MORANGO CP 180G;6321cca0f3d14d7361707e8a
640c0c78a447cf5f70868553;2023-01-19 15:00:53;625035bee612a77bf7ffb15a;5.99;1.0;VELA PARA ANIVERSARIO TOP FESTAS TUFAO AZUL CR;625049813f80120e87cbfaa2
640bc74816636a6d8087731b;2022-11-02 09:55:31;625035bee612a77bf7ffb15a;1.79;1.0;PEDRA SANITARIA SANY JASMIM CX 25G;6250496a9f95020e87e392fd
640bdf8d885daa3c2beb1b8a;2022-11-29 13:13:01;625035bee612a77bf7ffb15a;3.49;6.0;REFRIGERANTE COCA COLA LA 350ML;6250495ff482c30e876e4d69
640bdca9b98a0a33efbacfd8;2022-11-26 16:13:28;625035bee612a77bf7ffb15a;1.95;1.0;LAVA LOUCAS YPE MACA GF 500ML;6250495d593b300e87c9cf62
640bd8d9f2798a29b8953ed9;2022-11-23 15:12:53;625035bee612a77bf7ffb15a;4.19;1.0;POLPA DE FRUTA MAIS POLPAS CAJU SC 500G;62504966060b2f0e87019ff6
640be4bc5e943948ada5c71f;2022-12-05 19:15:23;625035bee612a77bf7ffb15a;20.99;1.0;SABONETE LIQUIDO PROTEX ERVA DOCE BS 250ML;6250495fc260260e87b72449
640be3164910ed448e6c82bb;2022-12-03 12:54:05;625035bee612a77bf7ffb15a;5.99;1.0;BISCOITO SORTIDO FORTALEZA POPULAR MINI CRACKER PC 400G;6250495c47f2730e87da06a4
640bc65abc52ab6925ad5ca4;2022-11-01 13:12:57;625035bee612a77bf7ffb15a;2.29;3.0;SUCO DEL VALLE KAPO MORANGO TP 200ML;62504960b5f56e0e87c776db
640bedd40ba0c061d5b629c7;2022-12-16 15:46:12;625035bee612a77bf7ffb15a;14.99;0.418;MORTADELA SEARA CONFIANCA SUINA FATIADA KG;6250495b1ceb300e87aad372
640c0358544ea41cf8abb8a2;2023-01-08 07:58:41;625035bee612a77bf7ffb15a;2.79;1.0;SABONETE EVEN SUAVE MANTEIGA DE KARITE SC 85G;6250496588c56c0e87bbc03f
640c14a2350a4e1d7e628635;2023-01-28 09:33:35;625035bee612a77bf7ffb15a;10.49;1.0;MINGAU NESTLE MUCILON AVEIA E ARROZ SC 360G;62c6b22c365bec02d9f5fb1e
640c076583f90b289199169e;2023-01-13 07:15:35;625035bee612a77bf7ffb15a;14.99;0.408;PAO  KG;6250495a0a398c0e87675e61
640be117b5586c4071c4da60;2022-12-01 07:58:36;625035bee612a77bf7ffb15a;4.99;0.37;CENOURA KG;6250495bc359040e870e593b
640bd9958ea7432bb1a1a837;2022-11-24 12:53:25;625035bee612a77bf7ffb15a;2.59;1.0;PETISCOS SALGADOS ACEBOLADOS SC 100G;625049683d32b40e872d36ac
640bd6b4f76581240a082fad;2022-11-20 09:27:02;625035bee612a77bf7ffb15a;8.99;1.0;LINGUICA SEARA FININHA MISTA DEFUMADA SC 215G;6250496837869c0e87b79ccd
640bf1539cce0a6aff9afec9;2022-12-20 15:48:49;625035bee612a77bf7ffb15a;11.99;1.0;MAIONESE HELLMANNS TRADICIONAL SC 400G;625049642738260e8740b1e1
640c042957ee531f41891326;2023-01-09 16:44:01;625035bee612a77bf7ffb15a;3.99;1.0;CREME DE LEITE ITAMBE TRAD TP 200G;6250495d17bf250e8794d585
640c09fed6db352fbcf9fdd1;2023-01-16 11:06:52;625035bee612a77bf7ffb15a;3.79;1.0;MILHO VERDE FUGINI CROCANTE LA 170G;62504967339fae0e870ca147
640c04330973c11f41d3fb19;2023-01-09 19:42:49;625035bee612a77bf7ffb15a;19.99;0.35;KIWI IMPORTADO KG;6250495b4c12b40e87ee7ce3
640bffb4c0d686127150349f;2023-01-04 18:58:59;625035bee612a77bf7ffb15a;0.79;1.0;REFRESCO FRISCO LARANJA SC 25G;6250495f12173d0e8740afcb
640be325015ecd448ea397bd;2022-12-03 18:37:18;625035bee612a77bf7ffb15a;6.49;1.0;GELEIA DE MOCOTO DUCOPO NATURAL CP 180G;6250495d416ef40e87f132d2
640bd3e3ac76b217e0858c64;2022-11-17 21:28:23;625035bee612a77bf7ffb15a;3.49;1.0;VELA VIWACE BRANCA SC 5F 8X1;62504969fbe3560e87c6755f
640bc7584307b86d80bdbb15;2022-11-02 16:29:14;625035bee612a77bf7ffb15a;5.29;2.0;BOLACHA NOSSA SENHORA DE FATIMA NEUDA PC 400G;6250495cfe3c080e878f49e2
640bdafadf390e2f1da9e071;2022-11-25 17:10:36;625035bee612a77bf7ffb15a;3.99;1.0;SABONETE LIQUIDO LIMPEBEM PLUMAS DE ALGODAO GF 1LT;635d3d6ed930aa6b7370b5a5
640bf88f63867f7e890be629;2022-12-28 10:06:19;625035bee612a77bf7ffb15a;2.49;1.0;LA DE ACO BOMBRIL ECO SC 60G 8X1;6250495eabc17e0e875ffe66
640bf42d3f094772a4424c39;2022-12-23 16:51:31;625035bee612a77bf7ffb15a;4.49;1.0;BATATA FRITA SAO BRAZ SCRUSCH CHURRASCO SC 50G;639960d9b070a26a512cf453
640bd99b819e482bb14bd0f9;2022-11-24 15:40:07;625035bee612a77bf7ffb15a;35.99;0.598;MIUDOS DE FRANGO TICA DO FRANGO CORACAO SC KG;6250495b6b8b960e87b8e04b
640be1ff0beb084290299054;2022-12-02 10:06:27;625035bee612a77bf7ffb15a;47.99;1.0;LEITE EM PO NESTLE NESTOGENO 2 LA 800G;6250495e3e19ff0e87e823da
640be3f3acea6346b287c93f;2022-12-04 10:59:28;625035bee612a77bf7ffb15a;3.29;1.0;PREPARO DE BEBIDA EM PO DUMONTE SABOR LEITE INTEGRAL SC 200G;6250496f72ed670e879f75c0
640c07680e0091289193ca32;2023-01-13 08:56:43;625035bee612a77bf7ffb15a;6.99;1.0;FEIJAO CORDA SUPER TOZZO 1KG;62a72e55ae7d554c1f784e45
640bf6c536de9779b7e90bdc;2022-12-26 07:32:21;625035bee612a77bf7ffb15a;2.29;1.0;SABONETE ALBANY HIDRAT NUTRITIVA SC 85G;625049643bc6540e87ab9acb
640bdec8cd44413a3b1315a4;2022-11-28 12:34:58;625035bee612a77bf7ffb15a;2.99;1.0;CHEIRO VERDE UN;6250495bc94d120e87cc3181
640c0c7fd9f9c25f705215f2;2023-01-19 17:38:54;625035bee612a77bf7ffb15a;46.99;0.216;PEITO DE FRANGO SADIA FATIADO KG;6250495aa4d5ca0e8797baba
640bcfbc55e2180b908d26f1;2022-11-12 11:29:37;625035bee612a77bf7ffb15a;7.45;1.0;CAFE PILAO TRADICIONAL VACUO SC 250G;6250495cfd01b60e878e2767
640c094019e3cf2d8ece0ccc;2023-01-15 07:27:12;625035bee612a77bf7ffb15a;52.99;0.502;QUEIJO COALHO NILTON PECA QUADRADA ATE 600G;6250495ab0a7350e87f0babd
640c0431f860031f418f2724;2023-01-09 19:18:41;625035bee612a77bf7ffb15a;1.79;1.0;FARINHA DE MILHO DONA CLARA FLOCAO TRADICIONAL SC 500G;625049704968700e87d81181
640bc657f6254d69255914ae;2022-11-01 11:27:19;625035bee612a77bf7ffb15a;1.69;1.0;BISCOITO RECHEADO RICHESTER AMORI CHOCOLATE PC 71,2G;62a72eb7572b054c1fd44635
640bd6c16deeb7240a2e02de;2022-11-20 12:48:56;625035bee612a77bf7ffb15a;6.69;1.0;FARINHA DE MANDIOCA DONA DE AMARELA SC 1KG;62504962afba6b0e8796c1f7
640bc74ccf42586d80054587;2022-11-02 10:52:51;625035bee612a77bf7ffb15a;4.19;2.0;POLPA DE FRUTA KIPOLPAS ACEROLA SC 500G ;6250495f2fe1f30e8793a0e2
640c127ae9a9ff0d5e58d05d;2023-01-26 10:00:29;625035bee612a77bf7ffb15a;6.99;0.05;PIMENTAO VERDE KG;6250495bca7a350e8741b903
640bd224dac1db1400e0e7bf;2022-11-15 08:07:56;625035bee612a77bf7ffb15a;1.29;1.0;COLORIFICO EM PO DONA CLARA SC 100G;6250495de84d470e873908ef
640c069ce7d0b125ff7fc1d0;2023-01-12 19:32:25;625035bee612a77bf7ffb15a;2.49;1.0;BALA DORI REGALIZ PESCOCO DE GIRAFA YOGURTE100 SC 30G;62504965c1e71c0e87b70db7
640bddf21492d637829714b8;2022-11-27 12:42:29;625035bee612a77bf7ffb15a;10.99;0.755;MARACUJA KG;6250495bb97d4b0e8731ec01
640bf435c498ab72a44c5920;2022-12-23 18:44:42;625035bee612a77bf7ffb15a;8.99;0.8;CEBOLA BRANCA KG;6250495bad4f820e87177f0e
640bf6cc1e952879b74792c8;2022-12-26 11:13:31;625035bee612a77bf7ffb15a;5.99;1.0;OVOS TIJUCA BRANCO GRANDE BDJ 6X1;6250495b1ab6680e87b8e817
640bd30cf3129b15fe291bc4;2022-11-16 15:43:12;625035bee612a77bf7ffb15a;12.49;1.0;MORANGO BDJ 250G;62504961d0326c0e875f64dd
640bf07f934ee868aaebcf71;2022-12-19 08:18:41;625035bee612a77bf7ffb15a;4.99;1.0;BISCOITO CREAM CRACKER MARILAN ESPECIAL PC 350G;6250496bb5ff170e87420d72
640c15c2a87b10255ec31d16;2023-01-29 13:08:29;625035bee612a77bf7ffb15a;3.39;1.0;IOGURTE NESTLE CHAMYTO GO SEMIDESNAT MORAN GF 100G;6250e9fa96c8324dc54f5ee0
640bcc89e743317ea4cd440c;2022-11-08 19:22:43;625035bee612a77bf7ffb15a;7.19;1.0;REFRIGERANTE PEPSI COLA BLACK DIET GF 2LT;6250496db671f50e8777aa31
640bd8dceac34d29b8a2e5cf;2022-11-23 18:00:04;625035bee612a77bf7ffb15a;3.49;1.0;RAPADURA ENGENHO LEARENA GOIABA SC 200G;6250496191671c0e870246b9
640be9d822d11456c3739cee;2022-12-11 11:58:33;625035bee612a77bf7ffb15a;6.69;1.0;SABAO EM PO BRILHANTE CUIDADO TOTAL SC 400G;6250496607d48d0e8792ac31
640c0881b1191a2b8f8a0d65;2023-01-14 17:32:46;625035bee612a77bf7ffb15a;9.99;2.0;BEBIDA ENERGETICA RED BULL ORIGINAL LA 250ML;6250495d8560f00e874f07cf
640bca2360a034780776bc72;2022-11-05 09:28:48;625035bee612a77bf7ffb15a;3.89;3.0;ARROZ PARBOILIZADO PAI JOAO SC 1KG;6250496378b68f0e872e6211
640bf08431262968aa226c91;2022-12-19 10:38:49;625035bee612a77bf7ffb15a;2.99;1.0;BISCOITO RECHEADO PIRAQUE MALTADO COBERTO PC 80G;62504968a2df550e875244dd
640bd4ac5f7c561bb0b492e1;2022-11-18 09:55:32;625035bee612a77bf7ffb15a;21.99;1.0;AZEITE DE OLIVA GALLO PORTUGAL EXTRA VIRGEM GF 250ML;6250495b62dbe00e8754e776
640c0d5bcfe6516ca4da794b;2023-01-20 09:52:53;625035bee612a77bf7ffb15a;4.69;1.0;LEITE UHT JAGUARIBE INTEGRAL TP 1LT;6250495efa52b70e872a6843
640c14c6ddbc5e1d7e2c14cf;2023-01-28 18:15:49;625035bee612a77bf7ffb15a;2.99;2.0;IOGURTE ISIS FRUTISIS BICAMADA POL INTEG MORAN CP 150G;6250495ef17bb90e875c6335
640be7e62ed91751a408509e;2022-12-09 07:00:26;625035bee612a77bf7ffb15a;4.99;1.0;CAFE SANTA CLARA SOLUVEL CLASSICO SC 50G;6250495caf15a80e872b8b47
640bd3d93d7bda17e0f1a3f8;2022-11-17 18:13:46;625035bee612a77bf7ffb15a;10.99;0.96;ABACATE KG;6250495b244c4a0e87bbd6f5
640c15b8a57901255e4c02d6;2023-01-29 11:05:36;625035bee612a77bf7ffb15a;6.49;1.0;ALCOOL LIQUIDO SANTA CRUZ TRADICIONAL 46 INPM GF 500ML;6250497d5d46bb0e871ad17a
640bf22ba9d3706cec5ffe0f;2022-12-21 19:49:34;625035bee612a77bf7ffb15a;3.19;1.0;GOMA DE MASCAR TRIDENT MAX HORTELA FRESCA SC 16,5G;6250496e6500240e8771f607
640bf3046c70136fabfdddfa;2022-12-22 09:22:14;625035bee612a77bf7ffb15a;0.79;1.0;REFRESCO FRISCO UVA SC 25G;6250495f7014420e8740a6da
640bfc8710bc95098fd4aa97;2022-12-31 18:45:48;625035bee612a77bf7ffb15a;3.99;1.0;FOSFORO PARANA CX 40X10;6250495d35982e0e8740d47a
640bc90eb9c2807590011a22;2022-11-04 08:36:55;625035bee612a77bf7ffb15a;3.69;10.0;ARROZ BRANCO VO OLIMPIO SC 1KG;62504967b149810e87e9b739
640c1759865bb52af4839f77;2023-01-31 20:24:30;625035bee612a77bf7ffb15a;32.99;0.218;QUEIJO COALHO FP LATICINIO FATIADO KG;6250495b6e8dad0e87213381
640bf9bd874ab102b16b5e30;2022-12-29 17:03:59;625035bee612a77bf7ffb15a;8.49;1.0;OLEO DE SOJA SOYA GF 900ML;6250495ebd25ed0e8742ab1c
640bdf89150f353c2b3861b7;2022-11-29 09:39:03;625035bee612a77bf7ffb15a;3.49;0.536;ABOBORA LEITE KG ;6250495b00916b0e87971a6d
640c17519f29ec2af4a032e7;2023-01-31 18:37:23;625035bee612a77bf7ffb15a;7.99;1.0;BEBIDA LACTEA NESTLE NESTON PROTEIN NESTON GF 280ML;6250496d95565d0e872a9e39
640bcb06c1f1f97a72c2b974;2022-11-06 08:06:28;625035bee612a77bf7ffb15a;3.89;1.0;ARROZ PARBOILIZADO PAI JOAO SC 1KG;6250496378b68f0e872e6211
640be31041c518448ebb9cb0;2022-12-03 10:45:52;625035bee612a77bf7ffb15a;3.79;2.0;SABAO EM PO ALA FLOR DE CEREJEIRA E LAVANDA SC 500G;6250495fa8d2120e87a6ece5
640bdf86db61633c2b0032ed;2022-11-29 07:53:31;625035bee612a77bf7ffb15a;3.49;1.285;TOMATE KG;6250495befd4f30e8754e347
640bd6c21183f1240a513b0f;2022-11-20 13:15:47;625035bee612a77bf7ffb15a;3.69;1.0;BISCOITO RECHEADO PIRAQUE MALTADO COBERTO PC 80G;62504968a2df550e875244dd
640bd4c5faf5b71bb0681296;2022-11-18 20:28:08;625035bee612a77bf7ffb15a;4.79;1.0;LEITE UHT JAGUARIBE INTEGRAL TP 1LT;6250495efa52b70e872a6843
640bcb0e946b7f7a7250e84a;2022-11-06 10:17:29;625035bee612a77bf7ffb15a;2.59;0.945;LARANJA KG;6250495b10dcbf0e87d93203
640bcd4809c666016ff2c52e;2022-11-09 20:13:51;625035bee612a77bf7ffb15a;3.79;1.0;POLPA DE FRUTA MAIS POLPAS ACEROLA SC 500G;62504966c577590e8766131f
640c08851af4192b8f944236;2023-01-14 18:46:27;625035bee612a77bf7ffb15a;1.99;1.0;LAVA LOUCAS MINUANO NEUTRO GF 500ML;6250495d42c1320e87588ff6
640c11be5634cc087f07aa82;2023-01-25 11:00:53;625035bee612a77bf7ffb15a;15.99;1.0;IOGURTE BETANIA YOBEM DESN MORANGO GF 850G;62a72eb88b20d34c1f6c2e7a
640be1202a1e704071e72877;2022-12-01 13:48:25;625035bee612a77bf7ffb15a;2.79;1.0;SABONETE EVEN SUAVE ERVA DOCE E ALECRIM SC 85G;62504965fe80180e8768eff8
640c128458cdaf0d5eedd171;2023-01-26 16:55:29;625035bee612a77bf7ffb15a;2.99;1.0;TEMPERO BAIANO NATUVIDA SC 50G;6250496861fa520e87ed332b
640c14a9a848a91d7ef89082;2023-01-28 11:08:53;625035bee612a77bf7ffb15a;34.99;0.206;QUEIJO MUSSARELA RIO JAGUARIBE FATIADO KG;636135470f70386ec98d9c5e
640c094ef7cd622d8ee018b4;2023-01-15 11:13:42;625035bee612a77bf7ffb15a;7.49;1.0;PAO BM ARABE PC 400G;62a72e8c257ae34c1fd2bf98
640be12bc135024071b8b729;2022-12-01 19:04:56;625035bee612a77bf7ffb15a;2.99;2.0;MACARRAO INSTANTANEO NISSIN TALHARIM FRANGO SC 99G;62504970d0b5080e877fb2ad
640c086db7a2062b8f159ccb;2023-01-14 10:17:21;625035bee612a77bf7ffb15a;14.99;1.104;PEIXE CARA TILAPIA KG;6250495b01649e0e87e161fe
640c008e334846151fe59f91;2023-01-05 19:10:34;625035bee612a77bf7ffb15a;3.49;1.0;BISCOITO COOKIES NESTLE NESFIT INTEGRAL CACAU E AVELA SC 60G;625049640a6afc0e8799ec01
640be57a4f5cde4ae9352794;2022-12-06 07:44:14;625035bee612a77bf7ffb15a;0.99;2.0;ESPONJA BETTANIN BRILHUS MULTIUSO DUPLA FACE SC;6250495d14297a0e8766eeae
640bc66a5664876925ed94f7;2022-11-01 19:42:08;625035bee612a77bf7ffb15a;3.69;5.0;ARROZ BRANCO PANELACO SC 1KG;6250497f6c50d20e87f04b88
640c17524fdc792af42989bd;2023-01-31 18:48:03;625035bee612a77bf7ffb15a;10.49;3.0;OVOS EMAPE BRANCO EXTRA BDJ 20X1;6250496d2005170e878367c4
640bd31b9e1c1115fee39396;2022-11-16 21:43:03;625035bee612a77bf7ffb15a;7.79;1.0;CAFE SANTA CLARA VACUO PREMIUM SC 250G;6250495c0d00b80e87a66409
640bd5d7a0d50c20d05f24a8;2022-11-19 17:20:55;625035bee612a77bf7ffb15a;1.19;1.0;BEBIDA LACTEA ITAMBE ITAMBEZINHO UHT CHOC TP 200ML;636ed324f55453013a06d770
640c10356808bb02a944dd15;2023-01-23 19:21:41;625035bee612a77bf7ffb15a;2.69;1.0;BISCOITO RECHEADO RICHESTER AMORI MORANGO PC 125G;62a72ebbc8f7814c1f8c4008
640c1104f33909056361cf52;2023-01-24 20:48:04;625035bee612a77bf7ffb15a;1.79;1.0;CHOCOLATE GAROTO BATON DUO BRANCO AO LEITE SC 16G;6250495c618dac0e8704c46c
640beb53164c255b753528fb;2022-12-13 13:58:56;625035bee612a77bf7ffb15a;11.99;2.0;OVOS TIJUCA BRANCO EXTRA BDJ 20X1;62b3049ade566e7c4cd2798d
640bdecb57a22a3a3b22dea1;2022-11-28 16:17:32;625035bee612a77bf7ffb15a;3.99;1.0;CHOCOLATE WAFER RICHESTER AMORI CHOCOWAFER BRANCO SC 100,8G;6250496b21f9240e8769ee32
640c03586c7ac11cf8abbd26;2023-01-08 08:01:00;625035bee612a77bf7ffb15a;5.49;1.0;CHA BARAO DE COTEGIPE CAMOMILA CX 13G;6250495cd375fc0e871f0f14
640bd8d8df2d3329b8797e6c;2022-11-23 13:19:07;625035bee612a77bf7ffb15a;1.99;1.0;PASTILHA HALLS MENTA 28G;6250496412886b0e87156b90
640bcbca25a2737c6f8cbb5b;2022-11-07 11:48:54;625035bee612a77bf7ffb15a;11.99;1.0;PROTETOR DIARIO INTIMUS ULTRA FLEXIVEL S ABAS SC LV40 PG30;62504970fa220c0e8765c259
640bfc5632945a098fcc78b0;2022-12-31 09:50:52;625035bee612a77bf7ffb15a;5.99;1.0;BATATA PALHA YOKI EXTRA FINA HOT DOG SC 100G;62504969bb58fc0e87c43008
640bf3065c469c6fab97d08b;2022-12-22 10:08:10;625035bee612a77bf7ffb15a;4.29;10.0;CERVEJA BUDWEISER LAGER LONG NECK GF 330ML;625049640907610e876548a8
640c07869581db2891ca00f2;2023-01-13 20:56:42;625035bee612a77bf7ffb15a;10.99;1.0;PAO VISCONTI INTEGRAL FORMA PC 400G;62504965bb84ae0e879fac72
640c164e4bbc0528043b3a36;2023-01-30 16:52:43;625035bee612a77bf7ffb15a;4.49;1.0;PIMENTA NATUVIDA MOIDA PT 30G;62504969bb94340e8738f15d
640c0296f126b01a5bc8ed60;2023-01-07 19:28:30;625035bee612a77bf7ffb15a;26.99;1.0;LEITE EM PO ITAMBE INTEGRAL SC 800G;6250495ed9d9a50e873b5c13
640bfc577e271c098fe95bf2;2022-12-31 09:58:27;625035bee612a77bf7ffb15a;18.49;0.865;MACA NACIONAL KG;6250495bf443ab0e8763f185
640bf082922be268aa0a26d4;2022-12-19 10:00:25;625035bee612a77bf7ffb15a;2.99;0.945;BANANA PRATA KG;6250495b591e3e0e87d73d29
640c0e8dc157d77cb50f9c80;2023-01-21 14:10:50;625035bee612a77bf7ffb15a;4.69;43.0;LEITE UHT JAGUARIBE INTEGRAL TP 1LT;6250495efa52b70e872a6843
640be049df90653e55130d32;2022-11-30 08:31:34;625035bee612a77bf7ffb15a;5.49;1.0;PAO RABELO HAMBURGUER PC 400G;6250495fda9f130e876c92dc
640bd166aae9f4120c84f03f;2022-11-14 17:25:33;625035bee612a77bf7ffb15a;6.49;1.0;SABAO EM PO URCA MAXX ORIGINAL SC 1KG;6250495fdb85450e8786ff05
640bded193caa73a3b9ba309;2022-11-28 19:06:40;625035bee612a77bf7ffb15a;10.99;1.0;ALCOOL LIQUIDO SANTA CRUZ TRADICIONAL 46 INPM GF 1LT;6337d16e7f1cf61adaf70e85
640c174a6f7fd72af4da0315;2023-01-31 17:09:44;625035bee612a77bf7ffb15a;2.99;3.0;IOGURTE ISIS FRUTISIS BICAMADA POL INTEG MORAN CP 150G;6250495ef17bb90e875c6335
640c0d77118bc86ca4e78fe5;2023-01-20 20:09:18;625035bee612a77bf7ffb15a;3.49;1.0;SALGADINHO ELMA CHIPS FANDAGOS PRESUNTO SC 45G;6250496caba33f0e875c059b
640bd5de55481e20d005b357;2022-11-19 19:06:55;625035bee612a77bf7ffb15a;12.99;1.0;MINGAU NESTLE MUCILON MULTICEREAIS SC 600G;625049613a8f130e875354bd
640c11cbe29bdb087f494884;2023-01-25 18:50:43;625035bee612a77bf7ffb15a;34.99;1.0;SHAMPOO OX BS 375ML + CONDICIONADOR PLANTS BS 170ML;6250498227f2460e878b450f
640be4b8142a5d48ad2279b9;2022-12-05 16:04:03;625035bee612a77bf7ffb15a;8.99;1.0;PAPEL HIGIENICO FLORAL NEUTRO PC 30MT LV12 PG11;6250496380ddfe0e871f99fa
640be3f54ae3f546b20482d1;2022-12-04 11:38:47;625035bee612a77bf7ffb15a;1.59;1.0;REFRIGERANTE KUAT GUARANA GF 250ML;625049619187850e87e375c6
640be9d346fca856c3aa78dd;2022-12-11 10:45:47;625035bee612a77bf7ffb15a;49.99;0.218;QUEIJO COALHO FP LATICINIO FATIADO KG;6250495b6e8dad0e87213381
640c102fe77d4e02a9f70857;2023-01-23 17:17:36;625035bee612a77bf7ffb15a;28.99;0.292;MORTADELA SEARA BOLOGNA DEFUMADA FATIADA KG;6250495a2683d20e87886e14
640bec09669cf25d40efe092;2022-12-14 08:22:59;625035bee612a77bf7ffb15a;16.49;0.148;PAO  COCO KG;62cfed9ed4d9ef767328547d
640c15add00484255ecf9f41;2023-01-29 09:06:06;625035bee612a77bf7ffb15a;3.79;2.0;CHOCOLATE WAFER LACTA BIS XTRA AO LEITE SC 45G;625049617248940e8760e0ef
640be71401d6364f16d5ebc9;2022-12-08 11:29:49;625035bee612a77bf7ffb15a;4.99;0.72;BATATA INGLESA KG;6250495b468da50e87b28476
640c13642ca743140ec5ca26;2023-01-27 09:16:24;625035bee612a77bf7ffb15a;8.49;1.0;GOMA FRESCA KUME SC 1KG;625049803188010e878665c7
640bedd2abdf5461d5b03914;2022-12-16 14:46:42;625035bee612a77bf7ffb15a;3.99;1.0;GELEIA DE MOTOCO STELLA DORO NATURAL CP 180G;6321cca09067417361aec545
640bca48183840780727afdd;2022-11-05 19:55:25;625035bee612a77bf7ffb15a;34.99;0.406;QUEIJO MUSSARELA BETANIA FATIADO KG;6250495be8244a0e878464d4
640bf0806019de68aabddbc5;2022-12-19 08:36:48;625035bee612a77bf7ffb15a;1.69;1.0;BEBIDA LACTEA ITAMBE ITAMBEZINHO UHT CHOC TP 200ML;636ed324f55453013a06d770
640bdec92532553a3b13ffe4;2022-11-28 15:02:46;625035bee612a77bf7ffb15a;2.99;1.0;LAVA LOUCAS YPE NEUTRO GF 500ML;6250495d6aa3350e8788d912
640c15a7c41a76255e58ae83;2023-01-29 07:31:51;625035bee612a77bf7ffb15a;6.99;0.2;PIMENTAO VERDE KG;6250495bca7a350e8741b903
640bdca6ed251633efa1ebd0;2022-11-26 15:22:11;625035bee612a77bf7ffb15a;4.29;1.0;MILHO DE PIPOCA KIMIMO PULA PULA SC 500G;625049709a327f0e87bc75ee
640bf6d91276ed79b7b3cd09;2022-12-26 19:05:40;625035bee612a77bf7ffb15a;4.99;1.0;BISCOITO CRACKER PIRAQUE SALGADO ORIGINAL PC 138G;6250496b7579170e8758dc6c
640bf583042c4b767d3064c8;2022-12-24 09:42:34;625035bee612a77bf7ffb15a;8.99;0.245;CEBOLA BRANCA KG;6250495bad4f820e87177f0e
640bff9c4241c212715c3e9e;2023-01-04 09:11:34;625035bee612a77bf7ffb15a;1.59;3.0;REFRIGERANTE SPRITE LIMAO GF 250ML;6250497fc311c30e87b404b4
640bc83184e0a372937675f4;2022-11-03 07:28:03;625035bee612a77bf7ffb15a;4.49;1.0;BALA DORI GOMETS GOMAS SORTIDAS SC 70G;6250495e45963c0e87ac11ca
640c127f09f5bb0d5ee4ad57;2023-01-26 12:06:58;625035bee612a77bf7ffb15a;32.99;1.016;QUEIJO COALHO FP LATICINIO FATIADO KG;6250495b6e8dad0e87213381
640c094a2351512d8ea890f6;2023-01-15 10:24:54;625035bee612a77bf7ffb15a;3.29;12.0;CERVEJA BRAHMA DUPLO MALTE LA 350ML;625049678a0adc0e8701b4e9
640bcc8702e9967ea4a45b8c;2022-11-08 18:16:03;625035bee612a77bf7ffb15a;4.59;1.0;ESPONJA SANTA MARIA ESFRELUX MULTIUSO SC LV4 PG3;6250496595eeb50e87f259df
640bc83950234d72930b134d;2022-11-03 12:43:29;625035bee612a77bf7ffb15a;5.59;1.0;SALGADINHO ELMA CHIPS DORITOS QUEIJO NACHO SC 45G;633ec692571265557784926d
640bea918ae7bf593ef6369e;2022-12-12 17:53:58;625035bee612a77bf7ffb15a;4.49;1.0;UVA VITORIA NOVIM BDJ 500G;6250496d3673410e87ce9d30
640bea971ff766593e37620a;2022-12-12 19:34:24;625035bee612a77bf7ffb15a;7.99;1.0;PAPEL TOALHA SNOB BRANCA PC 60 FLS 2X1;6250495fc964400e87768bde
640befc698c207669b118061;2022-12-18 10:41:16;625035bee612a77bf7ffb15a;4.99;2.0;SARDINHA GOMES DA COSTA C OLEO COMESTIVEL LA 125G;6250496029045d0e877f792b
640bd3cba70d5b17e02bed03;2022-11-17 09:01:23;625035bee612a77bf7ffb15a;11.99;1.0;OVOS EMAPE BRANCO EXTRA BDJ 20X1;6250496d2005170e878367c4
640bd4c48ea23a1bb0c0a5b7;2022-11-18 20:19:05;625035bee612a77bf7ffb15a;3.29;1.0;AGUA DE COCO RIO VALE RESFRIADA CP 300ML;6250496981cdbd0e87deb880
640bf07edd3e6868aa94c18a;2022-12-19 07:39:53;625035bee612a77bf7ffb15a;1.79;5.0;BISCOITO RECHEADO RICHESTER ESCURETO PC 71,2G;62a72ebb8f703e4c1fe07daf
640bfddc5a74890d6be9eb19;2023-01-02 18:36:34;625035bee612a77bf7ffb15a;2.49;1.0;ALFACE UN;6250497d03a3700e87f8db5b
640bffbb4843c8127146bfca;2023-01-04 21:40:52;625035bee612a77bf7ffb15a;3.39;2.0;IOGURTE ISIS SEMIDESN NATURAL CP 150G;62504962b3085a0e87c6a09b
640bcfd2444d930b90608dc9;2022-11-12 19:07:26;625035bee612a77bf7ffb15a;1.89;1.0;BISCOITO RECHEADO RICHESTER AMORI CHOCOLATE PC 125G;62a72eca0d1e524c1ff255c7
640be31ab3e3c7448e8e2b79;2022-12-03 14:44:21;625035bee612a77bf7ffb15a;10.99;1.0;ACHOCOLATADO EM PO 3 CORACOES CHOCOLATTO SC 560G;6250496f6c98850e87235cdb
640c016e9e436417ef0eaef3;2023-01-06 09:47:48;625035bee612a77bf7ffb15a;4.79;1.0;SABAO EM PO ALA 5 EM 1 CUIDADO DE COCO SC 500G;62504963586b2e0e871865ee
640c102069522a02a93481fa;2023-01-23 07:41:56;625035bee612a77bf7ffb15a;4.29;1.0;SABONETE PROTEX CREAM SC 85G;62504963e4cd390e87c98a06
640bf09428f6b968aa21cf3e;2022-12-19 19:51:05;625035bee612a77bf7ffb15a;7.99;1.0;BISCOITO MARIA FORTALEZA ORIGINAL PC 350G;62a72e361d6d634c1f5ef630
640bfae5d7bf7305b6f7902d;2022-12-30 15:37:39;625035bee612a77bf7ffb15a;24.9;0.43;PRESUNTO SEARA PERU FATIADO KG;6250495a1f3ebe0e87438c79
640c13803755e6140e9184ae;2023-01-27 18:11:28;625035bee612a77bf7ffb15a;19.99;1.0;FRALDA TURMA DA MONICA BABY RECEM NASCIDO SC 18X1;6250496b1977d80e87456684
640bd0a11109a81068fdc3b2;2022-11-13 10:08:26;625035bee612a77bf7ffb15a;8.79;1.0;GOMA FRESCA NOSSA GOMA SC 1KG;62504961fcf5440e87214cef
640c0274e1434c1a5bcea3d4;2023-01-07 08:31:50;625035bee612a77bf7ffb15a;5.99;2.0;BEBIDA LACTEA ISIS POL MORANGO SC 900G;6250495eac86950e87c7d135
640be710b03ca34f1648bc72;2022-12-08 09:09:13;625035bee612a77bf7ffb15a;6.99;1.0;CEREAL NESTLE NESCAU RADICAL SC 120G;6250495caa9c790e877fb581
640bfade2d058505b6e0ce41;2022-12-30 12:55:14;625035bee612a77bf7ffb15a;8.49;0.435;TOMATE KG;6250495befd4f30e8754e347
640bdc99b34f9f33ef99f634;2022-11-26 11:57:50;625035bee612a77bf7ffb15a;3.95;1.0;BISCOITO CREAM CRACKER FORTALEZA LEGITIMO PC 350G;625049702e1bf90e87c8dfd2
640c15abf2d008255efa2be6;2023-01-29 08:30:48;625035bee612a77bf7ffb15a;3.29;1.0;HORTELA UN;6250495b6d1dea0e87f4e1df
640bd4a7974fe61bb0c8b266;2022-11-18 07:41:11;625035bee612a77bf7ffb15a;3.79;1.0;DUETO FUGINI MILHO VERDE E ERVILHA CROCANTE LA 170G;62504967754d290e870d100d
640c04ff7fdb2b217836a55d;2023-01-10 18:08:07;625035bee612a77bf7ffb15a;17.99;0.46;PESSEGO NACIONAL KG;6250495a92a7820e87614a1b
640c11c1a46557087fc086ee;2023-01-25 12:56:51;625035bee612a77bf7ffb15a;2.99;3.0;CREME CULINARIO TRIANGULO MINEIRO MISTURA DE LEITE TP 200G;62504963b27df70e876532f6
640bf31d05c9f46fabdc983f;2022-12-22 19:06:55;625035bee612a77bf7ffb15a;29.99;0.355;KIWI IMPORTADO KG;6250495b4c12b40e87ee7ce3
640bcc8702e9967ea4a45b8c;2022-11-08 18:16:03;625035bee612a77bf7ffb15a;8.99;1.0;ESPONJA BELLIZ RICCA PRADA BANHO P REF 301;6250497e374f660e87abb4a4
640beee4e8931c64a77d8244;2022-12-17 12:19:20;625035bee612a77bf7ffb15a;22.99;1.0;GELEIA HOMEMADE GOURMET PIMENTA VERMELHA PT 320G;625049682bd79b0e8776f140
640bea839e011a593e06c9e9;2022-12-12 08:20:58;625035bee612a77bf7ffb15a;2.59;1.0;ERVILHA FUGINI EM CONSERVA SC 170G;6250496d6a95260e879dbcc0
640bffb78516c2127106ffec;2023-01-04 19:47:57;625035bee612a77bf7ffb15a;3.69;1.0;BOLACHA RABELO FOLHADA PC 180G;6250495c3b3bd30e87a1ae14
640bf892ef52557e8937fd81;2022-12-28 11:05:39;625035bee612a77bf7ffb15a;4.79;1.0;LIMPADOR MULTIUSO CIF + ANTIBAC GF 500ML GTS 15%;6321cc9f6717127361df27f6
640c0887d5c5462b8fa82778;2023-01-14 19:02:32;625035bee612a77bf7ffb15a;6.49;1.0;REFRIGERANTE PEPSI COLA GF 2LT;6250495f1a26830e87a378fa
640bf3003100de6fab31b0b0;2022-12-22 07:42:03;625035bee612a77bf7ffb15a;12.99;1.0;DESODORANTE AEROSOL DOVE ORIGINAL 48H 150ML;625049622e7ee50e872076a6
640bd5d5f9688e20d085d747;2022-11-19 16:56:03;625035bee612a77bf7ffb15a;11.99;1.0;OVOS EMAPE BRANCO EXTRA BDJ 20X1;6250496d2005170e878367c4
640c04ed1874752178ac8d6c;2023-01-10 07:48:38;625035bee612a77bf7ffb15a;14.99;0.206;PAO  KG;6250495a0a398c0e87675e61
640c0a06bc00b82fbc6dde43;2023-01-16 16:38:39;625035bee612a77bf7ffb15a;4.39;3.0;ARROZ PARBOILIZADO ITAGUARY SC 1KG;63eec2f82242603c7550ce16
640c128a6c2dc60d5ecfdf98;2023-01-26 19:00:49;625035bee612a77bf7ffb15a;13.99;1.0;POLPA DE FRUTA KIPOLPAS MARACUJA SC 500G ;6250495f2512d40e8763f046
640bf79e8954d27c1094cd4b;2022-12-27 10:56:38;625035bee612a77bf7ffb15a;8.99;1.0;DESODORANTE AEROSOL ABOVE WOMEN FRESH 48H 150ML;62504963ebcb1b0e87581a1b
640bd16804ef71120c6eaef6;2022-11-14 18:05:52;625035bee612a77bf7ffb15a;9.99;1.0;AMACIANTE DE ROUPAS DOWNY CONC BRISA DE VERAO SC 400ML;625049666b0cee0e877bdac1
640bf424a537d772a41a2c5b;2022-12-23 13:35:25;625035bee612a77bf7ffb15a;10.99;1.0;ALHO ROXO PERBONI SELECT PC 200G;632714801bf82f2538a5ff15
640bf15ca8d8b56affca1e4f;2022-12-20 19:36:41;625035bee612a77bf7ffb15a;6.99;41.78;BATATA INGLESA KG;6250495b468da50e87b28476
640bca49d50fc17807f9e4ca;2022-11-05 20:10:05;625035bee612a77bf7ffb15a;4.49;1.0;MOLHO SHOYU SAKURA AJI NO SHOYU GF 150ML;6250495e64b8070e87e058c1
640bec21a1a1945d4055cb8b;2022-12-14 21:34:13;625035bee612a77bf7ffb15a;3.19;3.0;BOMBOM DE CHOCOLATE GAROTO CARIBE COM BANANA SC 28G;62a72e39e4555b4c1f81ed15
640bf8abf747ad7e89e86302;2022-12-28 20:07:50;625035bee612a77bf7ffb15a;1.99;1.0;BISCOITO WAFER ESTRELA CHOCOLATE PC 80G;6250496d5010f40e87dd0a4a
640be8fda855de548ad7d5ca;2022-12-10 16:01:03;625035bee612a77bf7ffb15a;7.99;1.0;CAFE SANTA CLARA VACUO PREMIUM SC 250G;6250495c0d00b80e87a66409
640c068ca391ec25ffd4abcc;2023-01-12 11:08:57;625035bee612a77bf7ffb15a;2.99;2.974;LARANJA KG;6250495b10dcbf0e87d93203
640c164df11c75280483136c;2023-01-30 16:21:51;625035bee612a77bf7ffb15a;1.59;4.0;MACARRAO INSTANTANEO FORTALEZA LAMEN GALINHA CAIPIR SC 74,3G;6250496853e4100e87b96bf1
640c0f689f63467f6b47357c;2023-01-22 10:06:46;625035bee612a77bf7ffb15a;8.49;0.32;TOMATE KG;6250495befd4f30e8754e347
640bd5d0072a2620d06589cb;2022-11-19 15:05:19;625035bee612a77bf7ffb15a;4.99;1.0;SABAO EM PO BRILHANTE CUIDADO TOTAL SC 400G;6250496607d48d0e8792ac31
640bf31050cf166fab48bf7b;2022-12-22 14:20:47;625035bee612a77bf7ffb15a;25.99;0.464;LINGUICA SEARA CALABRESA KG;6250495ac47cf20e87b1aed2
640c07764e17362891af5f14;2023-01-13 15:29:11;625035bee612a77bf7ffb15a;4.29;5.0;SABAO EM PO MINUANO MAXIMA PERFUMACAO SC 400G;639960ddee2e746a516ef936
640bcb151d9fe27a724e51a0;2022-11-06 12:05:30;625035bee612a77bf7ffb15a;2.79;0.24;CENOURA KG;6250495bc359040e870e593b
640be30c14dd49448e2b136a;2022-12-03 09:59:17;625035bee612a77bf7ffb15a;4.99;1.0;CHOCOLATE EM BARRA NESTLE KIT KAT BRANCO SC 41,5G ;62b5898ff4e3975cd7c2c0b4
640bd4a89f62a81bb03ca16a;2022-11-18 08:31:19;625035bee612a77bf7ffb15a;6.29;1.0;FEIJAO CORDA SUPER TOZZO 1KG;62a72e55ae7d554c1f784e45
640bffa3a6e69e1271355936;2023-01-04 11:31:16;625035bee612a77bf7ffb15a;5.99;1.0;DESINFETANTE MEU LAR FLORAL GF 2LT;625049616ed2c10e877900ae
640c0e97ebe9907cb529737a;2023-01-21 17:37:13;625035bee612a77bf7ffb15a;5.19;1.0;EMPANADO SEARA STEAK DE FRANGO PRESUNTO E QUEIJO SC 110G;639960dd6eaaa16a51dfacad
640bf7a520f1067c10ca7b8b;2022-12-27 16:13:56;625035bee612a77bf7ffb15a;2.49;1.0;ALFACE UN;6250497d03a3700e87f8db5b
640bcb0c730eb77a7218b96e;2022-11-06 09:45:40;625035bee612a77bf7ffb15a;2.69;3.0;CERVEJA BOHEMIA PURO MALTE LA 350ML;6250495cc827c50e877afd74
640c036752c4fd1cf8cb8796;2023-01-08 11:52:17;625035bee612a77bf7ffb15a;3.79;1.0;MILHO DE PIPOCA KICALDO SC 500G;62504961f77e530e8755a167
640bcd46cca947016f406e1b;2022-11-09 19:43:09;625035bee612a77bf7ffb15a;6.99;0.29;PIMENTAO VERDE KG;6250495bca7a350e8741b903
640bd822b1dcde278032287b;2022-11-22 13:06:56;625035bee612a77bf7ffb15a;34.99;0.208;PRESUNTO SADIA PERU FATIADO KG;6250495b6e1edb0e871d11d9
640bcfcab8afd50b90da5ae1;2022-11-12 17:00:10;625035bee612a77bf7ffb15a;1.89;1.0;BISCOITO RECHEADO RICHESTER AMORI CHOCOLATE PC 125G;62a72eca0d1e524c1ff255c7
640bc90cb1d8cd759041c001;2022-11-04 07:54:10;625035bee612a77bf7ffb15a;14.99;0.248;PAO  KG;6250495a0a398c0e87675e61
640bcb0c384d927a72b12eb9;2022-11-06 09:42:28;625035bee612a77bf7ffb15a;1.59;1.0;MACARRAO INSTANTANEO FORTALEZA LAMEN GALINHA CAIPIR SC 74,3G;6250496853e4100e87b96bf1
640bd9931e21072bb1acd669;2022-11-24 11:54:08;625035bee612a77bf7ffb15a;5.49;1.0;CHOCOLATE EM BARRA HERSHEYS AO LEITE SC 92G;62f8cab75e78f06c2cc4ce32
640c027aac69f81a5b02dc60;2023-01-07 10:06:14;625035bee612a77bf7ffb15a;6.99;0.45;CEBOLA BRANCA KG;6250495bad4f820e87177f0e
640bea817a4746593ec65f53;2022-12-12 07:10:27;625035bee612a77bf7ffb15a;3.69;1.715;BATATA INGLESA KG;6250495b468da50e87b28476
640bf14b99a7796affee44e4;2022-12-20 08:56:00;625035bee612a77bf7ffb15a;16.99;0.5;MACA NACIONAL KG;6250495bf443ab0e8763f185
640bf08db2b7c568aa256627;2022-12-19 17:53:04;625035bee612a77bf7ffb15a;3.99;1.0;MILHO VERDE ODERICH EM CONSERVA LA 200G;62504961ac5b920e87c447d9
640c15bd79ed21255edccb55;2023-01-29 11:55:58;625035bee612a77bf7ffb15a;6.99;1.0;SABONETE DOVE ORIGINAL CX 90G;6250495f914b630e8701651c
640bf08a4cb4d868aa07897b;2022-12-19 16:24:00;625035bee612a77bf7ffb15a;3.59;1.0;IOGURTE NESTLE GREGO INTEG TORTA MORAN PT 90G;6250497f44ea560e871efcf6
640c15c014f3cb255e94fa48;2023-01-29 12:33:55;625035bee612a77bf7ffb15a;9.49;1.0;BEBIDA LACTEA BETANIA YOBEM BANANA TP 250G;6304b90388bebf7a541fd7c2
640be32814f64a448e55445e;2022-12-03 19:27:13;625035bee612a77bf7ffb15a;10.99;3.0;OVOS TIJUCA BRANCO EXTRA BDJ 20X1;62b3049ade566e7c4cd2798d
640befc2fa4bfd669b056e59;2022-12-18 09:52:11;625035bee612a77bf7ffb15a;3.19;1.0;CALDO EM TABLET MAGGI GALINHA CX 114G 12X1;62504963676b3e0e87a52e7a
640c05be9a9233238405b990;2023-01-11 10:56:55;625035bee612a77bf7ffb15a;4.49;2.0;CAFE KIMIMO FORTE E ENCORPADO SOLUVEL SC 50G;6250495cd4ad710e8736b33f
640bf2223b76fe6cec4bc882;2022-12-21 16:07:10;625035bee612a77bf7ffb15a;3.69;8.0;CERVEJA SPATEN MUNICH PURO MALTE LA 350ML;6250496d983b6e0e87bd2541
640bdae08395482f1d287c11;2022-11-25 10:47:03;625035bee612a77bf7ffb15a;0.99;1.0;PALITO DE DENTE PARANA CX 100X1;6250495fdb2b4e0e87f9e9f1
640beddbad55c261d5db6d24;2022-12-16 18:27:30;625035bee612a77bf7ffb15a;16.99;1.0;SUCO PANIZZON TINTO INTEGRAL DE UVA GF 1,5LT;6250496f12492c0e87777d9e
640c016cfda07417ef31226a;2023-01-06 08:55:16;625035bee612a77bf7ffb15a;3.99;1.0;CREME DE LEITE ITAMBE TRAD TP 200G;6250495d17bf250e8794d585
640bd5de3a532720d0e06379;2022-11-19 19:11:40;625035bee612a77bf7ffb15a;5.49;1.0;TEMPERO EM PO SAZON NORDESTE SC 60G 12X1;62504960ba47870e87e0d966
640bc65d5d5fe46925e4b53a;2022-11-01 15:21:01;625035bee612a77bf7ffb15a;12.99;1.0;CORTE DE FRANGO SADIA SOBRECOXA CORTES MENORES BDJ 1KG  ;6250496f6454fb0e87915747
640bfec7dc94730ff528597b;2023-01-03 17:53:42;625035bee612a77bf7ffb15a;8.99;1.0;BALA FINI FRUTIE GELATINAS FRUTAS VERMELHAS SC 70G;62504969f81f560e873728cc
640bd6bc5500d9240a404f96;2022-11-20 11:24:31;625035bee612a77bf7ffb15a;0.99;1.0;REFRESCO FRISCO MARACUJA SC 25G;6250495fe278b30e878899b1
640beeff73535c64a77b401b;2022-12-17 21:57:10;625035bee612a77bf7ffb15a;8.99;1.0;REFRIGERANTE COCA COLA ZERO GF 2LT;6250495fa3c0460e878d35ac
640be65bde024d4cc01e2447;2022-12-07 18:47:53;625035bee612a77bf7ffb15a;3.99;1.0;ESPONJA BRILHEX MULTIUSO DUPLA FACE SC LV4 PG3;62a72e734f51ae4c1f264ded
640c137798f848140e04d38e;2023-01-27 16:25:26;625035bee612a77bf7ffb15a;7.49;0.785;CENOURA KG;6250495bc359040e870e593b
640c0789bb0f0b2891c211f2;2023-01-13 22:25:41;625035bee612a77bf7ffb15a;2.99;0.805;LARANJA KG;6250495b10dcbf0e87d93203
640bec15223a605d401a52b3;2022-12-14 16:56:38;625035bee612a77bf7ffb15a;6.99;1.0;AGUA MINERAL APODI NATURAL GF 20LT;6250495bb32d540e875df736
640bf433af89ae72a472dc07;2022-12-23 18:10:38;625035bee612a77bf7ffb15a;4.19;1.0;SALAME SADIA SALAMITOS POCKET SC 36G;6250496114487e0e870a7d19
640be31ba2bb3f448e3f4768;2022-12-03 14:56:47;625035bee612a77bf7ffb15a;1.79;1.0;PEDRA SANITARIA SANY EUCALIPTO CX 25G;6250496a01c05e0e87808f72
640c14d4ea46e51d7e4f5074;2023-01-28 21:25:41;625035bee612a77bf7ffb15a;3.79;1.0;BISCOITO SORTIDO FORTALEZA POPULAR SORTIDO DOCE PC 400G;6250495ce7f34d0e8702a57b
640beefa02c04464a709b4a1;2022-12-17 19:49:29;625035bee612a77bf7ffb15a;2.39;1.0;MACARRAO INSTANTANEO NISSIN TURMA DA MONICA TOMATE SC 85G;62504982514c8e0e8727fceb
640bf9a2b944b002b10f7fe3;2022-12-29 07:31:51;625035bee612a77bf7ffb15a;2.0;1.0;BROACA DONA TAPIOQUEIRA UN;6250495be0f36e0e875793d6
640bd5e05909b920d09255bc;2022-11-19 19:30:28;625035bee612a77bf7ffb15a;11.49;1.0;IOGURTE ISIS POL SEMIDESN BAN COM MACA GF 900G;625049636d93420e87173877
640bd6bfbf6d27240a3679aa;2022-11-20 12:03:47;625035bee612a77bf7ffb15a;26.99;1.0;AMACIANTE DE ROUPAS DOWNY PERFUME CONC SENSITIVE GF 900ML;6250496a7595190e874da749
640be57c147e494ae9b26c4b;2022-12-06 09:11:33;625035bee612a77bf7ffb15a;7.49;1.0;ALCOOL LIQUIDO SANTA CRUZ TRADICIONAL 46 INPM GF 500ML;6250497d5d46bb0e871ad17a
640bcde9ec97f403b15f469a;2022-11-10 11:01:13;625035bee612a77bf7ffb15a;28.99;1.0;MANTEIGA MARANGUAPE COM SAL PT 500G;6250495e3d4cff0e87d78d9b
640bd5e22d731220d0506661;2022-11-19 19:57:39;625035bee612a77bf7ffb15a;16.99;1.0;INSETICIDA AEROSOL RAID MULTI INSETOS 420ML LV&PG;6250496695b47d0e8759b152
640be9c6a84ae656c3373c85;2022-12-11 07:04:23;625035bee612a77bf7ffb15a;5.99;1.0;LEITE UHT ITAMBE INTEGRAL TRADICIONAL TP 1LT;6337d16f352a4d1ada157c38
640beb4e334c3b5b75a19b3d;2022-12-13 10:27:49;625035bee612a77bf7ffb15a;3.19;1.0;VINAGRE REGINA ALCOOL AROMATIZADO MACA GF 500ML;6250497fa38fe40e87042c9e
640bd76dcdf21325fdcdb4ae;2022-11-21 14:17:14;625035bee612a77bf7ffb15a;18.99;0.194;ALHO A GRANEL KG ;6250495b8e39270e87dd3afb
640be6526cf12b4cc08aa404;2022-12-07 12:30:27;625035bee612a77bf7ffb15a;4.49;5.0;ARROZ PARBOILIZADO VO OLIMPIO SC 1KG;6250496795ab1d0e8701c4ac
640bf228d18f9c6cec98b746;2022-12-21 18:23:17;625035bee612a77bf7ffb15a;22.99;1.0;SHAMPOO CLEAR ANTICASPA MEN LIMPEZA DIARIA 2 EM 1 BS 200ML;62504960dd543f0e876431a2
640bdec1c90ac63a3b725fbe;2022-11-28 09:49:39;625035bee612a77bf7ffb15a;8.49;1.0;REFRIGERANTE ANTARCTICA GUARANA ZERO GF 2LT;6250495f63b80c0e8715c3b9
640c0ba74fed894087437e07;2023-01-18 18:04:21;625035bee612a77bf7ffb15a;4.99;1.0;MISTURA LACTEA NESTLE MOCA CONDENSADA TP 395G;62a741e19a8221713dcce7db
640c0ba6e52d954087890ebb;2023-01-18 17:57:51;625035bee612a77bf7ffb15a;18.49;0.32;MACA NACIONAL KG;6250495bf443ab0e8763f185
640be71ee160e24f16ece02a;2022-12-08 18:53:50;625035bee612a77bf7ffb15a;14.99;0.22;PAO  KG;6250495a0a398c0e87675e61
640be9d5206e9b56c38f055f;2022-12-11 11:17:31;625035bee612a77bf7ffb15a;4.49;1.0;BISCOITO RECHEADO PIRAQUE MALTADO COBERTO PC 80G;62504968a2df550e875244dd
640be9d7f810b656c320e4bc;2022-12-11 11:40:06;625035bee612a77bf7ffb15a;26.99;2.0;CORTE DE FRANGO SADIA FILEZINHO DE PEITO BDJ 1KG;6250495de3e5e10e8746addf
640c009037ca3c151fbf6a47;2023-01-05 19:41:37;625035bee612a77bf7ffb15a;20.99;1.0;FARELO DE AVEIA ASTER SEM GLUTEN SC 200G;62504967c26a790e8714f04c
640beb5fb6c36e5b7505f973;2022-12-13 20:14:27;625035bee612a77bf7ffb15a;3.29;2.0;MACARRAO CORACAO NORDESTINO SEMOLA ESPAGUETE SC 400G;6250496fffc28c0e87e6b2b3
640bfafef57bda05b6f353a1;2022-12-30 21:19:48;625035bee612a77bf7ffb15a;32.9;0.19;QUEIJO COALHO NILTON FATIADO KG;6250495b3317f00e87de6509
640bec2246b57b5d40b939a5;2022-12-14 21:39:07;625035bee612a77bf7ffb15a;3.49;1.0;BATATA FRITA ELMA CHIPS RUFFLES ORIGINAL SC 40G;637fa381eca23d0d783f69a3
640befcbd43396669b53d542;2022-12-18 11:53:20;625035bee612a77bf7ffb15a;2.39;1.0;SUCO DEL VALLE KAPO UVA TP 200ML;6250497f9769fc0e8732a851
640be7fb91ffda51a45a7ddc;2022-12-09 18:12:45;625035bee612a77bf7ffb15a;4.99;1.0;MINGAU MAIZENA ARROZINA TRADICIONAL CX 180G;625049688069360e879e2fb0
640c15bbe6cc5a255e6e55c7;2023-01-29 11:29:14;625035bee612a77bf7ffb15a;3.99;1.0;BISCOITO CREAM CRACKER MARILAN ESPECIAL PC 350G;6250496bb5ff170e87420d72
640c164e873b0c2804530b4f;2023-01-30 16:58:40;625035bee612a77bf7ffb15a;9.49;1.0;BEBIDA LACTEA BETANIA YOBEM CHOCOLATE TP 250G;6304b9033a3ad77a54de9973
640beee0b0c53e64a792e613;2022-12-17 11:07:29;625035bee612a77bf7ffb15a;3.99;1.0;GELEIA DE MOTOCO STELLA DORO TUTTI FRUTTI CP 180G;6321cd1d87e9b2736132bd8c
640be12dabdfcb407188ff62;2022-12-01 19:32:00;625035bee612a77bf7ffb15a;19.99;1.0;CAFE SANTA CLARA VACUO PREMIUM SC 500G;6250495c3e77060e87e3ce67
640bd8e085ef7a29b8738f11;2022-11-23 19:45:25;625035bee612a77bf7ffb15a;2.99;1.0;MACARRAO INSTANTANEO NISSIN TALHARIM CARNE COM TOMATE SC 99G;6250495e6226b70e87d76c08
640c0b981c6a8940870316f0;2023-01-18 10:34:51;625035bee612a77bf7ffb15a;7.39;1.0;AGUA SANITARIA QBOA MULTIPLO USO CLORO ATIV GF 2LT;6250495b0949fd0e87c14d76
640bedca31882c61d5d994bc;2022-12-16 10:26:53;625035bee612a77bf7ffb15a;9.99;1.0;LIMPADOR PERFUMADO UAU LAVANDA E CONFORTO GF LV1LT PG800ML;625049620480300e87b60603
640c0a01ce5b022fbcd82f7c;2023-01-16 12:19:46;625035bee612a77bf7ffb15a;5.49;0.5;CENOURA KG;6250495bc359040e870e593b
640c0c85a334235f7090d53f;2023-01-19 19:16:26;625035bee612a77bf7ffb15a;8.49;0.205;TOMATE KG;6250495befd4f30e8754e347
640c0adb6bedbe31f8e7e6eb;2023-01-17 19:15:37;625035bee612a77bf7ffb15a;27.99;0.225;ALHO A GRANEL KG ;6250495b8e39270e87dd3afb
640bf3147f30bc6fab33b1c0;2022-12-22 16:58:52;625035bee612a77bf7ffb15a;12.99;1.0;DESODORANTE AEROSOL DOVE ORIGINAL 48H 150ML;625049622e7ee50e872076a6
640bf15565f22f6aff0fa539;2022-12-20 16:55:26;625035bee612a77bf7ffb15a;5.29;1.0;SABONETE PALMOLIVE OLEO NUTRITIVO CAMELIA E AMENDOAS SC 150G;625049620333460e87c6da76
640be3e9e2f06946b20ad862;2022-12-04 08:51:15;625035bee612a77bf7ffb15a;39.99;1.008;CARNE DE SOL KG;6250495b5faa780e87238f32
640c094fa0e0642d8ebd8260;2023-01-15 11:31:53;625035bee612a77bf7ffb15a;1.39;4.0;BEBIDA LACTEA BETANIA UHT BETAKIDS CHOC TP 200ML;6250497db1994f0e87f5fe6d
640be1170f93d44071e337cf;2022-12-01 08:08:03;625035bee612a77bf7ffb15a;2.99;4.0;BISCOITO RECHEADO RICHESTER ANIMADOS ZOO COBERTURA PC 40G;6250495c92ebc10e87de37a0
640bd31403271215febc059a;2022-11-16 18:52:01;625035bee612a77bf7ffb15a;4.99;1.0;BISCOITO TORTINHA RICHESTER AMORI MORANGO PC 140G;6250496806e3440e8773c3bd
640befc9bc36a0669b7293d7;2022-12-18 11:24:29;625035bee612a77bf7ffb15a;5.99;2.0;LEITE CONDENSADO BETANIA SEMIDESNATADO TP 395G;6250495ed7b9fc0e87c63c21
640c0e90d00aad7cb5ea3e17;2023-01-21 15:28:38;625035bee612a77bf7ffb15a;14.99;0.43;PAO  KG;6250495a0a398c0e87675e61
640c14cc0e8f801d7edd729b;2023-01-28 19:31:01;625035bee612a77bf7ffb15a;3.99;0.96;CEBOLA BRANCA KG;6250495bad4f820e87177f0e
640c088c17ac8b2b8fc39e65;2023-01-14 20:41:00;625035bee612a77bf7ffb15a;99.99;1.0;WHISKY WHITE HORSE GF 1LT;625049604dad710e87c8a399
640bf22e2db3586cec4cf01b;2022-12-21 20:46:21;625035bee612a77bf7ffb15a;14.99;0.75;CEBOLA BRANCA KG;6250495bad4f820e87177f0e
640bf6ccee567279b70df168;2022-12-26 11:07:16;625035bee612a77bf7ffb15a;42.99;1.0;OLEO CAPILAR ELSEVE EXTRAORDINARIO FLORES PRECIOSAS BS 100ML;62f1bd2051e2bf49534719aa
640bc8321dfb62729366d801;2022-11-03 08:01:03;625035bee612a77bf7ffb15a;2.19;1.0;CALDO EM TABLET MAGGI GALINHA CX 57G 6X1;62504963bac0dc0e87361e6e
640be04b64d3d93e5550650c;2022-11-30 09:28:17;625035bee612a77bf7ffb15a;15.99;0.38;COSTELA SUINA SALGADA KG;6250495a4082730e87a6e349
640bd3d938aadf17e00f4e5f;2022-11-17 18:12:00;625035bee612a77bf7ffb15a;5.49;1.0;BISCOITO SALGADO LIANE TRADICIONAL PC 90G;62504966a18ac70e8701df20
640c0e906116d77cb54d6290;2023-01-21 15:38:39;625035bee612a77bf7ffb15a;4.89;0.87;BATATA DOCE KG;6250495b20af2b0e87f023e6
640bdb0067457f2f1d179426;2022-11-25 18:04:32;625035bee612a77bf7ffb15a;8.99;1.0;ACHOCOLATADO EM PO GAROTO SC 600G;625049808b1ceb0e87753018
640beb5fdce1ba5b75832966;2022-12-13 20:17:24;625035bee612a77bf7ffb15a;19.99;0.454;SALSICHA PERDIGAO KG ;6250495bf297ab0e8796dc93
640c11c1799726087f8b2ef4;2023-01-25 12:26:50;625035bee612a77bf7ffb15a;9.99;2.088;SALSICHA REZENDE KG;6250495b28a5e10e87eb64bf
640bf590196d5a767d5a3cbc;2022-12-24 11:49:41;625035bee612a77bf7ffb15a;5.49;1.0;LIMPADOR PERFUMADO UAU LAVANDA E CONFORTO GF 500ML;6250495ed566a80e870c80fd
640be05190faca3e559cf94a;2022-11-30 13:59:22;625035bee612a77bf7ffb15a;6.99;1.0;PAPEL HIGIENICO LE BLANC FOLHA DUPLA NEUTRO PC 30MT 4X1;6321cc9a48c7757361a29eb2
640bcb1990f58d7a727a26c7;2022-11-06 14:03:36;625035bee612a77bf7ffb15a;1.75;2.0;BISCOITO RECHEADO RICHESTER AMORI CHOCOLATE PC 125G;62a72eca0d1e524c1ff255c7
640bcfb524429b0b90a46c7c;2022-11-12 09:43:39;625035bee612a77bf7ffb15a;2.99;2.0;CREME DE LEITE ITAMBE TRAD TP 200G;6250495d17bf250e8794d585
640c103a8dca8902a96a474f;2023-01-23 20:47:59;625035bee612a77bf7ffb15a;4.49;1.0;MOLHO SHOYU SAKURA TRADICIONAL GF 150ML;6250497ec1d69a0e872ad00a
640bdb024c7d7d2f1d9995c0;2022-11-25 18:25:08;625035bee612a77bf7ffb15a;3.99;1.0;CREME DENTAL SORRISO DENTES BRANCOS CX 120G;6250496ccd61b60e87fa798e
640bcfae383dc60b90b75d26;2022-11-12 07:19:13;625035bee612a77bf7ffb15a;1.89;1.0;BISCOITO RECHEADO RICHESTER AMORI MORANGO PC 125G;62a72ebbc8f7814c1f8c4008
640c0f734411797f6b43e875;2023-01-22 13:25:13;625035bee612a77bf7ffb15a;9.99;1.0;MORTADELA SEARA CONFIANCA MISTA MINI SC 1KG;6250498046a9db0e8784e639
640c14c29916901d7e1ec602;2023-01-28 17:17:39;625035bee612a77bf7ffb15a;5.19;1.0;LEITE CONDENSADO BETANIA SEMIDESNATADO TP 395G;6250495ed7b9fc0e87c63c21
640be0504e594b3e55f92803;2022-11-30 12:56:12;625035bee612a77bf7ffb15a;1.99;4.0;BISCOITO RECHEADO RICHESTER ESCURETO PC 125G;62a741e0801f05713d8756af
640c0b9b57a18b4087ee73a1;2023-01-18 11:33:31;625035bee612a77bf7ffb15a;0.99;1.0;ESPONJA LIMPABELA MULTIUSO DUPLA FACE SC;6250495d3cf3120e879124b5
640beb597f32ce5b75032816;2022-12-13 18:24:32;625035bee612a77bf7ffb15a;11.49;1.0;CREME DENTAL COLGATE TOTAL 12 SAUDE VISIVEL CX 70G;6250496323df140e8721203b
640c0b972c41764087534f45;2023-01-18 10:13:55;625035bee612a77bf7ffb15a;15.99;1.0;SUCO DEL VALLE INTEGRAL DE UVA GF 1LT;6250497f6b2ed30e87fb7176
640bdeca0970db3a3b0cb703;2022-11-28 15:19:38;625035bee612a77bf7ffb15a;8.99;1.0;CHOCOLATE EM BARRA GAROTO TALENTO DARK 50% CAFE SC 75G;6250496bba43b00e875c683b
640bece84872a65f7a871db2;2022-12-15 17:08:59;625035bee612a77bf7ffb15a;16.99;1.0;HAMBURGUER PERDIGAO NA BRASA COSTELA BOVINA CX 300G;630df4c45bd73c5736a4f7e1
640c0e91c766667cb5dd5c15;2023-01-21 15:51:21;625035bee612a77bf7ffb15a;1.19;1.0;MACARRAO INSTANTANEO RICHESTER YOI CARNE SC 74,3G;62504968b6edaf0e874069e5
640bf6cfea69ba79b7469e93;2022-12-26 13:46:01;625035bee612a77bf7ffb15a;2.39;1.0;SUCO DEL VALLE KAPO UVA TP 200ML;6250497f9769fc0e8732a851
640c0d773a73fb6ca4739d39;2023-01-20 20:04:14;625035bee612a77bf7ffb15a;3.19;1.0;MOLHO DE TOMATE ARISCO TARANTELLA PIZZA SC 340G;6250495e2092400e87fae73e
640bfeb49ec6d50ff5f81ce7;2023-01-03 09:49:35;625035bee612a77bf7ffb15a;13.99;0.256;SALADA DE FRIOS  BDJ KG;6250497d95675b0e87dc9b01
640bd8d1bc027929b86d7fe5;2022-11-23 07:43:09;625035bee612a77bf7ffb15a;28.99;0.174;MORTADELA SEARA BOLOGNA DEFUMADA FATIADA KG;6250495a2683d20e87886e14
640bf218d0f5b26cece29b0f;2022-12-21 08:50:35;625035bee612a77bf7ffb15a;2.49;1.0;PEDRA SANITARIA DIA A DIA JASMIM CX 25G;6250495f253afa0e8718d72a
640c069c814ce925ff50a5dd;2023-01-12 19:34:04;625035bee612a77bf7ffb15a;14.99;0.202;PAO  KG;6250495a0a398c0e87675e61
640bd238c434391400db2392;2022-11-15 18:56:24;625035bee612a77bf7ffb15a;2.49;1.0;CHOCOLATE EM BARRA SNICKERS SC 45G;62504965ccf01a0e87050a4a
640c1387774ec0140e1b5604;2023-01-27 19:41:38;625035bee612a77bf7ffb15a;2.99;1.0;POLPA DE FRUTA MAIS POLPAS GOIABA SC 500G;62504966c528230e8792e398
640bd8d9d3b3b129b8f71ef3;2022-11-23 16:11:52;625035bee612a77bf7ffb15a;6.99;0.461;LANCHE REGINA GOSTOSINHA MISTO FATIADA KG;6250495b2abc8f0e877bf1b0
640bf5852930d4767d55f21e;2022-12-24 10:03:54;625035bee612a77bf7ffb15a;7.49;1.0;REFRIGERANTE COCA COLA GF 2LT;6250495f009be40e87ae07ca
640bcb17a5919c7a724c35db;2022-11-06 13:15:55;625035bee612a77bf7ffb15a;4.79;1.0;POLPA DE FRUTA MAIS POLPAS ABACAXI COM HORTELA SC 500G;62504966b2037c0e873a6bbf
640bff9fa24a3d1271ec772d;2023-01-04 09:49:58;625035bee612a77bf7ffb15a;7.49;1.0;COPO DESCARTAVEL MARATA 180ML SC 100X1;6250495d603df60e87546586
640bfc55990a74098fadde7d;2022-12-31 09:36:22;625035bee612a77bf7ffb15a;6.49;1.0;MARGARINA PRIMOR COM SAL PT 500G;6250495eb7c2570e87c8aa1b
640c028f4171e01a5bdb6e34;2023-01-07 17:35:05;625035bee612a77bf7ffb15a;5.99;1.0;MACARRAO FORTALEZA SEMOLA PARAFUSO SC 500G;6250495ea73fd10e87be51fb
640bf3217793d86fab55e96b;2022-12-22 20:14:05;625035bee612a77bf7ffb15a;5.79;2.0;FARINHA DE MANDIOCA GOSTOZZO AMARELA SC 1KG;625049704975710e87c98fc5
640bceb56087dd064ecf0e4f;2022-11-11 09:28:19;625035bee612a77bf7ffb15a;8.79;3.0;GOMA FRESCA NOSSA GOMA SC 1KG;62504961fcf5440e87214cef
640c0360110fce1cf88a1b3e;2023-01-08 10:08:15;625035bee612a77bf7ffb15a;3.39;1.0;CHEIRO VERDE PROCESSADO SC;6250495b66f1f10e87d6b01a
640bcfbc5b429c0b9016ae8e;2022-11-12 11:20:38;625035bee612a77bf7ffb15a;17.99;1.0;SABAO LIQUIDO OLA BEBE GF 500ML;6250495e3ff40b0e87b1a373
640bf096315df368aa2ca75e;2022-12-19 20:43:43;625035bee612a77bf7ffb15a;4.79;12.0;REFRIGERANTE PEPSI COLA GF 1LT;6250495fa490890e87a56801
640bcfb89358800b901e0a6f;2022-11-12 10:21:34;625035bee612a77bf7ffb15a;2.59;14.0;MACARRAO ESTRELA SEMOLA GOSTOSO ESPAGUETE SC 400G;6250497039edf50e87b3af43
640c0adee7288331f86295ab;2023-01-17 20:15:33;625035bee612a77bf7ffb15a;4.49;2.0;POLPA DE FRUTA MAIS POLPAS MANGA SC 500G;62504980f3b63a0e879cf9b7
640bec14568e0f5d40f67c62;2022-12-14 16:23:36;625035bee612a77bf7ffb15a;8.49;1.0;CAFE KIMIMO FORTE E ENCORPADO VACUO SC 250G;6250495c65d9f30e87d9feca
640be3eef1da5e46b2280985;2022-12-04 10:01:45;625035bee612a77bf7ffb15a;3.49;1.395;MAMAO FORMOSA KG;6250495b1a363f0e870bb47d
640beb60f5228d5b75197307;2022-12-13 20:49:17;625035bee612a77bf7ffb15a;5.19;1.0;BISCOITO CREAM CRACKER FORTALEZA TOSTADINHA PC 350G;62504968c6635f0e87aa92f8
640c0c867af66b5f7001c293;2023-01-19 19:24:01;625035bee612a77bf7ffb15a;9.99;1.0;DOCE POLY TAMBAU BANANADA PT 600G;62b5898e5151225cd73b934d
640bf9aed0130102b11994a1;2022-12-29 11:23:13;625035bee612a77bf7ffb15a;2.79;1.0;CREME DENTAL SORRISO T LIMPEZA COMPLETA WHITE CX 70G;625049619d426a0e8719fcec
640be32d1b160c448ef54ac8;2022-12-03 20:58:19;625035bee612a77bf7ffb15a;3.99;2.0;SABONETE PROTEX BALANCE SAUDAVEL SC 85G;62504963dfb5820e8726c584
640be9008dc813548adc2fe6;2022-12-10 17:03:46;625035bee612a77bf7ffb15a;4.49;1.0;POLPA DE FRUTA MAIS POLPAS MANGA SC 500G;62504980f3b63a0e879cf9b7
640c0952f7cf982d8e360557;2023-01-15 12:36:49;625035bee612a77bf7ffb15a;1.99;1.0;LAVA LOUCAS MINUANO COCO GF 500ML;6250495d8d437c0e87af8143
640bc74db785246d8084bcb5;2022-11-02 11:12:55;625035bee612a77bf7ffb15a;5.99;1.0;SUCO DEL VALLE FRUT UVA GF 1,5LT;6250496096b3320e872ac3db
640bfaeac722de05b6f344b5;2022-12-30 16:54:31;625035bee612a77bf7ffb15a;13.99;1.0;MINI PIZZA ALO PIZZA SC 550G;62a72eb2f09e574c1fec2f50
640be3f29713f846b2dc2748;2022-12-04 10:43:56;625035bee612a77bf7ffb15a;1.99;4.0;BISCOITO RECHEADO RICHESTER AMORI MORANGO PC 125G;62a72ebbc8f7814c1f8c4008
640bd2359254cf1400ffb32f;2022-11-15 17:45:21;625035bee612a77bf7ffb15a;16.99;1.0;CORTE DE FRANGO PERDIGAO FILEZINHO DE PEITO SASSAMI BDJ 1KG;6250495d36f5610e87a2742a
640bcec7f655d2064ecc206a;2022-11-11 18:06:01;625035bee612a77bf7ffb15a;1.59;1.0;REFRIGERANTE FANTA LARANJA GF 250ML;6250497facc7af0e8722f90b
640c0093439dc2151f811f2a;2023-01-05 20:31:04;625035bee612a77bf7ffb15a;14.99;0.455;CEBOLA BRANCA KG;6250495bad4f820e87177f0e
640bd82fc9da9a2780c96083;2022-11-22 21:51:38;625035bee612a77bf7ffb15a;15.99;1.0;CARNE DE CHARQUE PAINEIRA JERKED PONTA DE AGULHA SC 400G;62504969e39ab80e87d0ef40
640c018714f0bf17ef8b4a30;2023-01-06 18:55:55;625035bee612a77bf7ffb15a;2.49;1.0;ALFACE UN;6250497d03a3700e87f8db5b
640bd8d2f5b01629b8de885a;2022-11-23 07:51:51;625035bee612a77bf7ffb15a;29.99;0.158;UVA PASSA PRETA KG;6250495b0ae63c0e8758e4c6
640be1273e59b14071e1194b;2022-12-01 18:00:21;625035bee612a77bf7ffb15a;4.99;2.0;ACUCAR DEMERARA UNIAO SC 1KG;625049616e82650e87331001
640bdc7fa9f2dc33ef26f0df;2022-11-26 07:23:15;625035bee612a77bf7ffb15a;3.99;1.0;SABONETE LIQUIDO LIMPEBEM FRESCOR DO CAMPO GF 1LT;6250496c3c7b140e87feafd4
640bcdf56719e903b1dce238;2022-11-10 19:27:29;625035bee612a77bf7ffb15a;5.69;1.0;APARELHO DE BARBEAR BIC ACQUA3 CR 2X1;6250495bd2ef350e873109f4
640c0e88f745947cb5e433aa;2023-01-21 12:37:46;625035bee612a77bf7ffb15a;5.99;0.79;CEBOLA BRANCA KG;6250495bad4f820e87177f0e
640c035ed5e76b1cf85cf82a;2023-01-08 09:36:34;625035bee612a77bf7ffb15a;2.99;1.0;CHEIRO VERDE UN;6250495bc94d120e87cc3181
640be0603c72a73e556252c0;2022-11-30 21:11:34;625035bee612a77bf7ffb15a;3.99;1.0;CHOCOLATE WAFER RICHESTER AMORI CHOCOWAFER ORIG SC 100,8G;6250496bbe383c0e87f7d58b
640be66183a7584cc07f5525;2022-12-07 21:08:42;625035bee612a77bf7ffb15a;14.99;1.0;AVEIA QUAKER FLOCOS FINOS SC 450G;6250496a82c90e0e870106ed
640bd167c7bb0d120c69d9db;2022-11-14 17:53:30;625035bee612a77bf7ffb15a;1.79;1.0;BISCOITO RECHEADO RICHESTER ESCURETO PC 71,2G;62a72ebb8f703e4c1fe07daf
640bd9901b8cd52bb1ca0035;2022-11-24 09:49:58;625035bee612a77bf7ffb15a;2.89;1.0;LAVA LOUCAS MINUANO NEUTRO GF 500ML;6250495d42c1320e87588ff6
640c035657c0761cf85efb8f;2023-01-08 07:28:25;625035bee612a77bf7ffb15a;1.59;1.0;MOLHO DE TOMATE FUGINI TRADICIONAL SC 300G;6250495ebd89cf0e879d957e
640bdf88043c483c2b93f24b;2022-11-29 09:10:07;625035bee612a77bf7ffb15a;14.99;1.0;CREME PARA PENTEAR ELSEVE REP TOTAL 5 COMBATE BS 250ML;6250495d7595480e87eed4a8
640bf8a30e62f27e896be6f0;2022-12-28 18:14:19;625035bee612a77bf7ffb15a;9.99;2.0;OVOS EMAPE BRANCO EXTRA BDJ 20X1;6250496d2005170e878367c4
640bcb10e1a4de7a723091cc;2022-11-06 11:02:38;625035bee612a77bf7ffb15a;4.29;4.0;BISCOITO CREAM CRACKER FORTALEZA LEGITIMO PC 350G;625049702e1bf90e87c8dfd2
640bca30dac8c078075771bf;2022-11-05 12:46:34;625035bee612a77bf7ffb15a;3.99;1.0;BISCOITO CREAM CRACKER MARILAN ESPECIAL PC 350G;6250496bb5ff170e87420d72
640bedd10c44a161d5c33e15;2022-12-16 14:24:40;625035bee612a77bf7ffb15a;1.99;2.0;MOLHO DE TOMATE FUGINI TRADICIONAL SC 300G;6250495ebd89cf0e879d957e
640c0e7590ce777cb5ebceeb;2023-01-21 07:48:16;625035bee612a77bf7ffb15a;8.69;1.0;OLEO DE SOJA SOYA GF 900ML;6250495ebd25ed0e8742ab1c
640c05d0c3aa7623843c3ae0;2023-01-11 20:29:28;625035bee612a77bf7ffb15a;4.99;1.0;LUSTRA MOVEIS PEROBA FLORES DO CAMPO BS 100ML;62504961858c530e87cbf215
640bd777f9600a25fd758b00;2022-11-21 19:39:08;625035bee612a77bf7ffb15a;20.99;0.956;CORTE DE FRANGO TICA DO FRANGO PEITO BDJ KG;6250495bc83e7a0e8775b8c1
640beb54a58f2e5b75efe79e;2022-12-13 14:57:27;625035bee612a77bf7ffb15a;9.99;1.0;DESODORANTE AEROSOL MONANGE FRUTAS VERMELHAS 48H 150ML;6250496498a4060e873f195b
640be3045bc151448e8a3352;2022-12-03 07:28:24;625035bee612a77bf7ffb15a;14.99;0.358;PAO  KG;6250495a0a398c0e87675e61
640c0a06350c222fbcfa0bff;2023-01-16 16:32:37;625035bee612a77bf7ffb15a;2.29;0.74;LIMAO TAITI KG;6250495b65eadd0e87b42929
640be0536d97713e55b2b335;2022-11-30 15:48:26;625035bee612a77bf7ffb15a;5.49;1.0;AMACIANTE DE ROUPAS YPE CONC ACONCHEGO SC 1LT;6337d174eca59a1ada751d3c
640c15be76ca67255e9daa59;2023-01-29 12:14:43;625035bee612a77bf7ffb15a;8.99;1.0;TIRA MANCHAS EM BARRA VANISH SUPER BARRA ORIG SC 75G;6250495fe29fae0e876917c4
640bedddaa3a2c61d5e040f1;2022-12-16 18:58:48;625035bee612a77bf7ffb15a;23.9;0.218;PRESUNTO SEARA PERU FATIADO KG;6250495a1f3ebe0e87438c79
640bf797bdceeb7c109cf2d6;2022-12-27 07:56:07;625035bee612a77bf7ffb15a;3.29;1.0;HORTELA UN;6250495b6d1dea0e87f4e1df
640c0184f5e56b17efd86df4;2023-01-06 18:10:43;625035bee612a77bf7ffb15a;16.49;1.0;ODORIZADOR AEROSOL GLADE LAVANDA 360ML GTS 20%;62504962a168110e873ff433
640bc6600718b069253299d3;2022-11-01 17:34:49;625035bee612a77bf7ffb15a;9.49;1.0;CAFE MELITTA VACUO TRADICIONAL SC 250G;6250495c3888640e87893c2e
640bd8dd8f3b6c29b8849fc0;2022-11-23 18:34:29;625035bee612a77bf7ffb15a;4.99;1.0;APARELHO DE BARBEAR BIC COMFORT3 SENSITIVE CR;625049618637810e87625cf4
640c0956d29e6e2d8eaebbf9;2023-01-15 15:05:51;625035bee612a77bf7ffb15a;1.19;1.0;MACARRAO INSTANTANEO RICHESTER YOI GALINHA SC 74,3G;625049682fea230e87dc3897
640beb56aa110c5b75970480;2022-12-13 17:04:59;625035bee612a77bf7ffb15a;6.99;2.0;CEREAL NESTLE MOCA FLAKES SC 120G;6250495ca243df0e878de79f
640c1369f798b3140ee36477;2023-01-27 10:19:47;625035bee612a77bf7ffb15a;7.49;1.0;AMACIANTE DE ROUPAS DOWNY CONC BRISA DE VERAO SC 400ML;625049666b0cee0e877bdac1
640be90307c82d548a53e0d8;2022-12-10 17:50:57;625035bee612a77bf7ffb15a;5.79;1.0;PAO BM REQUEIJAO PC 330G;62b5899124a3a65cd72b7e9d
640bfed17b4ca90ff578b571;2023-01-03 20:31:10;625035bee612a77bf7ffb15a;4.99;1.0;ABACAXI UN;625049606d308a0e87033050
640be7f609966051a42ffeed;2022-12-09 16:16:46;625035bee612a77bf7ffb15a;6.49;2.0;GELEIA DE MOCOTO DUCOPO NATURAL CP 180G;6250495d416ef40e87f132d2
640c128b2798e30d5e6260e6;2023-01-26 19:41:04;625035bee612a77bf7ffb15a;18.99;1.0;OVOS TIJUCA BRANCO MEDIO BDJ 30X1;62504961d14e030e8786cacc
640c09f98210682fbc914c28;2023-01-16 08:09:52;625035bee612a77bf7ffb15a;4.49;1.0;BISCOITO CREAM CRACKER FORTALEZA LEGITIMO PC 350G;625049702e1bf90e87c8dfd2
640c0f5e08c13b7f6bf5d1bb;2023-01-22 06:59:59;625035bee612a77bf7ffb15a;9.99;1.0;SHAMPOO SEDA COCRIACOES PRETOS LUMINOSOS BS 325ML;62504961f57a770e87b90871
640bfafe70f9b605b60eb4e1;2022-12-30 21:03:57;625035bee612a77bf7ffb15a;22.99;1.0;LEITE EM PO NESTLE MOLICO FIBRAS SEMIDESNATADO LA 260G;625049656a9c5c0e87b0c680
640bcbc8a47a407c6f67ded9;2022-11-07 10:15:19;625035bee612a77bf7ffb15a;12.49;1.0;OVOS EMAPE BRANCO GRANDE BDJ 20X1;62a72ea8d3fa694c1fb5bb7b
640bfad7644c4105b63ec89d;2022-12-30 10:58:13;625035bee612a77bf7ffb15a;6.99;1.295;MAMAO FORMOSA KG;6250495b1a363f0e870bb47d
640c041e8ad1c51f41da19ed;2023-01-09 10:28:30;625035bee612a77bf7ffb15a;6.99;1.0;FEIJAO FRADINHO KICALDO SC 1KG;62504970f9c7c30e87cc8235
640bd4ad1858bf1bb08502f9;2022-11-18 10:17:38;625035bee612a77bf7ffb15a;6.99;0.814;CEBOLA BRANCA KG;6250495bad4f820e87177f0e
640c05c0f4bddc238455585f;2023-01-11 11:49:35;625035bee612a77bf7ffb15a;2.79;1.0;SABONETE EVEN SUAVE EXTRATO DE FLORES E BURITI SC 85G;6250496560d6340e87ec6834
640be717572d814f162a0ae9;2022-12-08 13:54:14;625035bee612a77bf7ffb15a;1.99;1.0;BOLINHO BAUDUCCO CHOCOLATE COM BAUNILHA SC 40G;62f43a50da7cf75a3cefd5e6
640c0092c23f52151f9eaf44;2023-01-05 20:03:29;625035bee612a77bf7ffb15a;12.99;1.0;BOMBOM DE CHOCOLATE GAROTO SORTIDO CX 250G;625049666961da0e8705e750
640c10f36976d00563a7d044;2023-01-24 12:08:32;625035bee612a77bf7ffb15a;1.69;1.0;SAL ALTEZA IODADO REFINADO SC 1KG;6250495f76b0ff0e87dc313e
640bfc59b43d29098ffbf6bb;2022-12-31 10:16:27;625035bee612a77bf7ffb15a;9.49;1.0;REFRIGERANTE ANTARCTICA GUARANA GF 2,5L ;6250495fe05aab0e878a44df
640bd5d6652c1720d05e3e7d;2022-11-19 17:18:51;625035bee612a77bf7ffb15a;3.59;2.0;ARROZ PARBOILIZADO PANELACO SC 1KG;62504970d46d770e873fccaa
640bec125c85795d40c72a54;2022-12-14 14:05:24;625035bee612a77bf7ffb15a;9.99;1.0;BOMBOM DE CHOCOLATE GAROTO SORTIDO CX 250G;625049666961da0e8705e750
640c10fb8f8d3205630ea71b;2023-01-24 17:42:31;625035bee612a77bf7ffb15a;3.59;1.0;POLPA DE FRUTA MAIS POLPAS GOIABA SC 500G;62504966c528230e8792e398
640be64a9f26db4cc022e5ee;2022-12-07 07:51:47;625035bee612a77bf7ffb15a;16.99;1.532;GALINHA TICA DO FRANGO PE SECO KG;6250495abfa5d90e874b7f26
640bf6d94d367379b7b5cc11;2022-12-26 19:22:03;625035bee612a77bf7ffb15a;16.99;0.405;MACA NACIONAL KG;6250495bf443ab0e8763f185
640bd3cceec92317e0157518;2022-11-17 09:33:07;625035bee612a77bf7ffb15a;3.49;1.0;AGUA SANITARIA DRAGAO CLORO ATIV GF 2LT;625049635339b80e87d08e44
640c1659c68c9028047a64ab;2023-01-30 20:33:47;625035bee612a77bf7ffb15a;2.99;1.0;IOGURTE ISIS FRUTISIS BICAMADA POL INTEG MORAN CP 150G;6250495ef17bb90e875c6335
640c0d57a062e86ca4802c4f;2023-01-20 08:27:54;625035bee612a77bf7ffb15a;26.9;0.306;PRESUNTO SADIA PERU FATIADO KG;6250495b6e1edb0e871d11d9
640c1386d23f9c140efdf8da;2023-01-27 19:28:57;625035bee612a77bf7ffb15a;5.49;1.0;CREME DENTAL COLGATE MAX PROT ANTICARIES CX 180G;6250495da42bc80e879d0dea
640bcb0447d6207a727b961e;2022-11-06 07:21:26;625035bee612a77bf7ffb15a;3.89;1.0;ARROZ BRANCO PAI JOAO SC 1KG;62504963ffde6e0e877c7a7c
640bf30abc48ff6fab97d07a;2022-12-22 11:28:30;625035bee612a77bf7ffb15a;2.69;2.0;BISCOITO RECHEADO RICHESTER AMORI CHOCOLATE PC 125G;62a72eca0d1e524c1ff255c7
640bded148a7513a3b4cb1c4;2022-11-28 19:04:47;625035bee612a77bf7ffb15a;12.99;1.0;CONDICIONADOR SEDA BY RAYZA BABOSA + OLEOS BS 325ML;625049637db3f80e877423ac
640c0d7d740f566ca4975c6b;2023-01-20 21:57:10;625035bee612a77bf7ffb15a;3.79;1.0;BISCOITO SORTIDO FORTALEZA POPULAR FOFITOS LEITE PC 400G;6250497d35cda90e8738531b
640bfaf2717d5e05b6b59b7e;2022-12-30 18:29:56;625035bee612a77bf7ffb15a;7.99;1.0;REFRIGERANTE SPRITE LIMAO GF 2LT;6250495f589a7b0e87376fd1
640c09406be83c2d8e7fdf14;2023-01-15 07:41:37;625035bee612a77bf7ffb15a;10.99;0.352;MARACUJA KG;6250495bb97d4b0e8731ec01
640be12a9eacde4071852820;2022-12-01 19:01:21;625035bee612a77bf7ffb15a;19.99;1.0;PAPEL HIGIENICO VELUD FOLHA DUPLA NEUTRO PC 30MT LV12 PG11;625049635a95a50e8769c62b
640bd169834189120c7d9122;2022-11-14 18:39:22;625035bee612a77bf7ffb15a;3.49;1.0;ALFACE CRESPA HIDROPONICA UN;62523bc454962d4902f3c88c
640c10f214b1310563492829;2023-01-24 11:41:49;625035bee612a77bf7ffb15a;4.99;1.0;RAPADURA ENGENHO LEARENA BATIDA SC 400G ;62504961000a590e87126d08
640bd8211f29a327801569fd;2022-11-22 12:07:14;625035bee612a77bf7ffb15a;4.59;1.0;BISCOITO SORTIDO PETYAN COCO PC 400G;636ed3246fa23f013ab20beb
640c0279cd548d1a5b153355;2023-01-07 09:40:22;625035bee612a77bf7ffb15a;4.29;1.0;SABONETE PROTEX ERVA DOCE SC 85G;6250496362bd760e87691d11
640bc66732c12c6925550e86;2022-11-01 19:01:24;625035bee612a77bf7ffb15a;1.29;1.0;COLORIFICO EM PO KIMIMO SC 100G;6250495d2bcd330e87c67fde
640bd1575cf9f3120c36c112;2022-11-14 07:28:09;625035bee612a77bf7ffb15a;4.49;1.0;POLPA DE FRUTA MAIS POLPAS MANGA SC 500G;62504980f3b63a0e879cf9b7
640be3e705862c46b2eac7fa;2022-12-04 08:15:13;625035bee612a77bf7ffb15a;1.99;3.0;CREME CULINARIO DAMARE TP 200G;62a72ead4b8af94c1fdd4fbd
640c0363727f071cf8e7bf6a;2023-01-08 10:46:40;625035bee612a77bf7ffb15a;1.79;1.0;SABONETE ALBANY HIDRAT INTENSIVA SC 85G;625049647580a80e879b36ca
640bdec78af8d93a3b6155c5;2022-11-28 12:05:17;625035bee612a77bf7ffb15a;7.49;1.0;REFRIGERANTE COCA COLA GF 2LT;6250495f009be40e87ae07ca
640be4c143b07b48adabd51a;2022-12-05 21:28:16;625035bee612a77bf7ffb15a;4.49;1.0;ARROZ BRANCO CAMIL SC 1KG;62504982b931af0e87ead65a
640c05bb34c84a2384b5e579;2023-01-11 09:29:46;625035bee612a77bf7ffb15a;3.99;1.0;CREME DE LEITE BETANIA UHT SUPER CREMOSO TRAD TP 200G;6250495d3da6c10e872edeca
640c1023a9a97002a95392ba;2023-01-23 09:26:14;625035bee612a77bf7ffb15a;2.69;2.0;REFRIGERANTE PEPSI COLA ZERO LA 350ML;625049641c23f20e8762699e
640bec0f3fde8d5d40bffcbc;2022-12-14 11:13:27;625035bee612a77bf7ffb15a;20.99;0.716;CORTE DE FRANGO TICA DO FRANGO PEITO BDJ KG;6250495bc83e7a0e8775b8c1
640c04fc3b7e602178f37689;2023-01-10 17:07:49;625035bee612a77bf7ffb15a;3.69;1.0;BOLACHA KIPAO FOLHADA PC 200G;6250497f053dd60e873b75e1
640bd82e87b91027801035cf;2022-11-22 20:51:21;625035bee612a77bf7ffb15a;1.19;1.0;SALGADINHO SALSITO QUEIJO SC 32G;62504960b64a830e872ce231
640bf08b99833e68aa346bef;2022-12-19 16:49:15;625035bee612a77bf7ffb15a;4.59;1.0;BISCOITO SORTIDO PETYAN COCO PC 400G;636ed3246fa23f013ab20beb
640bc911e6c8f27590a89cb2;2022-11-04 10:10:21;625035bee612a77bf7ffb15a;14.99;1.0;CHIA ASTER EM GRAOS SC 120G;62504967a308810e87ac6061
640c11be939508087ff30077;2023-01-25 11:09:40;625035bee612a77bf7ffb15a;19.99;0.46;SALSICHA PERDIGAO KG ;6250495bf297ab0e8796dc93
640bfeb4e74fd60ff5e397de;2023-01-03 09:50:46;625035bee612a77bf7ffb15a;9.99;3.0;CAFE SANTA CLARA VACUO PREMIUM SC 250G;6250495c0d00b80e87a66409
640beb62baaf485b75d661b1;2022-12-13 21:58:04;625035bee612a77bf7ffb15a;3.79;0.12;PIMENTAO VERDE KG;6250495bca7a350e8741b903
640bcdf519488703b127440e;2022-11-10 19:45:04;625035bee612a77bf7ffb15a;9.99;1.0;SALGADINHO DICPAN BOLINHA DE CARNE DE SOL SC 240G;6250496894eaee0e87c3552b
640be59656f74a4ae923d645;2022-12-06 21:46:32;625035bee612a77bf7ffb15a;9.49;1.0;SALGADINHO PIPPOS PIZZA SC 200G;633691186582294f60417110
640bd16d7e267d120cac53e0;2022-11-14 20:11:33;625035bee612a77bf7ffb15a;7.99;1.0;CHOCOLATE EM BARRA NESTLE ALPINO AO LEITE E BRANCO SC 90G;62504965a862130e87b3a64a
640bfeb5649d7e0ff54d7738;2023-01-03 09:54:30;625035bee612a77bf7ffb15a;6.99;1.0;GENGIBRE NATUVIDA EM PO PT 25G;6250496aaf65060e8715eff6
640beee8b14db564a7751457;2022-12-17 14:14:12;625035bee612a77bf7ffb15a;2.99;2.0;IOGURTE ISIS FRUTISIS BICAMADA POL INTEG MORAN CP 150G;6250495ef17bb90e875c6335
640c164de4563428049f23c9;2023-01-30 16:34:52;625035bee612a77bf7ffb15a;1.99;1.0;MOLHO DE TOMATE FUGINI TRADICIONAL SC 300G;6250495ebd89cf0e879d957e
640be209df91814290b53729;2022-12-02 13:23:04;625035bee612a77bf7ffb15a;3.49;1.0;MISTURA DE CREME DE LEITE NESTLE TP 200G;62b5899187704c5cd706169c
640be3164910ed448e6c82bb;2022-12-03 12:54:05;625035bee612a77bf7ffb15a;0.99;1.0;REFRESCO FRISCO SALADA DE FRUTAS SC 25G;6250495bf855df0e87167122
640be652170ab94cc0b52e38;2022-12-07 12:33:39;625035bee612a77bf7ffb15a;4.29;1.0;ACUCAR CRISTAL SAMUKA SC 1KG;62504970a1b4990e87d991a8
640bdae39036c22f1dc2d10d;2022-11-25 11:22:31;625035bee612a77bf7ffb15a;8.85;1.0;DESODORANTE AEROSOL REXONA POWDER DRY 150ML;6250495ddeacf50e872254aa
